Wmi,schema_id
SCF,2225
SCF,2227
SCF,2231
SCF,2237
SCF,2238
SCF,2240
SCF,2705
SCF,10496
SCF,10504
SCF,10505
SCF,10506
SCF,10507
SCF,10508
SCF,10892
SCF,10894
SCF,10905
SCF,12402
SCF,12804
SCF,12815
SCF,12821
SCF,12824
SCF,12843
SCF,13934
SCF,16996
SCF,20012
SCF,20841
SCF,21888
SCF,23455
SCF,24147
SCF,25456
SCF,26350
SCF,26765
SCF,27023
SCF,27389
SCF,27469
SCF,27499
SCF,27500
SCF,27501
SCF,27502
SCF,27503
SCF,27504
SCF,27505
SCF,27567
SCF,27875
SCF,28021
SCF,28062
SCF,28482
SAJ,2598
SAJ,2649
SAJ,2658
SAJ,2661
SAJ,2667
SAJ,2673
SAJ,2702
SAJ,2708
SAJ,2719
SAJ,2743
SAJ,2747
SAJ,2752
SAJ,2754
SAJ,2761
SAJ,2764
SAJ,2767
SAJ,2779
SAJ,2812
SAJ,2816
SAJ,2819
SAJ,2846
SAJ,2859
SAJ,2870
SAJ,2879
SAJ,2889
SAJ,2893
SAJ,2904
SAJ,6861
SAJ,6864
SAJ,6867
SAJ,9760
SAJ,10487
SAJ,10488
SAJ,10852
SAJ,10865
SAJ,12215
SAJ,12245
SAJ,12248
SAJ,12255
SAJ,12258
SAJ,12260
SAJ,12262
SAJ,12656
SAJ,12760
SAJ,12764
SAJ,12765
SAJ,12766
SAJ,12769
SAJ,12770
SAJ,12773
SAJ,12778
SAJ,12781
SAJ,13945
SAJ,15208
SAJ,16652
SAJ,16655
SAJ,18189
SAJ,19748
SAJ,20059
SAJ,20178
SAJ,20256
SAJ,20693
SAJ,20712
SAJ,20769
SAJ,21762
SAJ,22059
SAJ,23172
SAJ,23575
SAJ,23897
SAJ,24290
SAJ,24944
SAJ,25308
SAJ,26564
SAJ,26565
SAL,2593
SAL,2594
SAL,2595
SAL,2597
SAL,2599
SAL,2613
SAL,2625
SAL,2676
SAL,2680
SAL,2683
SAL,2687
SAL,2711
SAL,2714
SAL,2716
SAL,2717
SAL,2728
SAL,2729
SAL,2733
SAL,2741
SAL,2757
SAL,2758
SAL,2774
SAL,2794
SAL,2803
SAL,2806
SAL,2807
SAL,2808
SAL,2827
SAL,2831
SAL,2832
SAL,2834
SAL,2836
SAL,2880
SAL,2881
SAL,2882
SAL,2884
SAL,2885
SAL,3048
SAL,9746
SAL,9748
SAL,9749
SAL,9750
SAL,9753
SAL,9757
SAL,9759
SAL,9765
SAL,9767
SAL,9770
SAL,9771
SAL,10489
SAL,10490
SAL,10491
SAL,10492
SAL,10494
SAL,10849
SAL,12438
SAL,12786
SAL,12792
SAL,12929
SAL,12944
SAL,16644
SAL,16849
SAL,16851
SAL,16854
SAL,16860
SAL,18519
SAL,19478
SAL,19792
SAL,20249
SAL,20250
SAL,20251
SAL,20252
SAL,20253
SAL,20254
SAL,20713
SAL,21063
SAL,21064
SAL,21128
SAL,21130
SAL,21183
SAL,21844
SAL,22060
SAL,22061
SAL,22104
SAL,22105
SAL,22196
SAL,22197
SAL,22299
SAL,22970
SAL,22975
SAL,23011
SAL,23012
SAL,23032
SAL,23272
SAL,23577
SAL,23723
SAL,23811
SAL,23812
SAL,23898
SAL,23899
SAL,24138
SAL,24293
SAL,24294
SAL,25251
SAL,25545
SAL,25549
SAL,25581
SAL,25905
SAL,26088
SAL,26089
SAL,26555
SAL,26825
SAL,26826
SAL,27011
SAL,27012
SAL,27173
SAL,27174
SAL,27651
SAL,27652
SAL,28121
SAL,28217
SAL,28277
SAL,28306
SAL,28328
5YJ,2226
5YJ,2234
5YJ,2480
5YJ,2482
5YJ,10484
5YJ,10486
5YJ,13230
5YJ,18371
5YJ,21055
5YJ,21276
5YJ,22771
5YJ,23639
5YJ,24748
5YJ,26238
5YJ,27438
5YJ,28296
546,12017
546,12019
546,12020
546,21022
546,21028
546,23952
546,28294
ZAM,2230
ZAM,2241
ZAM,10145
ZAM,10146
ZAM,10177
ZAM,10179
ZAM,10180
ZAM,10191
ZAM,10197
ZAM,10206
ZAM,10877
ZAM,16057
ZAM,16058
ZAM,16059
ZAM,20833
ZAM,20834
ZAM,20835
ZAM,21037
ZAM,21038
ZAM,21039
ZAM,21531
ZAM,21880
ZAM,21881
ZAM,23253
ZAM,23255
ZAM,23256
ZAM,24394
ZAM,24397
ZAM,24398
ZAM,25093
ZAM,25578
ZAM,25580
ZAM,26222
ZAM,27827
ZAM,27828
LAA,2232
LAA,2233
SCA,2236
SCA,2239
SCA,6477
SCA,6483
SCA,6487
SCA,10242
SCA,10246
SCA,10248
SCA,10250
SCA,10253
SCA,10254
SCA,10537
SCA,12763
SCA,12939
SCA,12940
SCA,15757
SCA,20048
SCA,20912
SCA,21381
SCA,22004
SCA,22005
SCA,22007
SCA,22008
SCA,22009
SCA,22010
SCA,22011
SCA,22013
SCA,22015
SCA,22016
SCA,22017
SCA,22018
SCA,22019
SCA,22020
SCA,22021
SCA,22121
SCA,23790
SCA,24770
SCA,25691
SCA,27100
SCA,28607
WDZ,2250
WDZ,2264
WDZ,3206
WDZ,3229
WDZ,5977
WDZ,6198
WDZ,6209
WDZ,10928
WDZ,12543
WDZ,18205
WDZ,20610
WCD,2250
WCD,2265
WCD,3191
WCD,3200
WCD,3216
WCD,3232
WCD,5992
WCD,6201
WCD,6209
WCD,10932
WCD,12549
WCD,20604
WCD,20605
WD4,2250
WD4,2266
WD4,3207
WD4,3222
WD4,5993
WD4,6202
WD4,6209
WD4,7579
WD4,10028
WD4,10923
WD4,12533
WD4,17225
WD4,17235
WD4,18206
WD4,20597
WD4,20611
WDR,2250
WDR,2267
WDR,3189
WDR,3217
WDR,3227
WDR,5994
WDR,6204
WDR,6209
WDR,10927
WDR,12542
WDR,20606
WDR,20607
WDR,20785
WD3,2250
WD3,2268
WD3,3204
WD3,3233
WD3,5997
WD3,6205
WD3,6209
WD3,10924
WD3,12540
WD3,17221
WD3,17231
WD3,18202
WD3,20596
WD3,20609
WDY,2250
WDY,2269
WDY,3188
WDY,3199
WDY,3215
WDY,3234
WDY,5998
WDY,6206
WDY,6209
WDY,10934
WDY,12553
WDY,20143
WDY,20601
WDY,20603
WDA,2250
WDA,2270
WDA,3203
WDA,3235
WDA,6004
WDA,6207
WDA,6209
WDA,10935
WDA,17236
WDA,18199
WDA,20598
WDA,20608
WDP,2250
WDP,2271
WDP,3187
WDP,3198
WDP,3213
WDP,3237
WDP,6003
WDP,6208
WDP,6209
WDP,10937
WDP,20599
WDP,20600
WDP,22592
1F9434,2248
WBA,2249
WBA,2446
WBA,2448
WBA,2461
WBA,2544
WBA,2553
WBA,2564
WBA,2837
WBA,2863
WBA,2891
WBA,2930
WBA,2975
WBA,3102
WBA,3148
WBA,5544
WBA,5611
WBA,5652
WBA,5723
WBA,5756
WBA,5815
WBA,5839
WBA,9943
WBA,9945
WBA,9999
WBA,12134
WBA,12137
WBA,12142
WBA,12146
WBA,12149
WBA,12151
WBA,12156
WBA,12157
WBA,12158
WBA,12159
WBA,12477
WBA,12508
WBA,13558
WBA,13563
WBA,13565
WBA,13569
WBA,17556
WBA,20395
WBA,21244
WBA,22345
WBA,23347
WBA,23981
WBA,24162
WBA,24345
WBA,25154
WBA,26530
WBA,26593
WBA,26595
WBA,27909
WBS,2253
WBS,2446
WBS,2455
WBS,2494
WBS,2565
WBS,2855
WBS,2883
WBS,2916
WBS,2920
WBS,2932
WBS,2986
WBS,3162
WBS,5558
WBS,5675
WBS,5725
WBS,5759
WBS,5828
WBS,5839
WBS,9948
WBS,9953
WBS,10010
WBS,12134
WBS,12156
WBS,12485
WBS,17563
WBS,20396
WBS,21245
WBS,21326
WBS,22346
WBS,23348
WBS,23981
WBS,24161
WBS,25145
WBS,26550
WBS,26594
WBS,26595
WBS,27904
WBX,2446
WBX,2448
WBX,2553
WBX,2837
WBX,2863
WBX,2908
WBX,2930
WBX,2975
WBX,3148
WBX,5815
WBX,10008
WBX,12488
WBX,12509
WBX,17565
WBX,20397
WBX,21247
WBX,22348
WBX,23476
WBX,23981
WBX,24160
WBX,25706
WBX,26595
WBX,27099
WBX,28273
4US,2446
4US,2890
4US,2915
4US,2982
4US,3161
4US,5549
4US,5607
4US,5671
4US,5785
4US,5829
4US,5839
4US,9950
1M9667,2254
5UX,2255
5UX,2446
5UX,2456
5UX,2486
5UX,2487
5UX,2489
5UX,2568
5UX,2861
5UX,2888
5UX,2919
5UX,2978
5UX,3159
5UX,5775
5UX,5831
5UX,5839
5UX,9952
5UX,10011
5UX,12489
5UX,17566
5UX,20398
5UX,21248
5UX,22349
5UX,23475
5UX,23981
5UX,24523
5UX,25150
5UX,26591
5UX,26595
5UX,27906
5YM,2259
5YM,2446
5YM,2458
5YM,2490
5YM,2492
5YM,2493
5YM,2569
5YM,10009
5YM,12491
5YM,17567
5YM,20399
5YM,21249
5YM,22350
5YM,23478
5YM,23981
5YM,24524
5YM,25151
5YM,26589
5YM,26595
5YM,27907
1H9333,2280
1H9333,18367
1H9333,19034
VF9795,2281
VF9795,16924
VF9795,20455
VF9795,21915
VF9795,25561
VF9795,27979
WB1,12096
WB1,12097
WB1,12098
WB1,12101
WB1,12102
WB1,12103
WB1,12106
WB1,12107
WB1,12108
WB1,12109
WB1,12111
WB1,12112
WB1,12113
WB1,12114
WB1,12115
WB1,12116
WB1,12117
WB1,12118
WB1,13918
WB1,13919
WB1,13920
WB1,13923
WB1,13924
WB1,13925
WB1,13926
WB1,13927
WB1,14213
WB1,15160
WB1,16673
WB1,20078
WB1,20703
WB1,21005
WB1,21026
WB1,22334
WB1,22336
WB1,23681
WB1,24435
WB1,24773
WB1,26442
WB1,27837
WB1,28461
WMW,2288
WMW,2336
WMW,2417
WMW,2423
WMW,2452
WMW,2611
WMW,2614
WMW,2618
WMW,2632
WMW,2648
WMW,2664
WMW,5520
WMW,5528
WMW,5787
WMW,5839
WMW,10522
WMW,11703
WMW,20071
WMW,20551
WMW,21942
WMW,21957
WMW,22954
WMW,24216
WMW,25152
WMW,26583
WMW,28349
1A9596,2289
1A9596,5355
1A9596,5358
1A9596,5359
1A9596,10603
1A9596,16836
1A9596,19043
1M9983,2290
4C9240,2291
1FA,2300
1FA,2745
1FA,2935
1FA,2937
1FA,2945
1FA,2946
1FA,3012
1FA,3014
1FA,3021
1FA,3251
1FA,3261
1FA,3397
1FA,3404
1FA,3512
1FA,3518
1FA,3617
1FA,3620
1FA,3651
1FA,3655
1FA,3657
1FA,3662
1FA,3709
1FA,3712
1FA,3714
1FA,3721
1FA,3766
1FA,3805
1FA,3806
1FA,3810
1FA,3813
1FA,5366
1FA,5525
1FA,5543
1FA,5942
1FA,5946
1FA,6007
1FA,6023
1FA,7298
1FA,7317
1FA,7319
1FA,7361
1FA,7374
1FA,7401
1FA,7563
1FA,7574
1FA,7578
1FA,7580
1FA,7581
1FA,7583
1FA,8667
1FA,9453
1FA,9455
1FA,9476
1FA,9481
1FA,9530
1FA,9531
1FA,9564
1FA,9565
1FA,9584
1FA,9606
1FA,9607
1FA,9627
1FA,9628
1FA,10314
1FA,10317
1FA,10318
1FA,10321
1FA,10323
1FA,10814
1FA,10816
1FA,12396
1FA,12399
1FA,12413
1FA,12598
1FA,12600
1FA,12616
1FA,12749
1FA,12753
1FA,12759
1FA,12817
1FA,12820
1FA,12846
1FA,12859
1FA,12869
1FA,12870
1FA,12893
1FA,13931
1FA,13943
1FA,13955
1FA,14007
1FA,14736
1FA,15151
1FA,15153
1FA,15154
1FA,15969
1FA,20317
1FA,20318
1FA,20686
1FA,21629
1FA,23650
1FA,23933
1FA,24687
1FA,25465
1FA,27327
1FA,28435
1LN,2296
1LN,2783
1LN,2955
1LN,2956
1LN,2957
1LN,3028
1LN,3262
1LN,3522
1LN,3665
1LN,3666
1LN,3722
1LN,3814
1LN,5366
1LN,5525
1LN,5543
1LN,6035
1LN,6054
1LN,7198
1LN,7391
1LN,7401
1LN,7409
1LN,7590
1LN,8667
1LN,9453
1LN,9455
1LN,9476
1LN,9481
1LN,9531
1LN,9564
1LN,9606
1LN,9607
1LN,9627
1LN,9628
1LN,10817
1LN,12598
1LN,12600
1LN,12616
1LN,12749
1LN,12753
1LN,12759
1LN,12817
1LN,12820
1LN,12846
1LN,12859
1LN,12869
1LN,12870
1LN,12893
1LN,13931
1LN,13943
1LN,13955
1LN,14007
1LN,14736
1LN,15156
1LN,20319
1LN,20738
1LN,23425
1LN,23427
1ME,2775
1ME,2780
1ME,2954
1ME,3032
1ME,3279
1ME,3418
1ME,5366
1ME,5525
1ME,5543
1ME,6059
1ME,7401
1ME,7460
1ME,7586
1ME,7587
1ME,8667
1ME,9453
1ME,9455
1ME,9476
1ME,9481
1ME,9530
1ME,9531
1ME,9564
1ME,9565
1ME,9586
1ME,9604
1ME,9605
1ME,9606
1ME,9607
1ME,9627
1ME,9628
1ME,12598
1ME,12600
1ME,12616
1ME,12749
1ME,12753
1ME,12759
1ME,12817
1ME,12820
1ME,12846
1ME,12859
1ME,12869
1ME,12870
1ME,12893
1ME,13931
1ME,13955
1ME,14007
1ME,14736
1ME,19512
1ZV,2301
1ZV,2760
1ZV,2938
1ZV,3020
1ZV,3258
1ZV,3401
1ZV,3515
1ZV,3619
1ZV,3661
1ZV,3720
1ZV,7401
1ZV,7563
1ZV,7574
1ZV,7578
1ZV,7580
1ZV,7581
1ZV,7583
1ZV,9531
1ZV,9564
1ZV,9584
1ZV,9603
1ZV,9606
1ZV,9607
1ZV,9627
1ZV,12598
1ZV,12600
1ZV,12616
1ZV,12749
1ZV,12753
1ZV,12759
1ZV,12817
1ZV,12820
1ZV,12846
1ZV,12859
1ZV,12869
1ZV,12870
1ZV,12893
1ZV,13931
1ZV,13955
1ZV,14007
1ZV,14736
1ZV,22082
2FA,2292
2FA,2770
2FA,2949
2FA,3011
2FA,3249
2FA,3395
2FA,3506
2FA,5366
2FA,5525
2FA,5543
2FA,5927
2FA,7295
2FA,7401
2FA,7563
2FA,7574
2FA,7578
2FA,7580
2FA,7581
2FA,7583
2FA,8667
2FA,9453
2FA,9455
2FA,9476
2FA,9481
2FA,9530
2FA,9531
2FA,9564
2FA,9565
2FA,9584
2FA,9606
2FA,9607
2FA,9627
2FA,9628
2FA,12412
2FA,12598
2FA,12600
2FA,12616
2FA,12749
2FA,12753
2FA,12759
2FA,12817
2FA,12820
2FA,12846
2FA,12859
2FA,12869
2FA,12870
2FA,12893
2FA,13931
2FA,13943
2FA,13955
2FA,14007
2FA,14736
2FA,15972
2FA,20316
2FA,21106
2FA,21627
2FA,23650
2FA,27743
2FA,28407
2LN,2304
2LN,3268
2LN,3412
2LN,3542
2ME,2305
2ME,2778
2ME,2952
2ME,3030
2ME,3273
2ME,3416
2ME,3544
2ME,5366
2ME,5525
2ME,5543
2ME,6056
2ME,7401
2ME,7415
2ME,8667
2ME,9453
2ME,9455
2ME,9476
2ME,9481
2ME,9530
2ME,9531
2ME,9564
2ME,9565
2ME,9586
2ME,9604
2ME,9605
2ME,9606
2ME,9607
2ME,9627
2ME,9628
2ME,12598
2ME,12600
2ME,12616
2ME,12749
2ME,12753
2ME,12759
2ME,12817
2ME,12820
2ME,12846
2ME,12859
2ME,12869
2ME,12870
2ME,12893
2ME,13931
2ME,13955
2ME,14007
2ME,14736
2ME,19512
3FA,2302
3FA,2769
3FA,2944
3FA,3017
3FA,3254
3FA,3400
3FA,3509
3FA,3514
3FA,3613
3FA,3618
3FA,3654
3FA,3657
3FA,3711
3FA,3714
3FA,3803
3FA,3806
3FA,5366
3FA,5525
3FA,5543
3FA,5942
3FA,6029
3FA,7298
3FA,7401
3FA,7563
3FA,7574
3FA,7578
3FA,7580
3FA,7581
3FA,7583
3FA,8667
3FA,9453
3FA,9455
3FA,9476
3FA,9481
3FA,9530
3FA,9531
3FA,9564
3FA,9565
3FA,9584
3FA,9606
3FA,9607
3FA,9627
3FA,9628
3FA,10315
3FA,10318
3FA,10814
3FA,12397
3FA,12598
3FA,12600
3FA,12616
3FA,12749
3FA,12753
3FA,12759
3FA,12817
3FA,12820
3FA,12846
3FA,12859
3FA,12869
3FA,12870
3FA,12893
3FA,13931
3FA,13943
3FA,13955
3FA,14007
3FA,14736
3FA,15152
3FA,15965
3FA,20314
3FA,20315
3FA,20737
3LN,2303
3LN,2958
3LN,3023
3LN,3266
3LN,3411
3LN,3523
3LN,3622
3LN,3668
3LN,3723
3LN,3815
3LN,10819
3LN,15170
3LN,20320
3LN,20739
3ME,2297
3ME,2950
3ME,3031
3ME,3274
3ME,3417
3ME,3545
3ME,5366
3ME,5525
3ME,5543
3ME,7401
3ME,7586
3ME,8667
3ME,9453
3ME,9455
3ME,9476
3ME,9481
3ME,9530
3ME,9531
3ME,9564
3ME,9565
3ME,9586
3ME,9604
3ME,9605
3ME,9606
3ME,9607
3ME,9627
3ME,9628
3ME,12598
3ME,12600
3ME,12616
3ME,12749
3ME,12753
3ME,12759
3ME,12817
3ME,12820
3ME,12846
3ME,12859
3ME,12869
3ME,12870
3ME,12893
3ME,13931
3ME,13955
3ME,14007
3ME,14736
1L9534,2293
4C9383,2294
2W9044,2295
2W9044,12070
2W9044,22169
2W9044,22170
2W9044,22171
2W9044,22172
2W9044,22173
2W9044,23543
2W9044,24623
2W9044,24629
2LJ,3594
2LJ,3639
2LJ,3699
2LJ,3761
2LJ,3857
2LJ,10595
2LJ,12456
2LJ,15200
2LJ,20339
2LJ,21002
2LJ,23433
2LJ,23435
2LJ,23437
2L1,3699
2L1,3761
2L1,3857
2L1,10595
2L1,12456
2L1,15200
2L1,20339
2L1,21003
2L1,23432
2L1,23434
2L1,23436
1FB,5474
1FB,5489
1FB,5525
1FB,7131
1FB,7137
1FB,7138
1FB,7436
1FB,7439
1FB,9455
1FB,9466
1FB,9468
1FB,9476
1FB,9501
1FB,9510
1FB,9511
1FB,9519
1FB,9531
1FB,9537
1FB,9542
1FB,9552
1FB,9564
1FB,9566
1FB,9567
1FB,9575
1FB,9578
1FB,9606
1FB,9607
1FB,9627
1FB,9629
1FB,9634
1FB,10352
1FB,11721
1FB,11990
1FB,11996
1FB,12208
1FB,12222
1FB,12231
1FB,12234
1FB,12235
1FB,12238
1FB,12240
1FB,12242
1FB,12452
1FB,12598
1FB,12632
1FB,12633
1FB,12725
1FB,12729
1FB,12753
1FB,12776
1FB,12777
1FB,12779
1FB,12780
1FB,12788
1FB,12789
1FB,12790
1FB,12791
1FB,12798
1FB,12800
1FB,12802
1FB,12806
1FB,12808
1FB,12809
1FB,14619
1FB,14620
1FB,14624
1FB,14626
1FB,14634
1FB,14653
1FB,14654
1FB,14655
1FB,14656
1FB,14662
1FB,14663
1FB,14664
1FB,14665
1FB,14666
1FB,14679
1FB,14680
1FB,14681
1FB,14683
1FB,14686
1FB,14687
1FB,14688
1FB,14689
1FB,14690
1FB,14708
1FB,14709
1FB,14711
1FB,14712
1FB,14728
1FB,14729
1FB,14730
1FB,14731
1FB,14732
1FB,14736
1FB,14752
1FB,14753
1FB,14754
1FB,14755
1FB,14756
1FB,14767
1FB,14768
1FB,14769
1FB,14770
1FB,16017
1FB,20336
1FB,21032
1FB,22292
1FB,22633
1FB,22635
1FB,22636
1FB,22642
1FB,22648
1FB,22654
1FB,22655
1FB,22656
1FB,22657
1FB,22670
1FB,22671
1FB,22732
1FB,22739
1FB,22740
1FB,22746
1FB,22747
1FB,22748
1FB,22756
1FB,22757
1FB,22759
1FB,22760
1FB,22762
1FB,22763
1FB,22766
1FB,22768
1FB,22798
1FB,23331
1FB,23335
1FB,23336
1FB,23337
1FB,23647
1FB,24322
1FB,26312
1FB,27646
1FB,28438
1FC,2991
1FC,3034
1FC,3280
1FC,3422
1FC,3818
1FC,5474
1FC,5489
1FC,5525
1FC,6500
1FC,6811
1FC,7131
1FC,7137
1FC,7138
1FC,7436
1FC,7439
1FC,7488
1FC,9455
1FC,9466
1FC,9468
1FC,9476
1FC,9499
1FC,9501
1FC,9503
1FC,9510
1FC,9511
1FC,9514
1FC,9519
1FC,9521
1FC,9531
1FC,9537
1FC,9542
1FC,9543
1FC,9552
1FC,9564
1FC,9566
1FC,9567
1FC,9575
1FC,9578
1FC,9606
1FC,9607
1FC,9627
1FC,9629
1FC,9634
1FC,9639
1FC,10325
1FC,10820
1FC,11984
1FC,11990
1FC,11996
1FC,12208
1FC,12222
1FC,12231
1FC,12234
1FC,12235
1FC,12238
1FC,12240
1FC,12242
1FC,12598
1FC,12629
1FC,12632
1FC,12725
1FC,12729
1FC,12753
1FC,12774
1FC,12776
1FC,12777
1FC,12779
1FC,12780
1FC,12787
1FC,12788
1FC,12789
1FC,12790
1FC,12791
1FC,12797
1FC,12798
1FC,12800
1FC,12801
1FC,12802
1FC,12805
1FC,12806
1FC,12808
1FC,12809
1FC,14442
1FC,14618
1FC,14619
1FC,14620
1FC,14623
1FC,14624
1FC,14626
1FC,14634
1FC,14652
1FC,14653
1FC,14654
1FC,14655
1FC,14656
1FC,14662
1FC,14663
1FC,14664
1FC,14665
1FC,14666
1FC,14679
1FC,14680
1FC,14681
1FC,14682
1FC,14683
1FC,14686
1FC,14687
1FC,14688
1FC,14689
1FC,14690
1FC,14708
1FC,14709
1FC,14710
1FC,14711
1FC,14712
1FC,14728
1FC,14729
1FC,14730
1FC,14731
1FC,14732
1FC,14736
1FC,14752
1FC,14753
1FC,14754
1FC,14755
1FC,14756
1FC,14767
1FC,14768
1FC,14769
1FC,14770
1FC,15173
1FC,15915
1FC,15916
1FC,15918
1FC,15919
1FC,20321
1FC,20714
1FC,21636
1FC,22574
1FC,22731
1FC,22733
1FC,22740
1FC,22746
1FC,22747
1FC,22748
1FC,22754
1FC,22757
1FC,22759
1FC,22760
1FC,22762
1FC,22763
1FC,22766
1FC,22768
1FC,22799
1FC,23831
1FC,24873
1FC,26360
1FC,27592
1FC,28791
SCC,2299
SCC,3209
SCC,3211
SCC,3212
SCC,3219
SCC,3585
SCC,3587
SCC,10869
SCC,11627
SCC,12528
SCC,12530
SCC,12570
SCC,12576
SCC,12603
SCC,12608
SCC,12613
SCC,12619
SCC,12620
SCC,13952
SCC,17430
SCC,20932
SCC,26357
SCC,27598
SCC,28518
1FD,2317
1FD,2850
1FD,2878
1FD,2971
1FD,2976
1FD,2991
1FD,3034
1FD,3076
1FD,3090
1FD,3280
1FD,3357
1FD,3422
1FD,3463
1FD,3471
1FD,3601
1FD,3637
1FD,3695
1FD,3743
1FD,3818
1FD,3879
1FD,5474
1FD,5489
1FD,5525
1FD,6260
1FD,6500
1FD,6811
1FD,7131
1FD,7137
1FD,7138
1FD,7436
1FD,7439
1FD,7488
1FD,7572
1FD,7671
1FD,9455
1FD,9466
1FD,9468
1FD,9476
1FD,9499
1FD,9501
1FD,9510
1FD,9511
1FD,9514
1FD,9519
1FD,9531
1FD,9537
1FD,9542
1FD,9543
1FD,9552
1FD,9564
1FD,9566
1FD,9567
1FD,9575
1FD,9578
1FD,9606
1FD,9607
1FD,9627
1FD,9629
1FD,9634
1FD,9639
1FD,10325
1FD,10352
1FD,10820
1FD,10827
1FD,11721
1FD,11990
1FD,11996
1FD,12208
1FD,12222
1FD,12231
1FD,12234
1FD,12235
1FD,12238
1FD,12240
1FD,12242
1FD,12443
1FD,12444
1FD,12447
1FD,12448
1FD,12450
1FD,12452
1FD,12527
1FD,12598
1FD,12629
1FD,12632
1FD,12725
1FD,12729
1FD,12753
1FD,12774
1FD,12776
1FD,12777
1FD,12779
1FD,12780
1FD,12787
1FD,12788
1FD,12789
1FD,12790
1FD,12791
1FD,12797
1FD,12798
1FD,12800
1FD,12801
1FD,12802
1FD,12805
1FD,12806
1FD,12808
1FD,12809
1FD,14442
1FD,14618
1FD,14619
1FD,14620
1FD,14623
1FD,14624
1FD,14626
1FD,14634
1FD,14652
1FD,14653
1FD,14654
1FD,14655
1FD,14656
1FD,14662
1FD,14663
1FD,14664
1FD,14665
1FD,14666
1FD,14679
1FD,14680
1FD,14681
1FD,14682
1FD,14683
1FD,14686
1FD,14687
1FD,14688
1FD,14689
1FD,14690
1FD,14708
1FD,14709
1FD,14710
1FD,14711
1FD,14712
1FD,14728
1FD,14729
1FD,14730
1FD,14731
1FD,14732
1FD,14736
1FD,14752
1FD,14753
1FD,14754
1FD,14755
1FD,14756
1FD,14761
1FD,14767
1FD,14768
1FD,14769
1FD,14770
1FD,15173
1FD,15184
1FD,15867
1FD,15869
1FD,15872
1FD,15875
1FD,15877
1FD,15880
1FD,15891
1FD,15893
1FD,15895
1FD,15897
1FD,15899
1FD,15904
1FD,15915
1FD,15916
1FD,15918
1FD,15919
1FD,15996
1FD,16000
1FD,16017
1FD,20321
1FD,20330
1FD,20332
1FD,20333
1FD,20335
1FD,20336
1FD,20689
1FD,20714
1FD,20743
1FD,21031
1FD,21032
1FD,21635
1FD,21636
1FD,21647
1FD,22292
1FD,22295
1FD,22574
1FD,22577
1FD,22578
1FD,22674
1FD,22731
1FD,22733
1FD,22740
1FD,22746
1FD,22747
1FD,22748
1FD,22754
1FD,22757
1FD,22759
1FD,22760
1FD,22762
1FD,22763
1FD,22766
1FD,22768
1FD,22799
1FD,22911
1FD,22915
1FD,23647
1FD,23831
1FD,23832
1FD,24322
1FD,24873
1FD,24874
1FD,24878
1FD,24880
1FD,26193
1FD,26195
1FD,26312
1FD,26360
1FD,26361
1FD,27336
1FD,27592
1FD,27593
1FD,27646
1FD,27647
1FD,28408
1FD,28411
1FD,28438
1FD,28791
1FD,28792
1FM,2307
1FM,2308
1FM,2309
1FM,2313
1FM,2789
1FM,2804
1FM,2817
1FM,2824
1FM,2833
1FM,2896
1FM,2962
1FM,2965
1FM,2969
1FM,2980
1FM,2991
1FM,3034
1FM,3050
1FM,3051
1FM,3052
1FM,3053
1FM,3063
1FM,3280
1FM,3317
1FM,3322
1FM,3325
1FM,3327
1FM,3379
1FM,3422
1FM,3445
1FM,3446
1FM,3449
1FM,3461
1FM,3486
1FM,3552
1FM,3554
1FM,3555
1FM,3627
1FM,3630
1FM,3631
1FM,3678
1FM,3684
1FM,3686
1FM,3728
1FM,3734
1FM,3737
1FM,3828
1FM,3830
1FM,3834
1FM,5474
1FM,5489
1FM,5525
1FM,6139
1FM,6182
1FM,6196
1FM,6199
1FM,6217
1FM,6241
1FM,6811
1FM,7137
1FM,7138
1FM,7436
1FM,7439
1FM,7488
1FM,7557
1FM,7560
1FM,7561
1FM,7565
1FM,7569
1FM,9455
1FM,9466
1FM,9468
1FM,9476
1FM,9501
1FM,9503
1FM,9510
1FM,9511
1FM,9519
1FM,9521
1FM,9531
1FM,9537
1FM,9542
1FM,9543
1FM,9546
1FM,9552
1FM,9564
1FM,9566
1FM,9567
1FM,9575
1FM,9576
1FM,9578
1FM,9606
1FM,9607
1FM,9627
1FM,9629
1FM,9634
1FM,9639
1FM,10327
1FM,10331
1FM,10335
1FM,10352
1FM,10821
1FM,10822
1FM,10823
1FM,11721
1FM,11984
1FM,11990
1FM,12208
1FM,12209
1FM,12222
1FM,12230
1FM,12231
1FM,12234
1FM,12235
1FM,12237
1FM,12238
1FM,12240
1FM,12242
1FM,12452
1FM,12598
1FM,12629
1FM,12632
1FM,12633
1FM,12725
1FM,12729
1FM,12753
1FM,12774
1FM,12776
1FM,12777
1FM,12779
1FM,12780
1FM,12787
1FM,12788
1FM,12789
1FM,12790
1FM,12791
1FM,12797
1FM,12798
1FM,12800
1FM,12802
1FM,12805
1FM,12806
1FM,12808
1FM,12809
1FM,14442
1FM,14618
1FM,14619
1FM,14620
1FM,14624
1FM,14626
1FM,14634
1FM,14652
1FM,14653
1FM,14654
1FM,14655
1FM,14656
1FM,14662
1FM,14663
1FM,14664
1FM,14665
1FM,14666
1FM,14679
1FM,14680
1FM,14681
1FM,14683
1FM,14686
1FM,14687
1FM,14688
1FM,14689
1FM,14690
1FM,14708
1FM,14709
1FM,14711
1FM,14712
1FM,14728
1FM,14729
1FM,14730
1FM,14731
1FM,14732
1FM,14736
1FM,14752
1FM,14753
1FM,14754
1FM,14755
1FM,14756
1FM,14761
1FM,14767
1FM,14768
1FM,14769
1FM,14770
1FM,15175
1FM,15915
1FM,15916
1FM,15918
1FM,15919
1FM,15981
1FM,15984
1FM,16017
1FM,20324
1FM,20325
1FM,20326
1FM,20336
1FM,20687
1FM,20688
1FM,20742
1FM,21032
1FM,21638
1FM,21639
1FM,21640
1FM,22292
1FM,22472
1FM,22731
1FM,22733
1FM,22740
1FM,22746
1FM,22747
1FM,22748
1FM,22754
1FM,22757
1FM,22759
1FM,22760
1FM,22762
1FM,22763
1FM,22766
1FM,22768
1FM,22799
1FM,23221
1FM,23331
1FM,23335
1FM,23336
1FM,23337
1FM,23633
1FM,23647
1FM,23934
1FM,23937
1FM,24318
1FM,24319
1FM,24322
1FM,24470
1FM,24472
1FM,25551
1FM,26187
1FM,26189
1FM,26304
1FM,26312
1FM,26715
1FM,26972
1FM,27639
1FM,27640
1FM,27646
1FM,28436
1FM,28437
1FM,28438
1FM,28630
1FM,28773
1FT,2310
1FT,2312
1FT,2843
1FT,2850
1FT,2878
1FT,2895
1FT,2970
1FT,2971
1FT,2976
1FT,2991
1FT,3034
1FT,3066
1FT,3076
1FT,3083
1FT,3090
1FT,3280
1FT,3339
1FT,3346
1FT,3357
1FT,3380
1FT,3422
1FT,3463
1FT,3467
1FT,3471
1FT,3489
1FT,3558
1FT,3578
1FT,3632
1FT,3690
1FT,3736
1FT,3837
1FT,5474
1FT,5489
1FT,5525
1FT,6260
1FT,6500
1FT,6532
1FT,6811
1FT,7137
1FT,7138
1FT,7436
1FT,7439
1FT,7488
1FT,7572
1FT,7650
1FT,7671
1FT,7703
1FT,9455
1FT,9466
1FT,9468
1FT,9476
1FT,9499
1FT,9501
1FT,9503
1FT,9510
1FT,9511
1FT,9514
1FT,9519
1FT,9521
1FT,9531
1FT,9537
1FT,9542
1FT,9543
1FT,9546
1FT,9552
1FT,9564
1FT,9566
1FT,9567
1FT,9575
1FT,9576
1FT,9578
1FT,9606
1FT,9607
1FT,9627
1FT,9629
1FT,9634
1FT,9639
1FT,10337
1FT,10352
1FT,10825
1FT,11721
1FT,11984
1FT,11990
1FT,11996
1FT,12208
1FT,12209
1FT,12222
1FT,12230
1FT,12231
1FT,12234
1FT,12235
1FT,12237
1FT,12238
1FT,12240
1FT,12242
1FT,12418
1FT,12426
1FT,12442
1FT,12445
1FT,12452
1FT,12598
1FT,12629
1FT,12632
1FT,12633
1FT,12725
1FT,12729
1FT,12753
1FT,12774
1FT,12776
1FT,12777
1FT,12779
1FT,12780
1FT,12787
1FT,12788
1FT,12789
1FT,12790
1FT,12791
1FT,12797
1FT,12798
1FT,12800
1FT,12801
1FT,12802
1FT,12805
1FT,12806
1FT,12809
1FT,14442
1FT,14618
1FT,14619
1FT,14620
1FT,14624
1FT,14626
1FT,14634
1FT,14643
1FT,14644
1FT,14652
1FT,14653
1FT,14654
1FT,14656
1FT,14657
1FT,14662
1FT,14663
1FT,14664
1FT,14666
1FT,14667
1FT,14679
1FT,14680
1FT,14681
1FT,14683
1FT,14684
1FT,14686
1FT,14687
1FT,14689
1FT,14690
1FT,14691
1FT,14708
1FT,14709
1FT,14711
1FT,14712
1FT,14713
1FT,14728
1FT,14729
1FT,14730
1FT,14731
1FT,14733
1FT,14736
1FT,14752
1FT,14753
1FT,14754
1FT,14755
1FT,14757
1FT,14767
1FT,14768
1FT,14769
1FT,14771
1FT,15178
1FT,15841
1FT,15842
1FT,15844
1FT,15845
1FT,15846
1FT,15847
1FT,15868
1FT,15870
1FT,15871
1FT,15874
1FT,15876
1FT,15881
1FT,15892
1FT,15894
1FT,15896
1FT,15898
1FT,15900
1FT,15903
1FT,15915
1FT,15916
1FT,15918
1FT,15919
1FT,15997
1FT,15999
1FT,16017
1FT,20328
1FT,20330
1FT,20331
1FT,20334
1FT,20336
1FT,20689
1FT,21029
1FT,21030
1FT,21032
1FT,22081
1FT,22083
1FT,22292
1FT,22295
1FT,22475
1FT,22576
1FT,22674
1FT,22731
1FT,22733
1FT,22740
1FT,22746
1FT,22747
1FT,22748
1FT,22754
1FT,22757
1FT,22759
1FT,22760
1FT,22762
1FT,22763
1FT,22766
1FT,22768
1FT,22799
1FT,22910
1FT,22916
1FT,23647
1FT,23651
1FT,23948
1FT,24322
1FT,24473
1FT,24689
1FT,24877
1FT,24879
1FT,25553
1FT,26191
1FT,26194
1FT,26306
1FT,26312
1FT,27332
1FT,27337
1FT,27339
1FT,27643
1FT,27646
1FT,28409
1FT,28410
1FT,28438
1FT,28633
1FT,28777
2FM,2311
2FM,2898
2FM,2988
2FM,3049
2FM,3059
2FM,3304
2FM,3328
2FM,3444
2FM,3549
2FM,3576
2FM,3624
2FM,3633
2FM,3677
2FM,3692
2FM,3727
2FM,3740
2FM,3822
2FM,3836
2FM,5474
2FM,5489
2FM,5525
2FM,6648
2FM,7137
2FM,7436
2FM,7571
2FM,9455
2FM,9466
2FM,9468
2FM,9476
2FM,9503
2FM,9510
2FM,9511
2FM,9521
2FM,9531
2FM,9537
2FM,9542
2FM,9546
2FM,9564
2FM,9566
2FM,9567
2FM,9576
2FM,9606
2FM,9607
2FM,9627
2FM,9629
2FM,9634
2FM,10326
2FM,10336
2FM,11984
2FM,12209
2FM,12222
2FM,12230
2FM,12235
2FM,12237
2FM,12240
2FM,12416
2FM,12417
2FM,12598
2FM,12629
2FM,12729
2FM,12753
2FM,12774
2FM,12777
2FM,12787
2FM,12788
2FM,12797
2FM,12798
2FM,12805
2FM,12806
2FM,14618
2FM,14619
2FM,14626
2FM,14652
2FM,14653
2FM,14662
2FM,14663
2FM,14664
2FM,14679
2FM,14680
2FM,14681
2FM,14686
2FM,14687
2FM,14689
2FM,14708
2FM,14709
2FM,14711
2FM,14728
2FM,14729
2FM,14730
2FM,14736
2FM,14752
2FM,14753
2FM,14754
2FM,14767
2FM,14768
2FM,15177
2FM,15979
2FM,20323
2FM,20327
2FM,20741
2FM,22294
2FM,22762
2FM,22768
2FM,23631
2FM,24471
2FM,25550
5LD,2308
5LD,2324
5LD,3554
5LD,3590
5LD,3630
5LD,3641
5LD,3851
5LD,3853
5LD,5525
5LD,9455
5LD,9468
5LD,9476
5LD,9511
5LD,9531
5LD,9542
5LD,9564
5LD,9567
5LD,20746
1G1,2337
1G1,2338
1G1,2339
1G1,2340
1G1,2341
1G1,2368
1G1,2369
1G1,2372
1G1,2380
1G1,3708
1G1,3730
1G1,3785
1G1,3791
1G1,3800
1G1,4008
1G1,4013
1G1,4059
1G1,4082
1G1,4087
1G1,4093
1G1,4203
1G1,4212
1G1,4214
1G1,4264
1G1,4417
1G1,4487
1G1,4648
1G1,5063
1G1,5080
1G1,5253
1G1,5276
1G1,8680
1G1,8685
1G1,8704
1G1,8713
1G1,8774
1G1,8777
1G1,8781
1G1,8848
1G1,8850
1G1,8911
1G1,8930
1G1,8932
1G1,9016
1G1,9047
1G1,9057
1G1,9065
1G1,9080
1G1,9104
1G1,9111
1G1,9119
1G1,9148
1G1,9155
1G1,9162
1G1,9205
1G1,9212
1G1,9214
1G1,9238
1G1,9240
1G1,9247
1G1,9276
1G1,9277
1G1,9285
1G1,9298
1G1,9300
1G1,9308
1G1,9332
1G1,9335
1G1,9347
1G1,9388
1G1,9390
1G1,9396
1G1,9713
1G1,9719
1G1,10541
1G1,10547
1G1,10557
1G1,10559
1G1,10561
1G1,10562
1G1,10563
1G1,10564
1G1,10565
1G1,10567
1G1,10832
1G1,10853
1G1,10855
1G1,10857
1G1,10858
1G1,10859
1G1,10860
1G1,10864
1G1,12353
1G1,12826
1G1,12829
1G1,12832
1G1,12972
1G1,12999
1G1,13172
1G1,13249
1G1,13269
1G1,13360
1G1,13429
1G1,13437
1G1,13441
1G1,13449
1G1,13525
1G1,13635
1G1,13764
1G1,13835
1G1,13891
1G1,13898
1G1,15091
1G1,15092
1G1,15093
1G1,15094
1G1,15095
1G1,15097
1G1,15099
1G1,15101
1G1,18256
1G1,18264
1G1,18266
1G1,18269
1G1,18276
1G1,18323
1G1,18330
1G1,18332
1G1,18343
1G1,18349
1G1,18350
1G1,20187
1G1,20188
1G1,20189
1G1,20190
1G1,20191
1G1,20192
1G1,20194
1G1,20848
1G1,20849
1G1,20850
1G1,20965
1G1,21051
1G1,21088
1G1,21324
1G1,21682
1G1,21683
1G1,21939
1G1,22210
1G1,22212
1G1,22679
1G1,22680
1G1,22681
1G1,23361
1G1,23992
1G1,23993
1G1,24001
1G1,24004
1G1,24012
1G1,24014
1G1,24015
1G1,24016
1G1,24017
1G1,24018
1G1,24020
1G1,24021
1G1,24023
1G1,24024
1G1,24025
1G1,24027
1G1,24066
1G1,24067
1G1,24068
1G1,24070
1G1,24540
1G1,25376
1G1,25377
1G1,25557
1G1,26875
1G1,27048
1G1,27681
1G1,28578
1G4,2316
1G4,2322
1G4,2368
1G4,2369
1G4,2372
1G4,3708
1G4,3730
1G4,3738
1G4,4007
1G4,4008
1G4,4013
1G4,4203
1G4,4212
1G4,4214
1G4,4235
1G4,4417
1G4,4563
1G4,4627
1G4,4648
1G4,5071
1G4,5080
1G4,5255
1G4,5276
1G4,8680
1G4,8685
1G4,8696
1G4,8713
1G4,8774
1G4,8781
1G4,8784
1G4,8798
1G4,8845
1G4,8848
1G4,8852
1G4,8905
1G4,8911
1G4,8930
1G4,8935
1G4,9018
1G4,9041
1G4,9047
1G4,9057
1G4,9070
1G4,9071
1G4,9080
1G4,9104
1G4,9115
1G4,9118
1G4,9119
1G4,9148
1G4,9158
1G4,9161
1G4,9162
1G4,9205
1G4,9206
1G4,9209
1G4,9214
1G4,9238
1G4,9243
1G4,9246
1G4,9247
1G4,9276
1G4,9280
1G4,9283
1G4,9285
1G4,9298
1G4,9304
1G4,9307
1G4,9308
1G4,9332
1G4,9340
1G4,9345
1G4,9347
1G4,9388
1G4,9393
1G4,9395
1G4,9396
1G4,9713
1G4,9725
1G4,9728
1G4,9729
1G4,10541
1G4,10544
1G4,10546
1G4,10547
1G4,10557
1G4,10841
1G4,10843
1G4,12827
1G4,12829
1G4,12832
1G4,12861
1G4,12976
1G4,12999
1G4,13054
1G4,13237
1G4,13249
1G4,13255
1G4,13324
1G4,13360
1G4,13372
1G4,13437
1G4,13438
1G4,13496
1G4,13560
1G4,13571
1G4,13653
1G4,13770
1G4,13842
1G4,13895
1G4,13903
1G4,15074
1G4,18276
1G4,18323
1G4,18413
1G4,18528
1G4,20181
1G4,21940
1G4,26616
1G6,2326
1G6,2329
1G6,2330
1G6,2368
1G6,2369
1G6,2372
1G6,3708
1G6,3730
1G6,3750
1G6,4008
1G6,4013
1G6,4014
1G6,4203
1G6,4212
1G6,4214
1G6,4257
1G6,4417
1G6,4584
1G6,4627
1G6,4648
1G6,5074
1G6,5080
1G6,5256
1G6,5276
1G6,8680
1G6,8685
1G6,8700
1G6,8713
1G6,8774
1G6,8781
1G6,8806
1G6,8845
1G6,8848
1G6,8853
1G6,8905
1G6,8911
1G6,8930
1G6,8936
1G6,9018
1G6,9043
1G6,9045
1G6,9047
1G6,9057
1G6,9069
1G6,9071
1G6,9080
1G6,9104
1G6,9116
1G6,9118
1G6,9119
1G6,9148
1G6,9159
1G6,9161
1G6,9162
1G6,9205
1G6,9206
1G6,9208
1G6,9214
1G6,9238
1G6,9244
1G6,9246
1G6,9247
1G6,9276
1G6,9281
1G6,9283
1G6,9285
1G6,9298
1G6,9305
1G6,9307
1G6,9308
1G6,9332
1G6,9341
1G6,9345
1G6,9347
1G6,9388
1G6,9394
1G6,9395
1G6,9713
1G6,9726
1G6,9728
1G6,10541
1G6,10548
1G6,10549
1G6,10550
1G6,10551
1G6,10557
1G6,10844
1G6,10845
1G6,10846
1G6,10847
1G6,12829
1G6,12832
1G6,12856
1G6,12976
1G6,12999
1G6,13068
1G6,13249
1G6,13255
1G6,13339
1G6,13360
1G6,13372
1G6,13427
1G6,13437
1G6,13438
1G6,13502
1G6,13507
1G6,13564
1G6,13570
1G6,13571
1G6,13771
1G6,13843
1G6,13905
1G6,15076
1G6,15079
1G6,15086
1G6,18276
1G6,18323
1G6,18475
1G6,18478
1G6,18481
1G6,18542
1G6,18559
1G6,20170
1G6,20184
1G6,20185
1G6,21087
1G6,21322
1G6,21323
1G6,22054
1G6,22055
1G6,22677
1G6,22678
1G6,24063
1G6,24065
1G6,25373
1G6,25374
1G6,26617
1G6,26618
1G6,26873
1G6,26874
1G6,27047
1G6,27679
1G6,27680
1G6,27682
5G8,2368
5G8,2369
5G8,2372
5G8,2382
5G8,3708
5G8,3730
5G8,3809
5G8,4008
5G8,4013
5G8,4094
5G8,4203
5G8,4212
5G8,4214
5G8,4417
5G8,8680
5G8,8713
5G8,10541
5G8,10547
5G8,10557
1G0,2368
1G0,2369
1G0,2372
1G0,2383
1G0,3708
1G0,3730
1G0,3812
1G0,4008
1G0,4013
1G0,4095
1G0,4203
1G0,4212
1G0,4214
1G0,4306
1G0,4417
1G0,4620
1G0,4627
1G0,4648
1G0,5080
1G0,5276
1G0,8680
1G0,8713
1G0,8774
1G0,8781
1G0,8784
1G0,8808
1G0,10541
1G0,10547
1G0,10557
1G0,12630
1G0,14076
1G0,14078
1G0,14079
1G0,14080
1G0,14094
1G0,14111
1G0,14131
1G0,14133
1G0,14149
1G0,14151
1G0,14152
1G0,14153
1G0,14162
1G0,14191
1G0,14192
1G0,14203
1G0,14772
1G0,14774
1G0,14775
1G0,14776
1G0,14785
1G0,14811
1G0,14812
1G0,14813
1G0,14876
1G0,14884
1G0,14899
1G0,14905
1G0,14907
1G0,14932
1G0,14940
1G0,14955
1G0,14961
1G0,14962
1G0,14998
1G0,15006
1G0,15024
1G0,15025
1G0,15102
2G1,2333
2G1,2339
2G1,2368
2G1,2369
2G1,2373
2G1,3708
2G1,3735
2G1,3776
2G1,3791
2G1,3960
2G1,4012
2G1,4013
2G1,4048
2G1,4203
2G1,4212
2G1,4215
2G1,4264
2G1,4430
2G1,4487
2G1,4648
2G1,5063
2G1,5080
2G1,5253
2G1,5276
2G1,8680
2G1,8685
2G1,8704
2G1,8715
2G1,8774
2G1,8777
2G1,8781
2G1,8848
2G1,8850
2G1,8911
2G1,8931
2G1,8932
2G1,9016
2G1,9046
2G1,9060
2G1,9065
2G1,9080
2G1,9106
2G1,9111
2G1,9119
2G1,9150
2G1,9155
2G1,9162
2G1,9205
2G1,9212
2G1,9213
2G1,9239
2G1,9240
2G1,9247
2G1,9275
2G1,9277
2G1,9285
2G1,9299
2G1,9300
2G1,9308
2G1,9334
2G1,9335
2G1,9347
2G1,9389
2G1,9390
2G1,9396
2G1,9717
2G1,9719
2G1,10542
2G1,10547
2G1,10557
2G1,10564
2G1,10858
2G1,12826
2G1,12832
2G1,12972
2G1,12999
2G1,13172
2G1,13249
2G1,13269
2G1,13360
2G1,13429
2G1,13437
2G1,13441
2G1,13449
2G1,13525
2G1,13635
2G1,13764
2G1,13835
2G1,13891
2G1,13898
2G1,15095
2G1,18256
2G1,18263
2G1,18264
2G1,18266
2G1,18269
2G1,18276
2G1,18323
2G1,18330
2G1,18332
2G1,18343
2G1,18349
2G1,18350
2G1,20190
2G1,21088
2G1,21939
2G1,23992
2G1,23993
2G1,24001
2G1,24004
2G1,24012
2G1,24014
2G1,24015
2G1,24016
2G1,24017
2G1,24018
2G1,24020
2G1,24021
2G1,24023
2G1,24024
2G1,24025
2G1,24027
2G4,2319
2G4,2368
2G4,2369
2G4,2373
2G4,3708
2G4,3735
2G4,3738
2G4,4007
2G4,4012
2G4,4013
2G4,4203
2G4,4212
2G4,4215
2G4,4235
2G4,4430
2G4,4563
2G4,4627
2G4,4648
2G4,5071
2G4,5080
2G4,5255
2G4,5276
2G4,8680
2G4,8685
2G4,8696
2G4,8715
2G4,8774
2G4,8781
2G4,8784
2G4,8798
2G4,8845
2G4,8848
2G4,8852
2G4,8905
2G4,8911
2G4,8931
2G4,8935
2G4,9018
2G4,9041
2G4,9046
2G4,9060
2G4,9070
2G4,9071
2G4,9080
2G4,9106
2G4,9115
2G4,9118
2G4,9119
2G4,9150
2G4,9158
2G4,9161
2G4,9162
2G4,9205
2G4,9206
2G4,9209
2G4,9213
2G4,9239
2G4,9243
2G4,9246
2G4,9247
2G4,9275
2G4,9280
2G4,9283
2G4,9285
2G4,9299
2G4,9304
2G4,9307
2G4,9308
2G4,9334
2G4,9340
2G4,9345
2G4,9347
2G4,9389
2G4,9393
2G4,9395
2G4,9396
2G4,9717
2G4,9725
2G4,9728
2G4,9729
2G4,10542
2G4,10545
2G4,10557
2G4,10842
2G4,12827
2G4,12832
2G4,12861
2G4,12976
2G4,12999
2G4,13054
2G4,13237
2G4,13249
2G4,13255
2G4,13324
2G4,13360
2G4,13372
2G4,13437
2G4,13438
2G4,13496
2G4,13560
2G4,13571
2G4,13653
2G4,13770
2G4,13842
2G4,13895
2G4,13903
2G4,18263
2G4,18276
2G4,18323
2G4,18413
2G4,18528
2G4,21940
2G4,26616
2G6,2331
2G6,2368
2G6,2369
2G6,2373
2G6,3708
2G6,3735
2G6,4012
2G6,4013
2G6,4030
2G6,4031
2G6,4203
2G6,4212
2G6,4215
2G6,4430
2G6,8680
2G6,8715
2G6,10542
2G6,10556
2G6,10557
2G6,10850
2G6,15089
2G6,20186
3G1,2332
3G1,2341
3G1,2368
3G1,2369
3G1,2375
3G1,3708
3G1,3731
3G1,3772
3G1,3800
3G1,4009
3G1,4013
3G1,4039
3G1,4087
3G1,4203
3G1,4212
3G1,4217
3G1,4264
3G1,4430
3G1,4487
3G1,4648
3G1,5063
3G1,5080
3G1,5253
3G1,5276
3G1,8680
3G1,8685
3G1,8704
3G1,8716
3G1,8774
3G1,8777
3G1,8781
3G1,8848
3G1,8850
3G1,8911
3G1,8931
3G1,8932
3G1,9016
3G1,9046
3G1,9060
3G1,9065
3G1,9080
3G1,9106
3G1,9111
3G1,9119
3G1,9150
3G1,9155
3G1,9162
3G1,9205
3G1,9212
3G1,9213
3G1,9239
3G1,9240
3G1,9247
3G1,9275
3G1,9277
3G1,9285
3G1,9299
3G1,9300
3G1,9308
3G1,9334
3G1,9335
3G1,9347
3G1,9389
3G1,9390
3G1,9396
3G1,9717
3G1,9719
3G1,10542
3G1,10547
3G1,10557
3G1,10558
3G1,10562
3G1,10832
3G1,10851
3G1,10857
3G1,10860
3G1,12826
3G1,12832
3G1,12868
3G1,12972
3G1,12999
3G1,13172
3G1,13249
3G1,13269
3G1,13360
3G1,13429
3G1,13437
3G1,13441
3G1,13449
3G1,13525
3G1,13635
3G1,15090
3G1,15094
3G1,15099
3G1,18256
3G1,18264
3G1,18266
3G1,18269
3G1,18276
3G1,18323
3G1,18330
3G1,18332
3G1,18343
3G1,18349
3G1,18350
3G1,20189
3G1,20192
3G1,20850
3G1,21686
3G1,21939
3G1,22682
3G1,23992
3G1,23993
3G1,24001
3G1,24004
3G1,24012
3G1,24014
3G1,24015
3G1,24016
3G1,24017
3G1,24018
3G1,24020
3G1,24021
3G1,24023
3G1,24024
3G1,24025
3G1,24027
3G1,24071
KL8,2368
KL8,2369
KL8,2377
KL8,2378
KL8,3708
KL8,3733
KL8,3801
KL8,4011
KL8,4013
KL8,4088
KL8,4203
KL8,4212
KL8,4219
KL8,8680
KL8,10542
KL8,10557
KL8,12328
KL8,15100
KL8,15463
KL8,20193
KL8,20851
KL8,21685
KL8,23362
6G3,2334
6G3,2368
6G3,2369
6G3,2376
6G3,2379
6G3,3708
6G3,3732
6G3,3782
6G3,4010
6G3,4013
6G3,4203
6G3,4212
6G3,4218
6G3,8680
6G3,8717
6G3,10547
6G3,10557
6G3,10854
6G3,10863
6G3,12323
6G3,23859
1GC,2368
1GC,2386
1GC,2388
1GC,2389
1GC,2400
1GC,2402
1GC,3817
1GC,3824
1GC,3865
1GC,4098
1GC,4100
1GC,4104
1GC,4150
1GC,4154
1GC,4156
1GC,4203
1GC,4345
1GC,4352
1GC,4380
1GC,4389
1GC,4443
1GC,4665
1GC,4894
1GC,4954
1GC,5249
1GC,5306
1GC,5339
1GC,5340
1GC,8680
1GC,8721
1GC,8816
1GC,8837
1GC,8838
1GC,8840
1GC,8873
1GC,8875
1GC,8944
1GC,8946
1GC,8955
1GC,8964
1GC,8996
1GC,8999
1GC,9014
1GC,9081
1GC,9090
1GC,9091
1GC,9127
1GC,9129
1GC,9142
1GC,9143
1GC,9163
1GC,9167
1GC,9179
1GC,9181
1GC,9195
1GC,9197
1GC,9202
1GC,9204
1GC,9249
1GC,9250
1GC,9251
1GC,9252
1GC,9264
1GC,9286
1GC,9288
1GC,9289
1GC,9290
1GC,9292
1GC,9309
1GC,9311
1GC,9312
1GC,9313
1GC,9321
1GC,9357
1GC,9360
1GC,9368
1GC,9377
1GC,9380
1GC,9397
1GC,9399
1GC,9402
1GC,9405
1GC,9731
1GC,9733
1GC,9734
1GC,9735
1GC,9737
1GC,10453
1GC,10557
1GC,10582
1GC,10583
1GC,10750
1GC,10769
1GC,10836
1GC,10837
1GC,10876
1GC,10879
1GC,10881
1GC,10972
1GC,10979
1GC,10985
1GC,10989
1GC,10994
1GC,10997
1GC,11008
1GC,11019
1GC,11026
1GC,11058
1GC,11064
1GC,11070
1GC,11079
1GC,11083
1GC,11084
1GC,11088
1GC,11092
1GC,11103
1GC,11109
1GC,11110
1GC,11118
1GC,11132
1GC,11133
1GC,11134
1GC,11135
1GC,11144
1GC,11147
1GC,11153
1GC,11157
1GC,11160
1GC,11176
1GC,11180
1GC,11181
1GC,11186
1GC,11189
1GC,11205
1GC,11210
1GC,11211
1GC,11221
1GC,11241
1GC,11243
1GC,11248
1GC,11273
1GC,11274
1GC,11277
1GC,11282
1GC,11308
1GC,11310
1GC,11319
1GC,11331
1GC,11344
1GC,11347
1GC,11364
1GC,13412
1GC,13413
1GC,13414
1GC,13417
1GC,13420
1GC,13422
1GC,13424
1GC,13431
1GC,13433
1GC,13477
1GC,13480
1GC,13482
1GC,13484
1GC,13486
1GC,13511
1GC,13519
1GC,13543
1GC,13544
1GC,13545
1GC,13547
1GC,13548
1GC,13549
1GC,13550
1GC,13551
1GC,13552
1GC,13554
1GC,13573
1GC,13575
1GC,13577
1GC,13578
1GC,13579
1GC,13580
1GC,13603
1GC,13604
1GC,13605
1GC,13607
1GC,13608
1GC,13609
1GC,13610
1GC,13612
1GC,13615
1GC,13620
1GC,13637
1GC,13655
1GC,13657
1GC,13658
1GC,13659
1GC,13660
1GC,13683
1GC,13684
1GC,13685
1GC,13687
1GC,13688
1GC,13689
1GC,13690
1GC,13691
1GC,13699
1GC,13700
1GC,13714
1GC,13716
1GC,13718
1GC,13719
1GC,13720
1GC,13721
1GC,13742
1GC,13743
1GC,13745
1GC,13746
1GC,13747
1GC,13748
1GC,13749
1GC,13755
1GC,13756
1GC,13761
1GC,13785
1GC,13787
1GC,13788
1GC,13789
1GC,13790
1GC,13810
1GC,13811
1GC,13812
1GC,13814
1GC,13815
1GC,13817
1GC,13825
1GC,13830
1GC,13846
1GC,13848
1GC,13850
1GC,13851
1GC,13852
1GC,13867
1GC,13868
1GC,13869
1GC,13871
1GC,13872
1GC,13874
1GC,13875
1GC,13885
1GC,13949
1GC,13957
1GC,13959
1GC,13960
1GC,13961
1GC,13962
1GC,13976
1GC,13977
1GC,13978
1GC,13980
1GC,13981
1GC,13982
1GC,13983
1GC,13991
1GC,13997
1GC,14013
1GC,14076
1GC,14078
1GC,14079
1GC,14080
1GC,14099
1GC,14100
1GC,14101
1GC,14103
1GC,14104
1GC,14114
1GC,14120
1GC,14125
1GC,14133
1GC,14149
1GC,14151
1GC,14152
1GC,14153
1GC,14168
1GC,14169
1GC,14170
1GC,14172
1GC,14173
1GC,14174
1GC,14178
1GC,14184
1GC,14189
1GC,14192
1GC,14772
1GC,14774
1GC,14775
1GC,14776
1GC,14791
1GC,14792
1GC,14794
1GC,14795
1GC,14799
1GC,14812
1GC,14815
1GC,14817
1GC,14856
1GC,14876
1GC,14889
1GC,14890
1GC,14892
1GC,14893
1GC,14897
1GC,14909
1GC,14910
1GC,14912
1GC,14932
1GC,14945
1GC,14946
1GC,14948
1GC,14949
1GC,14953
1GC,14965
1GC,14967
1GC,14998
1GC,15011
1GC,15012
1GC,15014
1GC,15018
1GC,15026
1GC,15046
1GC,15124
1GC,15127
1GC,15131
1GC,15233
1GC,15246
1GC,15252
1GC,15257
1GC,15261
1GC,15263
1GC,15276
1GC,15292
1GC,15296
1GC,15298
1GC,15299
1GC,15301
1GC,15303
1GC,15305
1GC,15307
1GC,15312
1GC,15319
1GC,15321
1GC,15589
1GC,15594
1GC,15595
1GC,15604
1GC,15605
1GC,19507
1GC,20203
1GC,20205
1GC,20206
1GC,20212
1GC,20861
1GC,20863
1GC,20871
1GC,21696
1GC,21697
1GC,21759
1GC,22693
1GC,23106
1GC,23129
1GC,23135
1GC,23147
1GC,23183
1GC,23185
1GC,23193
1GC,23194
1GC,23197
1GC,23198
1GC,23200
1GC,23201
1GC,23202
1GC,23203
1GC,23204
1GC,23205
1GC,23206
1GC,23209
1GC,23210
1GC,23212
1GC,23363
1GC,23364
1GC,23365
1GC,23693
1GC,24105
1GC,24107
1GC,24109
1GC,25137
1GC,25391
1GC,25396
1GC,25398
1GC,25401
1GC,25425
1GC,26888
1GC,26893
1GC,26898
1GC,27213
1GC,27317
1GC,27688
1GC,27692
1GC,27697
1GC,27702
1GC,27967
1GT,2368
1GT,2386
1GT,2388
1GT,2389
1GT,2412
1GT,3817
1GT,3824
1GT,3881
1GT,3882
1GT,3883
1GT,4098
1GT,4100
1GT,4104
1GT,4203
1GT,4345
1GT,4352
1GT,4401
1GT,4443
1GT,4665
1GT,4701
1GT,4894
1GT,4954
1GT,5241
1GT,5249
1GT,5339
1GT,5340
1GT,8680
1GT,8721
1GT,8756
1GT,8816
1GT,8823
1GT,8837
1GT,8838
1GT,8840
1GT,8873
1GT,8875
1GT,8944
1GT,8946
1GT,8964
1GT,8996
1GT,8999
1GT,9014
1GT,9081
1GT,9082
1GT,9090
1GT,9091
1GT,9127
1GT,9142
1GT,9143
1GT,9163
1GT,9179
1GT,9181
1GT,9195
1GT,9197
1GT,9204
1GT,9249
1GT,9250
1GT,9251
1GT,9252
1GT,9264
1GT,9286
1GT,9288
1GT,9289
1GT,9290
1GT,9292
1GT,9309
1GT,9311
1GT,9312
1GT,9313
1GT,9321
1GT,9357
1GT,9360
1GT,9368
1GT,9377
1GT,9380
1GT,9397
1GT,9399
1GT,9402
1GT,9405
1GT,9731
1GT,9733
1GT,9734
1GT,9735
1GT,9737
1GT,10557
1GT,10587
1GT,10588
1GT,10589
1GT,10754
1GT,10767
1GT,10836
1GT,10837
1GT,10890
1GT,10891
1GT,10896
1GT,10975
1GT,10986
1GT,10996
1GT,11011
1GT,11020
1GT,11027
1GT,11060
1GT,11065
1GT,11071
1GT,11081
1GT,11085
1GT,11093
1GT,11096
1GT,11104
1GT,11117
1GT,11138
1GT,11139
1GT,11140
1GT,11141
1GT,11149
1GT,11154
1GT,11177
1GT,11183
1GT,11206
1GT,11213
1GT,11242
1GT,11249
1GT,11275
1GT,11276
1GT,11283
1GT,11309
1GT,11320
1GT,11345
1GT,11419
1GT,13453
1GT,13454
1GT,13456
1GT,13464
1GT,13467
1GT,13477
1GT,13480
1GT,13482
1GT,13484
1GT,13486
1GT,13497
1GT,13500
1GT,13501
1GT,13504
1GT,13526
1GT,13527
1GT,13537
1GT,13538
1GT,13539
1GT,13575
1GT,13577
1GT,13578
1GT,13579
1GT,13580
1GT,13587
1GT,13588
1GT,13589
1GT,13590
1GT,13593
1GT,13594
1GT,13599
1GT,13600
1GT,13655
1GT,13657
1GT,13658
1GT,13659
1GT,13660
1GT,13667
1GT,13668
1GT,13669
1GT,13670
1GT,13673
1GT,13674
1GT,13679
1GT,13680
1GT,13705
1GT,13707
1GT,13716
1GT,13718
1GT,13719
1GT,13720
1GT,13721
1GT,13726
1GT,13727
1GT,13729
1GT,13732
1GT,13733
1GT,13738
1GT,13739
1GT,13757
1GT,13759
1GT,13777
1GT,13785
1GT,13787
1GT,13788
1GT,13789
1GT,13790
1GT,13795
1GT,13796
1GT,13797
1GT,13801
1GT,13802
1GT,13808
1GT,13826
1GT,13828
1GT,13832
1GT,13841
1GT,13846
1GT,13848
1GT,13850
1GT,13851
1GT,13852
1GT,13855
1GT,13856
1GT,13857
1GT,13859
1GT,13860
1GT,13861
1GT,13865
1GT,13866
1GT,13881
1GT,13883
1GT,13887
1GT,13889
1GT,13957
1GT,13959
1GT,13960
1GT,13961
1GT,13962
1GT,13964
1GT,13965
1GT,13966
1GT,13968
1GT,13969
1GT,13970
1GT,13974
1GT,13975
1GT,13987
1GT,13989
1GT,13993
1GT,13994
1GT,14076
1GT,14078
1GT,14079
1GT,14080
1GT,14087
1GT,14088
1GT,14089
1GT,14091
1GT,14092
1GT,14093
1GT,14097
1GT,14098
1GT,14116
1GT,14117
1GT,14131
1GT,14133
1GT,14149
1GT,14151
1GT,14152
1GT,14153
1GT,14155
1GT,14156
1GT,14157
1GT,14159
1GT,14160
1GT,14161
1GT,14165
1GT,14166
1GT,14180
1GT,14181
1GT,14191
1GT,14192
1GT,14772
1GT,14774
1GT,14775
1GT,14776
1GT,14778
1GT,14779
1GT,14780
1GT,14783
1GT,14784
1GT,14788
1GT,14789
1GT,14801
1GT,14802
1GT,14809
1GT,14812
1GT,14813
1GT,14876
1GT,14878
1GT,14879
1GT,14880
1GT,14882
1GT,14883
1GT,14887
1GT,14888
1GT,14899
1GT,14900
1GT,14903
1GT,14907
1GT,14932
1GT,14934
1GT,14935
1GT,14936
1GT,14938
1GT,14939
1GT,14943
1GT,14944
1GT,14955
1GT,14956
1GT,14959
1GT,14962
1GT,14998
1GT,15000
1GT,15001
1GT,15002
1GT,15004
1GT,15005
1GT,15009
1GT,15010
1GT,15020
1GT,15022
1GT,15025
1GT,15144
1GT,15145
1GT,15147
1GT,15276
1GT,15342
1GT,15343
1GT,15350
1GT,15354
1GT,15356
1GT,15357
1GT,15361
1GT,15366
1GT,15385
1GT,15387
1GT,15392
1GT,15441
1GT,15447
1GT,15449
1GT,15454
1GT,15468
1GT,15500
1GT,15502
1GT,15510
1GT,15511
1GT,15515
1GT,15517
1GT,15522
1GT,15526
1GT,15529
1GT,15530
1GT,15534
1GT,15536
1GT,15539
1GT,15542
1GT,15548
1GT,15554
1GT,15559
1GT,15564
1GT,15566
1GT,20220
1GT,20221
1GT,20224
1GT,20227
1GT,20866
1GT,20867
1GT,20876
1GT,21704
1GT,21705
1GT,21760
1GT,22700
1GT,23074
1GT,23107
1GT,23217
1GT,23225
1GT,23229
1GT,23230
1GT,23232
1GT,23233
1GT,23234
1GT,23236
1GT,23237
1GT,23245
1GT,23247
1GT,23248
1GT,23249
1GT,23371
1GT,23372
1GT,23373
1GT,23374
1GT,23700
1GT,24089
1GT,24100
1GT,24103
1GT,24543
1GT,24787
1GT,25408
1GT,25410
1GT,25413
1GT,25416
1GT,25427
1GT,25429
1GT,26900
1GT,26905
1GT,26910
1GT,26967
1GT,27214
1GT,27318
1GT,27712
1GT,27714
1GT,27720
1GT,27731
1GT,27733
1GT,27968
3GC,2368
3GC,2386
3GC,2388
3GC,2391
3GC,2402
3GC,3817
3GC,3826
3GC,3865
3GC,4098
3GC,4100
3GC,4102
3GC,4156
3GC,4203
3GC,4345
3GC,4355
3GC,4375
3GC,4452
3GC,4665
3GC,4894
3GC,5306
3GC,5339
3GC,5340
3GC,8680
3GC,8721
3GC,8816
3GC,8837
3GC,8838
3GC,8843
3GC,8873
3GC,8876
3GC,8944
3GC,8945
3GC,8946
3GC,8955
3GC,8965
3GC,8995
3GC,8999
3GC,9012
3GC,9014
3GC,9081
3GC,9089
3GC,9090
3GC,9092
3GC,9127
3GC,9129
3GC,9142
3GC,9144
3GC,9163
3GC,9167
3GC,9179
3GC,9185
3GC,9194
3GC,9197
3GC,9202
3GC,9204
3GC,9248
3GC,9250
3GC,9251
3GC,9252
3GC,9264
3GC,9287
3GC,9288
3GC,9289
3GC,9290
3GC,9292
3GC,9310
3GC,9311
3GC,9312
3GC,9313
3GC,9321
3GC,9358
3GC,9360
3GC,9368
3GC,9377
3GC,9380
3GC,9398
3GC,9399
3GC,9402
3GC,9405
3GC,9732
3GC,9733
3GC,9734
3GC,9735
3GC,9737
3GC,10557
3GC,10583
3GC,10750
3GC,10769
3GC,10836
3GC,10837
3GC,10881
3GC,10994
3GC,11026
3GC,11070
3GC,11092
3GC,11115
3GC,11118
3GC,11160
3GC,11189
3GC,11221
3GC,11364
3GC,13478
3GC,13480
3GC,13482
3GC,13484
3GC,13486
3GC,13511
3GC,13519
3GC,13576
3GC,13577
3GC,13578
3GC,13579
3GC,13580
3GC,13656
3GC,13657
3GC,13658
3GC,13659
3GC,13660
3GC,13717
3GC,13718
3GC,13719
3GC,13720
3GC,13721
3GC,13786
3GC,13787
3GC,13788
3GC,13789
3GC,13790
3GC,13959
3GC,13960
3GC,13961
3GC,13962
3GC,13995
3GC,14011
3GC,14078
3GC,14079
3GC,14080
3GC,14118
3GC,14124
3GC,14133
3GC,14151
3GC,14152
3GC,14153
3GC,14182
3GC,14188
3GC,14192
3GC,14774
3GC,14775
3GC,14776
3GC,14803
3GC,14812
3GC,14876
3GC,14932
3GC,14998
3GC,15131
3GC,15233
3GC,15240
3GC,15252
3GC,15257
3GC,15261
3GC,15263
3GC,15274
3GC,15278
3GC,15292
3GC,15296
3GC,15604
3GC,15605
3GC,20206
3GC,20871
3GC,25680
3GC,25683
3GC,25686
3GC,25690
3GC,25694
3GC,26895
3GC,27700
3GT,2368
3GT,2386
3GT,2388
3GT,2391
3GT,2412
3GT,3817
3GT,3826
3GT,3882
3GT,4098
3GT,4100
3GT,4102
3GT,4203
3GT,4345
3GT,4355
3GT,4452
3GT,4665
3GT,4701
3GT,4894
3GT,5080
3GT,5339
3GT,8680
3GT,8721
3GT,8756
3GT,8816
3GT,8823
3GT,8837
3GT,8838
3GT,8843
3GT,8873
3GT,8876
3GT,8944
3GT,8945
3GT,8946
3GT,8965
3GT,8995
3GT,8999
3GT,9012
3GT,9014
3GT,9081
3GT,9082
3GT,9089
3GT,9090
3GT,9092
3GT,9127
3GT,9142
3GT,9144
3GT,9163
3GT,9179
3GT,9185
3GT,9194
3GT,9197
3GT,9204
3GT,9248
3GT,9250
3GT,9251
3GT,9252
3GT,9264
3GT,9287
3GT,9288
3GT,9289
3GT,9290
3GT,9292
3GT,9310
3GT,9311
3GT,9312
3GT,9313
3GT,9321
3GT,9358
3GT,9360
3GT,9368
3GT,9377
3GT,9380
3GT,9398
3GT,9399
3GT,9402
3GT,9405
3GT,9732
3GT,9733
3GT,9734
3GT,9735
3GT,9737
3GT,10557
3GT,10589
3GT,10754
3GT,10836
3GT,10837
3GT,10896
3GT,10996
3GT,11027
3GT,11071
3GT,11093
3GT,11096
3GT,11117
3GT,11161
3GT,11191
3GT,11222
3GT,11258
3GT,13478
3GT,13480
3GT,13482
3GT,13484
3GT,13486
3GT,13576
3GT,13577
3GT,13578
3GT,13579
3GT,13580
3GT,13656
3GT,13657
3GT,13658
3GT,13659
3GT,13660
3GT,13717
3GT,13718
3GT,13719
3GT,13720
3GT,13721
3GT,13786
3GT,13787
3GT,13788
3GT,13789
3GT,13790
3GT,13959
3GT,13960
3GT,13961
3GT,13962
3GT,13995
3GT,14006
3GT,14078
3GT,14079
3GT,14080
3GT,14118
3GT,14122
3GT,14133
3GT,14151
3GT,14152
3GT,14153
3GT,14182
3GT,14186
3GT,14192
3GT,14774
3GT,14775
3GT,14776
3GT,14803
3GT,14812
3GT,14876
3GT,14932
3GT,14998
3GT,15147
3GT,15278
3GT,15343
3GT,15354
3GT,15357
3GT,15385
3GT,15387
3GT,15441
3GT,15447
3GT,15449
3GT,15454
3GT,15468
3GT,15500
3GT,15502
3GT,15510
3GT,15511
3GT,15515
3GT,15517
3GT,15522
3GT,15526
3GT,15529
3GT,15539
3GT,20224
3GT,20876
3GT,25642
3GT,25644
3GT,25646
3GT,25650
3GT,25654
3GT,26902
3GT,27735
5GA,2368
5GA,2388
5GA,2389
5GA,2393
5GA,3817
5GA,3833
5GA,4100
5GA,4104
5GA,4107
5GA,4203
5GA,4345
5GA,4352
5GA,4358
5GA,4665
5GA,4842
5GA,4894
5GA,4954
5GA,5211
5GA,5241
5GA,5249
5GA,5339
5GA,5340
5GA,8680
5GA,8721
5GA,8741
5GA,8834
5GA,8837
5GA,8838
5GA,8843
5GA,8873
5GA,8882
5GA,8944
5GA,8946
5GA,8964
5GA,8996
5GA,8999
5GA,9014
5GA,10557
5GA,10836
5GA,10837
5GA,10866
5GA,11269
5GA,11304
5GA,11317
5GA,11339
5GA,11351
5GA,15276
5GA,16047
5GA,20196
5GA,20852
5GA,21688
5GA,22683
5GA,24072
5GA,25378
5GA,27210
5GA,27683
KL4,2368
KL4,2392
KL4,2394
KL4,3827
KL4,3835
KL4,4101
KL4,4109
KL4,4203
KL4,8680
KL4,10557
KL4,10837
KL4,10867
KL4,12267
KL4,15103
KL4,20197
KL4,20853
KL4,21327
KL4,21756
KL4,21757
KL4,22684
KL4,22685
KL4,24073
KL4,25379
KL4,25381
KL4,26876
KL4,26879
KL4,27684
KL4,27686
1GY,2368
1GY,2386
1GY,2388
1GY,2389
1GY,2395
1GY,3817
1GY,3824
1GY,3838
1GY,4100
1GY,4104
1GY,4132
1GY,4203
1GY,4345
1GY,4352
1GY,4359
1GY,4443
1GY,4665
1GY,4839
1GY,4894
1GY,4954
1GY,5204
1GY,5249
1GY,5339
1GY,5340
1GY,8680
1GY,8721
1GY,8750
1GY,8816
1GY,8833
1GY,8837
1GY,8838
1GY,8840
1GY,8873
1GY,8875
1GY,8883
1GY,8944
1GY,8946
1GY,8964
1GY,8996
1GY,8999
1GY,9014
1GY,9081
1GY,9090
1GY,9091
1GY,9127
1GY,9142
1GY,9143
1GY,9163
1GY,9179
1GY,9181
1GY,9195
1GY,9197
1GY,9204
1GY,9249
1GY,9250
1GY,9251
1GY,9252
1GY,9264
1GY,9286
1GY,9288
1GY,9289
1GY,9290
1GY,9292
1GY,9309
1GY,9311
1GY,9312
1GY,9313
1GY,9321
1GY,9357
1GY,9360
1GY,9368
1GY,9377
1GY,9380
1GY,9397
1GY,9399
1GY,9401
1GY,9402
1GY,9405
1GY,10557
1GY,10836
1GY,10837
1GY,10870
1GY,10871
1GY,10993
1GY,11096
1GY,11159
1GY,11188
1GY,11255
1GY,11289
1GY,11298
1GY,11326
1GY,11334
1GY,11358
1GY,11367
1GY,11426
1GY,15117
1GY,15120
1GY,15276
1GY,19696
1GY,20200
1GY,20271
1GY,20855
1GY,20856
1GY,20857
1GY,20858
1GY,21089
1GY,21693
1GY,21761
1GY,21871
1GY,21872
1GY,22687
1GY,22688
1GY,22689
1GY,24075
1GY,24076
1GY,24077
1GY,24092
1GY,24541
1GY,25382
1GY,25383
1GY,25384
1GY,25389
1GY,25423
1GY,26880
1GY,26881
1GY,26883
1GY,26886
1GY,27046
1GY,27315
1GY,27687
1GY,27725
1GY,27726
1GY,27727
1GY,28639
3GY,2368
3GY,2386
3GY,2388
3GY,2391
3GY,2396
3GY,3817
3GY,3826
3GY,3839
3GY,4100
3GY,4102
3GY,4132
3GY,4136
3GY,4203
3GY,4345
3GY,4355
3GY,4359
3GY,4452
3GY,4665
3GY,4839
3GY,4894
3GY,5204
3GY,5339
3GY,5340
3GY,8680
3GY,8721
3GY,8750
3GY,8816
3GY,8833
3GY,8837
3GY,8838
3GY,8843
3GY,8873
3GY,8876
3GY,8883
3GY,8944
3GY,8946
3GY,8965
3GY,8995
3GY,8999
3GY,9014
3GY,9081
3GY,9090
3GY,9092
3GY,9127
3GY,9142
3GY,9144
3GY,10557
3GY,10836
3GY,10837
3GY,11096
3GY,11220
3GY,11289
3GY,11326
3GY,11358
3GY,11427
3GY,12332
3GY,15278
3GY,27306
3GY,28312
1GN,2368
1GN,2386
1GN,2388
1GN,2389
1GN,2399
1GN,2403
1GN,2404
1GN,2405
1GN,3817
1GN,3824
1GN,3858
1GN,3868
1GN,3869
1GN,3870
1GN,4098
1GN,4100
1GN,4104
1GN,4145
1GN,4159
1GN,4162
1GN,4164
1GN,4203
1GN,4345
1GN,4352
1GN,4373
1GN,4377
1GN,4381
1GN,4386
1GN,4665
1GN,4894
1GN,5249
1GN,5339
1GN,5340
1GN,8680
1GN,8721
1GN,8816
1GN,8837
1GN,8838
1GN,8840
1GN,8873
1GN,8875
1GN,8878
1GN,8944
1GN,8946
1GN,8955
1GN,8964
1GN,8996
1GN,8999
1GN,9014
1GN,9081
1GN,9090
1GN,9091
1GN,9127
1GN,9129
1GN,9142
1GN,9143
1GN,9163
1GN,9167
1GN,9179
1GN,9181
1GN,9195
1GN,9197
1GN,9202
1GN,9204
1GN,9249
1GN,9250
1GN,9251
1GN,9252
1GN,9264
1GN,9286
1GN,9288
1GN,9289
1GN,9290
1GN,9292
1GN,9309
1GN,9311
1GN,9312
1GN,9313
1GN,9321
1GN,9357
1GN,9360
1GN,9368
1GN,9377
1GN,9380
1GN,9397
1GN,9399
1GN,9402
1GN,9405
1GN,9731
1GN,9733
1GN,9734
1GN,9735
1GN,9737
1GN,10557
1GN,10581
1GN,10584
1GN,10585
1GN,10750
1GN,10772
1GN,10836
1GN,10837
1GN,10882
1GN,10883
1GN,10884
1GN,10979
1GN,10985
1GN,10989
1GN,10994
1GN,11018
1GN,11023
1GN,11026
1GN,11063
1GN,11068
1GN,11070
1GN,11083
1GN,11084
1GN,11088
1GN,11092
1GN,11115
1GN,11118
1GN,11131
1GN,11132
1GN,11133
1GN,11134
1GN,11135
1GN,11144
1GN,11152
1GN,11157
1GN,11160
1GN,11173
1GN,11180
1GN,11186
1GN,11189
1GN,11199
1GN,11200
1GN,11210
1GN,11216
1GN,11221
1GN,11235
1GN,11236
1GN,11247
1GN,11252
1GN,11257
1GN,11266
1GN,11267
1GN,11281
1GN,11286
1GN,11291
1GN,11300
1GN,11303
1GN,11313
1GN,11315
1GN,11323
1GN,11328
1GN,11338
1GN,11349
1GN,11353
1GN,11355
1GN,11361
1GN,12341
1GN,13413
1GN,13414
1GN,13424
1GN,13477
1GN,13480
1GN,13482
1GN,13484
1GN,13486
1GN,13517
1GN,13521
1GN,13544
1GN,13545
1GN,13547
1GN,13548
1GN,13550
1GN,13575
1GN,13577
1GN,13578
1GN,13579
1GN,13580
1GN,13604
1GN,13605
1GN,13607
1GN,13608
1GN,13610
1GN,13655
1GN,13657
1GN,13658
1GN,13659
1GN,13660
1GN,13684
1GN,13685
1GN,13687
1GN,13688
1GN,13689
1GN,13690
1GN,13716
1GN,13718
1GN,13719
1GN,13720
1GN,13721
1GN,13742
1GN,13743
1GN,13745
1GN,13746
1GN,13747
1GN,13748
1GN,13785
1GN,13787
1GN,13788
1GN,13789
1GN,13790
1GN,13810
1GN,13811
1GN,13812
1GN,13814
1GN,13815
1GN,13817
1GN,13818
1GN,13846
1GN,13848
1GN,13850
1GN,13851
1GN,13852
1GN,13867
1GN,13868
1GN,13869
1GN,13871
1GN,13872
1GN,13874
1GN,13957
1GN,13959
1GN,13960
1GN,13961
1GN,13962
1GN,13976
1GN,13977
1GN,13978
1GN,13980
1GN,13981
1GN,13982
1GN,13991
1GN,14076
1GN,14078
1GN,14079
1GN,14080
1GN,14153
1GN,14776
1GN,14876
1GN,14932
1GN,14998
1GN,15133
1GN,15135
1GN,15136
1GN,15231
1GN,15250
1GN,15252
1GN,15253
1GN,15255
1GN,15263
1GN,15271
1GN,15276
1GN,15292
1GN,15329
1GN,15330
1GN,15331
1GN,15332
1GN,15333
1GN,15334
1GN,15335
1GN,15336
1GN,15337
1GN,15339
1GN,15340
1GN,15604
1GN,15605
1GN,20215
1GN,20216
1GN,20217
1GN,20864
1GN,20873
1GN,20874
1GN,21698
1GN,21763
1GN,21765
1GN,22694
1GN,22695
1GN,22696
1GN,23090
1GN,23091
1GN,23092
1GN,23097
1GN,23098
1GN,23099
1GN,23100
1GN,23102
1GN,23104
1GN,23105
1GN,23108
1GN,23109
1GN,23110
1GN,23117
1GN,23118
1GN,23119
1GN,23121
1GN,23122
1GN,23123
1GN,23125
1GN,23126
1GN,23128
1GN,23130
1GN,23138
1GN,23141
1GN,23288
1GN,23294
1GN,23295
1GN,23297
1GN,23298
1GN,23299
1GN,23300
1GN,23301
1GN,23302
1GN,24079
1GN,24081
1GN,24083
1GN,25402
1GN,25403
1GN,25405
1GN,26527
1GN,27307
1GN,27313
1GN,27314
1GN,27705
1GN,27707
1GN,27709
2GN,2368
2GN,2386
2GN,2388
2GN,2399
2GN,3817
2GN,3825
2GN,3858
2GN,4098
2GN,4100
2GN,4145
2GN,4203
2GN,4345
2GN,4381
2GN,8680
2GN,8721
2GN,10557
2GN,10581
2GN,10836
2GN,10837
2GN,10878
2GN,13478
2GN,13480
2GN,13482
2GN,13484
2GN,13486
2GN,13545
2GN,13576
2GN,13577
2GN,13578
2GN,13579
2GN,13580
2GN,13605
2GN,13610
2GN,13656
2GN,13657
2GN,13658
2GN,13659
2GN,13660
2GN,13685
2GN,13690
2GN,13717
2GN,13718
2GN,13719
2GN,13720
2GN,13721
2GN,13743
2GN,13748
2GN,13786
2GN,13787
2GN,13788
2GN,13789
2GN,13790
2GN,13810
2GN,13812
2GN,13817
2GN,13818
2GN,13848
2GN,13850
2GN,13851
2GN,13852
2GN,13867
2GN,13869
2GN,13874
2GN,13901
2GN,13959
2GN,13960
2GN,13961
2GN,13962
2GN,13976
2GN,13977
2GN,13978
2GN,13982
2GN,13995
2GN,14078
2GN,14079
2GN,14080
2GN,14118
2GN,14153
2GN,14182
2GN,14776
2GN,14803
2GN,14876
2GN,14932
2GN,14998
2GN,15126
2GN,15249
2GN,15252
2GN,15263
2GN,15277
2GN,15292
2GN,20204
2GN,20862
2GN,21873
2GN,22730
2GN,23119
2GN,23121
2GN,23123
2GN,23125
2GN,23126
2GN,23128
2GN,23130
2GN,23138
2GN,23141
2GN,24542
3GN,2368
3GN,2386
3GN,2391
3GN,2398
3GN,2406
3GN,3826
3GN,3843
3GN,3871
3GN,4098
3GN,4102
3GN,4138
3GN,4144
3GN,4165
3GN,4203
3GN,4345
3GN,4355
3GN,4375
3GN,4377
3GN,4382
3GN,4452
3GN,4665
3GN,4894
3GN,5339
3GN,5340
3GN,8680
3GN,8721
3GN,8816
3GN,8837
3GN,8838
3GN,8843
3GN,8873
3GN,8876
3GN,8878
3GN,8944
3GN,8946
3GN,8955
3GN,8965
3GN,8995
3GN,8999
3GN,9014
3GN,9081
3GN,9090
3GN,9092
3GN,9127
3GN,9129
3GN,9142
3GN,9144
3GN,9163
3GN,9167
3GN,9179
3GN,9185
3GN,9194
3GN,9197
3GN,9202
3GN,9204
3GN,9248
3GN,9250
3GN,9251
3GN,9252
3GN,9264
3GN,9287
3GN,9288
3GN,9289
3GN,9290
3GN,9292
3GN,9310
3GN,9311
3GN,9312
3GN,9313
3GN,9321
3GN,9358
3GN,9360
3GN,9368
3GN,9377
3GN,9380
3GN,9398
3GN,9399
3GN,9402
3GN,9405
3GN,10557
3GN,10586
3GN,10750
3GN,10772
3GN,10837
3GN,10838
3GN,10874
3GN,10885
3GN,10989
3GN,10994
3GN,11023
3GN,11026
3GN,11068
3GN,11070
3GN,11088
3GN,11092
3GN,11115
3GN,11118
3GN,11160
3GN,11186
3GN,11189
3GN,11218
3GN,11254
3GN,11257
3GN,11288
3GN,11291
3GN,11325
3GN,11328
3GN,11357
3GN,11361
3GN,11368
3GN,12872
3GN,13517
3GN,13521
3GN,15126
3GN,15140
3GN,15231
3GN,15240
3GN,15243
3GN,15252
3GN,15255
3GN,15263
3GN,15274
3GN,15278
3GN,15292
3GN,15600
3GN,15602
3GN,15604
3GN,15605
3GN,20204
3GN,20218
3GN,20675
3GN,20859
3GN,20862
3GN,20865
3GN,21176
3GN,21694
3GN,21873
3GN,22690
3GN,24078
3GN,25390
3GN,25394
3GN,25424
3GN,25558
3GN,25707
3GN,25708
3GN,26884
3GN,26964
3GN,27211
3GN,27212
3GN,27689
3GN,27728
3GN,27966
3GN,28496
KL7,2368
KL7,2386
KL7,2392
KL7,2401
KL7,2406
KL7,3817
KL7,3827
KL7,3864
KL7,4098
KL7,4100
KL7,4101
KL7,4155
KL7,4203
KL7,4345
KL7,4356
KL7,4383
KL7,8680
KL7,9334
KL7,9335
KL7,9347
KL7,9389
KL7,9390
KL7,9396
KL7,9717
KL7,9719
KL7,10557
KL7,10586
KL7,10837
KL7,10885
KL7,12832
KL7,12868
KL7,12999
KL7,13249
KL7,13360
KL7,13437
KL7,15140
KL7,15252
KL7,15263
KL7,15292
KL7,18256
KL7,18264
KL7,18266
KL7,18269
KL7,18276
KL7,18323
KL7,18330
KL7,18332
KL7,18343
KL7,18349
KL7,18350
KL7,20218
KL7,20865
KL7,21699
KL7,21758
KL7,22697
KL7,22698
KL7,24023
KL7,24024
KL7,24025
KL7,24027
KL7,24086
KL7,25406
KL7,25407
KL7,26872
KL7,26885
KL7,27708
KL7,27710
1GK,2368
1GK,2386
1GK,2388
1GK,2389
1GK,2411
1GK,2414
1GK,3817
1GK,3824
1GK,3874
1GK,4098
1GK,4100
1GK,4104
1GK,4167
1GK,4195
1GK,4199
1GK,4203
1GK,4345
1GK,4352
1GK,4393
1GK,4399
1GK,4443
1GK,4665
1GK,4894
1GK,4954
1GK,5128
1GK,5241
1GK,5249
1GK,5339
1GK,5340
1GK,8680
1GK,8721
1GK,8756
1GK,8816
1GK,8823
1GK,8837
1GK,8838
1GK,8840
1GK,8873
1GK,8875
1GK,8944
1GK,8946
1GK,8964
1GK,8996
1GK,8999
1GK,9014
1GK,9081
1GK,9082
1GK,9090
1GK,9091
1GK,9127
1GK,9142
1GK,9143
1GK,9163
1GK,9179
1GK,9181
1GK,9195
1GK,9197
1GK,9204
1GK,9249
1GK,9250
1GK,9251
1GK,9252
1GK,9264
1GK,9286
1GK,9288
1GK,9289
1GK,9290
1GK,9292
1GK,9309
1GK,9311
1GK,9312
1GK,9313
1GK,9321
1GK,9357
1GK,9360
1GK,9368
1GK,9377
1GK,9380
1GK,9397
1GK,9399
1GK,9402
1GK,9405
1GK,9731
1GK,9733
1GK,9734
1GK,9735
1GK,9737
1GK,10557
1GK,10591
1GK,10754
1GK,10766
1GK,10803
1GK,10836
1GK,10837
1GK,10839
1GK,10888
1GK,10889
1GK,10899
1GK,10991
1GK,10996
1GK,11025
1GK,11027
1GK,11069
1GK,11071
1GK,11089
1GK,11093
1GK,11096
1GK,11116
1GK,11117
1GK,11137
1GK,11138
1GK,11139
1GK,11140
1GK,11141
1GK,11146
1GK,11158
1GK,11162
1GK,11170
1GK,11175
1GK,11187
1GK,11191
1GK,11202
1GK,11203
1GK,11217
1GK,11222
1GK,11238
1GK,11239
1GK,11253
1GK,11258
1GK,11270
1GK,11271
1GK,11287
1GK,11292
1GK,11301
1GK,11305
1GK,11324
1GK,11329
1GK,11340
1GK,11354
1GK,11356
1GK,11362
1GK,13444
1GK,13446
1GK,13453
1GK,13456
1GK,13464
1GK,13470
1GK,13477
1GK,13480
1GK,13482
1GK,13484
1GK,13486
1GK,13490
1GK,13500
1GK,13501
1GK,13504
1GK,13526
1GK,13528
1GK,13542
1GK,13575
1GK,13577
1GK,13578
1GK,13579
1GK,13580
1GK,13585
1GK,13588
1GK,13589
1GK,13590
1GK,13593
1GK,13602
1GK,13655
1GK,13657
1GK,13658
1GK,13659
1GK,13660
1GK,13668
1GK,13669
1GK,13670
1GK,13673
1GK,13675
1GK,13682
1GK,13705
1GK,13716
1GK,13718
1GK,13719
1GK,13720
1GK,13721
1GK,13727
1GK,13729
1GK,13732
1GK,13734
1GK,13740
1GK,13757
1GK,13785
1GK,13787
1GK,13788
1GK,13789
1GK,13790
1GK,13796
1GK,13797
1GK,13801
1GK,13803
1GK,13809
1GK,13826
1GK,13846
1GK,13848
1GK,13850
1GK,13851
1GK,13852
1GK,13856
1GK,13857
1GK,13860
1GK,13862
1GK,13866
1GK,13881
1GK,13957
1GK,13959
1GK,13960
1GK,13961
1GK,13962
1GK,13965
1GK,13966
1GK,13968
1GK,13969
1GK,13971
1GK,13975
1GK,13987
1GK,13989
1GK,14076
1GK,14078
1GK,14079
1GK,14080
1GK,14133
1GK,14149
1GK,14151
1GK,14152
1GK,14153
1GK,14192
1GK,14772
1GK,14774
1GK,14775
1GK,14776
1GK,14812
1GK,14876
1GK,14932
1GK,14998
1GK,15143
1GK,15145
1GK,15149
1GK,15276
1GK,15343
1GK,15354
1GK,15357
1GK,15370
1GK,15392
1GK,15457
1GK,15473
1GK,15505
1GK,15506
1GK,15513
1GK,15514
1GK,15517
1GK,15526
1GK,15527
1GK,15528
1GK,15529
1GK,15539
1GK,15543
1GK,15547
1GK,15550
1GK,15551
1GK,15553
1GK,15555
1GK,15558
1GK,15562
1GK,20219
1GK,20231
1GK,20870
1GK,20875
1GK,21700
1GK,21768
1GK,22699
1GK,22702
1GK,23072
1GK,23073
1GK,23079
1GK,23083
1GK,23084
1GK,23085
1GK,23086
1GK,23087
1GK,23088
1GK,23120
1GK,23277
1GK,23278
1GK,23279
1GK,23280
1GK,23281
1GK,23282
1GK,23283
1GK,23284
1GK,23285
1GK,23291
1GK,24088
1GK,24093
1GK,25420
1GK,25428
1GK,26022
1GK,26969
1GK,27308
1GK,27316
1GK,27711
1GK,27724
1GK,27732
2GK,2368
2GK,2386
2GK,2388
2GK,2390
2GK,2413
2GK,3817
2GK,3825
2GK,3885
2GK,4098
2GK,4100
2GK,4103
2GK,4170
2GK,4203
2GK,4345
2GK,4353
2GK,4400
2GK,8680
2GK,10557
2GK,10590
2GK,10836
2GK,10837
2GK,10897
2GK,13444
2GK,13478
2GK,13480
2GK,13482
2GK,13484
2GK,13486
2GK,13504
2GK,13528
2GK,13576
2GK,13577
2GK,13578
2GK,13579
2GK,13580
2GK,13590
2GK,13656
2GK,13657
2GK,13658
2GK,13659
2GK,13660
2GK,13670
2GK,13675
2GK,13717
2GK,13718
2GK,13719
2GK,13720
2GK,13721
2GK,13729
2GK,13734
2GK,13786
2GK,13787
2GK,13788
2GK,13789
2GK,13790
2GK,13797
2GK,13803
2GK,13808
2GK,13848
2GK,13850
2GK,13851
2GK,13852
2GK,13857
2GK,13862
2GK,13865
2GK,13901
2GK,13959
2GK,13960
2GK,13961
2GK,13962
2GK,13966
2GK,13971
2GK,13974
2GK,13995
2GK,14078
2GK,14079
2GK,14080
2GK,14097
2GK,14118
2GK,14133
2GK,14151
2GK,14152
2GK,14153
2GK,14182
2GK,14192
2GK,14774
2GK,14775
2GK,14776
2GK,14803
2GK,14812
2GK,14876
2GK,14932
2GK,14998
2GK,15148
2GK,15277
2GK,15343
2GK,15354
2GK,15357
2GK,15359
2GK,15392
2GK,15547
2GK,15553
2GK,20230
2GK,20869
2GK,21875
2GK,23120
1GB,2368
1GB,2386
1GB,2388
1GB,2389
1GB,2400
1GB,3817
1GB,3824
1GB,4098
1GB,4100
1GB,4104
1GB,4150
1GB,4154
1GB,4203
1GB,4345
1GB,4352
1GB,4380
1GB,4443
1GB,4665
1GB,4894
1GB,4954
1GB,5249
1GB,5306
1GB,5339
1GB,5340
1GB,8680
1GB,8721
1GB,8816
1GB,8837
1GB,8838
1GB,8840
1GB,8873
1GB,8875
1GB,8944
1GB,8946
1GB,8955
1GB,8964
1GB,8996
1GB,8999
1GB,9014
1GB,9081
1GB,9090
1GB,9091
1GB,9127
1GB,9129
1GB,9142
1GB,9143
1GB,9163
1GB,9167
1GB,9179
1GB,9181
1GB,9195
1GB,9197
1GB,9202
1GB,9204
1GB,9249
1GB,9250
1GB,9251
1GB,9252
1GB,9264
1GB,9286
1GB,9288
1GB,9289
1GB,9290
1GB,9292
1GB,9309
1GB,9311
1GB,9312
1GB,9313
1GB,9321
1GB,9357
1GB,9360
1GB,9368
1GB,9377
1GB,9380
1GB,9397
1GB,9399
1GB,9402
1GB,9405
1GB,9731
1GB,9733
1GB,9734
1GB,9735
1GB,9737
1GB,10453
1GB,10557
1GB,10582
1GB,10750
1GB,10836
1GB,10837
1GB,10876
1GB,10879
1GB,10972
1GB,10985
1GB,10989
1GB,10994
1GB,10997
1GB,11008
1GB,11019
1GB,11026
1GB,11058
1GB,11064
1GB,11068
1GB,11070
1GB,11079
1GB,11083
1GB,11084
1GB,11092
1GB,11103
1GB,11109
1GB,11110
1GB,11118
1GB,11131
1GB,11133
1GB,11135
1GB,11144
1GB,11153
1GB,11173
1GB,11181
1GB,11186
1GB,11189
1GB,11210
1GB,11211
1GB,11248
1GB,11274
1GB,11282
1GB,11308
1GB,11314
1GB,11316
1GB,11319
1GB,11344
1GB,11350
1GB,12338
1GB,12386
1GB,12504
1GB,12665
1GB,12880
1GB,12888
1GB,12931
1GB,12949
1GB,12975
1GB,12984
1GB,12995
1GB,13033
1GB,13059
1GB,13076
1GB,13107
1GB,13139
1GB,13158
1GB,13352
1GB,13365
1GB,13390
1GB,13412
1GB,13413
1GB,13414
1GB,13415
1GB,13418
1GB,13422
1GB,13430
1GB,13431
1GB,13434
1GB,13435
1GB,13477
1GB,13480
1GB,13482
1GB,13484
1GB,13486
1GB,13516
1GB,13520
1GB,13543
1GB,13544
1GB,13545
1GB,13546
1GB,13549
1GB,13551
1GB,13552
1GB,13555
1GB,13556
1GB,13562
1GB,13568
1GB,13575
1GB,13577
1GB,13578
1GB,13579
1GB,13580
1GB,13603
1GB,13604
1GB,13605
1GB,13606
1GB,13607
1GB,13609
1GB,13612
1GB,13613
1GB,13616
1GB,13617
1GB,13618
1GB,13619
1GB,13655
1GB,13657
1GB,13658
1GB,13659
1GB,13660
1GB,13683
1GB,13684
1GB,13685
1GB,13686
1GB,13687
1GB,13689
1GB,13691
1GB,13692
1GB,13696
1GB,13697
1GB,13698
1GB,13715
1GB,13716
1GB,13718
1GB,13719
1GB,13720
1GB,13721
1GB,13741
1GB,13742
1GB,13743
1GB,13744
1GB,13745
1GB,13747
1GB,13749
1GB,13750
1GB,13752
1GB,13753
1GB,13754
1GB,13762
1GB,13785
1GB,13787
1GB,13788
1GB,13789
1GB,13790
1GB,13811
1GB,13812
1GB,13813
1GB,13814
1GB,13819
1GB,13822
1GB,13823
1GB,13831
1GB,13846
1GB,13848
1GB,13850
1GB,13851
1GB,13852
1GB,13868
1GB,13869
1GB,13870
1GB,13871
1GB,13875
1GB,13878
1GB,13879
1GB,13886
1GB,13948
1GB,13957
1GB,13959
1GB,13960
1GB,13961
1GB,13962
1GB,13977
1GB,13978
1GB,13979
1GB,13980
1GB,13983
1GB,13985
1GB,13986
1GB,13992
1GB,13996
1GB,14014
1GB,14076
1GB,14078
1GB,14079
1GB,14080
1GB,14100
1GB,14101
1GB,14102
1GB,14103
1GB,14109
1GB,14115
1GB,14119
1GB,14126
1GB,14133
1GB,14149
1GB,14151
1GB,14152
1GB,14153
1GB,14169
1GB,14170
1GB,14171
1GB,14172
1GB,14176
1GB,14179
1GB,14183
1GB,14190
1GB,14192
1GB,14772
1GB,14774
1GB,14775
1GB,14776
1GB,14791
1GB,14792
1GB,14793
1GB,14798
1GB,14800
1GB,14806
1GB,14812
1GB,14814
1GB,14853
1GB,14876
1GB,14889
1GB,14890
1GB,14891
1GB,14896
1GB,14898
1GB,14901
1GB,14908
1GB,14911
1GB,14932
1GB,14945
1GB,14946
1GB,14947
1GB,14952
1GB,14954
1GB,14957
1GB,14966
1GB,14998
1GB,15011
1GB,15012
1GB,15017
1GB,15019
1GB,15021
1GB,15124
1GB,15127
1GB,15132
1GB,15232
1GB,15244
1GB,15252
1GB,15254
1GB,15258
1GB,15262
1GB,15263
1GB,15276
1GB,15292
1GB,15293
1GB,15294
1GB,15295
1GB,15297
1GB,15300
1GB,15302
1GB,15306
1GB,15308
1GB,15313
1GB,15320
1GB,15322
1GB,15339
1GB,15575
1GB,15576
1GB,15577
1GB,15578
1GB,15579
1GB,15580
1GB,15581
1GB,15588
1GB,15591
1GB,15593
1GB,15597
1GB,15604
1GB,15605
1GB,19933
1GB,20202
1GB,20203
1GB,20205
1GB,20208
1GB,20211
1GB,20790
1GB,20791
1GB,20860
1GB,20861
1GB,20863
1GB,20872
1GB,21696
1GB,21759
1GB,21765
1GB,22206
1GB,22691
1GB,22693
1GB,22695
1GB,23101
1GB,23103
1GB,23134
1GB,23135
1GB,23137
1GB,23140
1GB,23146
1GB,23147
1GB,23149
1GB,23150
1GB,23183
1GB,23185
1GB,23193
1GB,23194
1GB,23197
1GB,23200
1GB,23296
1GB,23307
1GB,23308
1GB,23310
1GB,23311
1GB,23312
1GB,23313
1GB,23314
1GB,23315
1GB,23316
1GB,23367
1GB,23369
1GB,23370
1GB,23694
1GB,24081
1GB,24094
1GB,24106
1GB,24108
1GB,24109
1GB,24653
1GB,24786
1GB,25391
1GB,25396
1GB,25399
1GB,25400
1GB,25403
1GB,26888
1GB,26891
1GB,26896
1GB,27307
1GB,27314
1GB,27692
1GB,27693
1GB,27701
1GB,27707
1GB,27709
3GB,2368
3GB,2386
3GB,2388
3GB,2391
3GB,4098
3GB,4100
3GB,4102
3GB,4203
3GB,4345
3GB,4355
3GB,4452
3GB,4665
3GB,4894
3GB,5306
3GB,5339
3GB,5340
3GB,8680
3GB,8721
3GB,8816
3GB,8837
3GB,8838
3GB,8843
3GB,8873
3GB,8876
3GB,8944
3GB,8946
3GB,8955
3GB,8965
3GB,8995
3GB,8999
3GB,9014
3GB,9081
3GB,9090
3GB,9092
3GB,9127
3GB,9129
3GB,9142
3GB,9144
3GB,9163
3GB,9167
3GB,9179
3GB,9185
3GB,9194
3GB,9197
3GB,9198
3GB,9202
3GB,9204
3GB,9248
3GB,9250
3GB,9251
3GB,9252
3GB,9264
3GB,9287
3GB,9288
3GB,9289
3GB,9290
3GB,9292
3GB,9358
3GB,9360
3GB,9368
3GB,9377
3GB,9380
3GB,9398
3GB,9399
3GB,9402
3GB,9405
3GB,10557
3GB,10750
3GB,10836
3GB,10837
3GB,10994
3GB,11026
3GB,11118
3GB,11160
3GB,11189
3GB,11259
3GB,11293
3GB,11330
3GB,11363
3GB,12338
3GB,12386
3GB,12975
3GB,13139
3GB,13516
3GB,13520
3GB,15132
3GB,15232
3GB,15252
3GB,15258
3GB,15262
3GB,15263
3GB,15278
3GB,15293
3GB,15294
3GB,15309
3GB,15597
3GB,15604
3GB,15605
3GB,20208
3GB,20791
3GB,20872
3GB,25678
3GB,25682
3GB,25685
3GB,25688
3GB,25692
3GB,26892
3GB,27696
1GD,2368
1GD,2386
1GD,2388
1GD,2389
1GD,3817
1GD,3824
1GD,3881
1GD,4098
1GD,4100
1GD,4104
1GD,4203
1GD,4345
1GD,4352
1GD,4443
1GD,4665
1GD,4701
1GD,4894
1GD,4954
1GD,5241
1GD,5249
1GD,5339
1GD,5340
1GD,8680
1GD,8721
1GD,8756
1GD,8816
1GD,8823
1GD,8837
1GD,8838
1GD,8840
1GD,8873
1GD,8875
1GD,8888
1GD,8944
1GD,8946
1GD,8964
1GD,8996
1GD,8999
1GD,9014
1GD,9081
1GD,9082
1GD,9090
1GD,9091
1GD,9127
1GD,9142
1GD,9143
1GD,9163
1GD,9179
1GD,9181
1GD,9195
1GD,9197
1GD,9204
1GD,9249
1GD,9250
1GD,9251
1GD,9252
1GD,9264
1GD,9286
1GD,9288
1GD,9289
1GD,9290
1GD,9292
1GD,9309
1GD,9311
1GD,9312
1GD,9313
1GD,9321
1GD,9357
1GD,9360
1GD,9368
1GD,9377
1GD,9380
1GD,9397
1GD,9399
1GD,9402
1GD,9405
1GD,9731
1GD,9733
1GD,9734
1GD,9735
1GD,9737
1GD,10557
1GD,10587
1GD,10588
1GD,10754
1GD,10767
1GD,10836
1GD,10837
1GD,10890
1GD,10891
1GD,10986
1GD,10996
1GD,11020
1GD,11027
1GD,11065
1GD,11071
1GD,11081
1GD,11085
1GD,11093
1GD,11096
1GD,11104
1GD,11117
1GD,11137
1GD,11154
1GD,11183
1GD,11213
1GD,11249
1GD,11276
1GD,11283
1GD,11309
1GD,11320
1GD,11345
1GD,11354
1GD,11419
1GD,12349
1GD,12390
1GD,12881
1GD,12886
1GD,12928
1GD,12946
1GD,12987
1GD,12996
1GD,13047
1GD,13062
1GD,13078
1GD,13113
1GD,13156
1GD,13350
1GD,13367
1GD,13392
1GD,13440
1GD,13442
1GD,13446
1GD,13454
1GD,13456
1GD,13464
1GD,13469
1GD,13477
1GD,13480
1GD,13482
1GD,13484
1GD,13486
1GD,13491
1GD,13500
1GD,13501
1GD,13513
1GD,13523
1GD,13529
1GD,13530
1GD,13541
1GD,13542
1GD,13575
1GD,13577
1GD,13578
1GD,13579
1GD,13580
1GD,13586
1GD,13588
1GD,13589
1GD,13591
1GD,13592
1GD,13595
1GD,13596
1GD,13597
1GD,13601
1GD,13602
1GD,13655
1GD,13657
1GD,13658
1GD,13659
1GD,13660
1GD,13666
1GD,13668
1GD,13669
1GD,13671
1GD,13672
1GD,13676
1GD,13677
1GD,13706
1GD,13709
1GD,13716
1GD,13718
1GD,13719
1GD,13720
1GD,13721
1GD,13725
1GD,13727
1GD,13730
1GD,13731
1GD,13735
1GD,13736
1GD,13758
1GD,13760
1GD,13777
1GD,13785
1GD,13787
1GD,13788
1GD,13789
1GD,13790
1GD,13794
1GD,13796
1GD,13799
1GD,13800
1GD,13805
1GD,13827
1GD,13829
1GD,13832
1GD,13846
1GD,13848
1GD,13850
1GD,13851
1GD,13852
1GD,13854
1GD,13856
1GD,13858
1GD,13859
1GD,13882
1GD,13884
1GD,13887
1GD,13957
1GD,13959
1GD,13960
1GD,13961
1GD,13962
1GD,13963
1GD,13965
1GD,13967
1GD,13972
1GD,13988
1GD,13990
1GD,14002
1GD,14010
1GD,14076
1GD,14078
1GD,14079
1GD,14080
1GD,14086
1GD,14088
1GD,14090
1GD,14095
1GD,14111
1GD,14121
1GD,14133
1GD,14149
1GD,14151
1GD,14152
1GD,14153
1GD,14154
1GD,14156
1GD,14158
1GD,14163
1GD,14185
1GD,14192
1GD,14203
1GD,14772
1GD,14774
1GD,14775
1GD,14776
1GD,14777
1GD,14779
1GD,14781
1GD,14786
1GD,14808
1GD,14811
1GD,14812
1GD,14876
1GD,14877
1GD,14879
1GD,14881
1GD,14885
1GD,14902
1GD,14905
1GD,14932
1GD,14933
1GD,14935
1GD,14937
1GD,14941
1GD,14958
1GD,14961
1GD,14998
1GD,14999
1GD,15001
1GD,15003
1GD,15007
1GD,15024
1GD,15144
1GD,15145
1GD,15146
1GD,15276
1GD,15342
1GD,15343
1GD,15350
1GD,15354
1GD,15356
1GD,15357
1GD,15361
1GD,15366
1GD,15386
1GD,15393
1GD,15394
1GD,15445
1GD,15448
1GD,15450
1GD,15452
1GD,15453
1GD,15455
1GD,15469
1GD,15501
1GD,15503
1GD,15505
1GD,15506
1GD,15509
1GD,15512
1GD,15513
1GD,15514
1GD,15516
1GD,15517
1GD,15523
1GD,15526
1GD,15527
1GD,15528
1GD,15529
1GD,15531
1GD,15535
1GD,15537
1GD,15539
1GD,15541
1GD,15543
1GD,15544
1GD,15548
1GD,15551
1GD,15552
1GD,15555
1GD,15560
1GD,15561
1GD,15565
1GD,15567
1GD,15568
1GD,15569
1GD,20220
1GD,20221
1GD,20225
1GD,20228
1GD,20866
1GD,20867
1GD,20877
1GD,21704
1GD,21760
1GD,22700
1GD,23080
1GD,23081
1GD,23082
1GD,23112
1GD,23116
1GD,23124
1GD,23127
1GD,23131
1GD,23136
1GD,23139
1GD,23143
1GD,23148
1GD,23181
1GD,23184
1GD,23192
1GD,23196
1GD,23217
1GD,23225
1GD,23233
1GD,23243
1GD,23245
1GD,23246
1GD,23292
1GD,23293
1GD,23371
1GD,23701
1GD,24089
1GD,24102
1GD,24104
1GD,24787
1GD,25408
1GD,25410
1GD,25414
1GD,25415
1GD,25638
1GD,25640
1GD,25653
1GD,26903
1GD,26907
1GD,26910
1GD,27714
1GD,27722
1GD,27737
1GD,28379
3GD,2368
3GD,2386
3GD,2388
3GD,2391
3GD,4098
3GD,4100
3GD,4102
3GD,4203
3GD,4345
3GD,4355
3GD,4452
3GD,4665
3GD,4701
3GD,4894
3GD,5241
3GD,5332
3GD,5339
3GD,5340
3GD,8680
3GD,8721
3GD,8756
3GD,8816
3GD,8823
3GD,8837
3GD,8838
3GD,8843
3GD,8873
3GD,8876
3GD,8944
3GD,8945
3GD,8946
3GD,8965
3GD,8995
3GD,8999
3GD,9012
3GD,9014
3GD,9081
3GD,9082
3GD,9089
3GD,9090
3GD,9092
3GD,9127
3GD,9142
3GD,9144
3GD,9163
3GD,9179
3GD,9185
3GD,9248
3GD,9250
3GD,9251
3GD,9252
3GD,9264
3GD,9287
3GD,9288
3GD,9289
3GD,9290
3GD,9292
3GD,9358
3GD,9360
3GD,9368
3GD,9377
3GD,9380
3GD,9399
3GD,9402
3GD,9405
3GD,10557
3GD,10754
3GD,10836
3GD,10837
3GD,10996
3GD,11027
3GD,11093
3GD,11096
3GD,12349
3GD,12390
3GD,15146
3GD,15278
3GD,15354
3GD,15357
3GD,15453
3GD,15516
3GD,15517
3GD,15523
3GD,15526
3GD,15539
3GD,20225
3GD,20877
3GD,25641
3GD,25643
3GD,25648
3GD,25649
3GD,25652
3GD,26904
3GD,27738
2GE,2368
2GE,2386
2GE,2388
2GE,2390
2GE,2397
2GE,3817
2GE,3825
2GE,3840
2GE,4100
2GE,4103
2GE,4137
2GE,4203
2GE,4345
2GE,4353
2GE,4451
2GE,8680
2GE,10557
2GE,10836
2GE,10837
2GE,10873
2GE,15121
2GE,15277
2GE,20201
1GA,2368
1GA,2386
1GA,2388
1GA,2389
1GA,3817
1GA,3824
1GA,4098
1GA,4100
1GA,4104
1GA,4203
1GA,4345
1GA,4352
1GA,4443
1GA,4665
1GA,4894
1GA,4954
1GA,5249
1GA,5306
1GA,5339
1GA,5340
1GA,8680
1GA,8721
1GA,8816
1GA,8837
1GA,8838
1GA,8840
1GA,8873
1GA,8875
1GA,8878
1GA,8944
1GA,8946
1GA,8955
1GA,8964
1GA,8996
1GA,8999
1GA,9014
1GA,9081
1GA,9090
1GA,9091
1GA,9127
1GA,9129
1GA,9142
1GA,9143
1GA,9163
1GA,9179
1GA,9181
1GA,9195
1GA,9197
1GA,9202
1GA,9204
1GA,9249
1GA,9250
1GA,9251
1GA,9252
1GA,9264
1GA,9286
1GA,9288
1GA,9289
1GA,9290
1GA,9292
1GA,9309
1GA,9311
1GA,9312
1GA,9313
1GA,9321
1GA,9357
1GA,9360
1GA,9368
1GA,9377
1GA,9380
1GA,9397
1GA,9399
1GA,9402
1GA,9405
1GA,9731
1GA,9733
1GA,9734
1GA,9735
1GA,9737
1GA,10557
1GA,10750
1GA,10836
1GA,10837
1GA,10989
1GA,11070
1GA,11092
1GA,11134
1GA,11144
1GA,11180
1GA,11353
1GA,13424
1GA,13477
1GA,13480
1GA,13482
1GA,13484
1GA,13486
1GA,13517
1GA,13521
1GA,13550
1GA,13575
1GA,13577
1GA,13578
1GA,13579
1GA,13580
1GA,13610
1GA,13655
1GA,13657
1GA,13658
1GA,13659
1GA,13660
1GA,13687
1GA,13690
1GA,13716
1GA,13718
1GA,13719
1GA,13720
1GA,13721
1GA,13745
1GA,13746
1GA,13748
1GA,13785
1GA,13787
1GA,13788
1GA,13789
1GA,13790
1GA,13812
1GA,13814
1GA,13815
1GA,13817
1GA,13818
1GA,13846
1GA,13848
1GA,13850
1GA,13851
1GA,13852
1GA,13869
1GA,13871
1GA,13872
1GA,13874
1GA,13957
1GA,13959
1GA,13960
1GA,13961
1GA,13962
1GA,13978
1GA,13980
1GA,13981
1GA,13982
1GA,13991
1GA,14076
1GA,14078
1GA,14079
1GA,14080
1GA,14100
1GA,14101
1GA,14103
1GA,14104
1GA,14106
1GA,14114
1GA,14133
1GA,14149
1GA,14151
1GA,14152
1GA,14153
1GA,14169
1GA,14170
1GA,14172
1GA,14173
1GA,14174
1GA,14178
1GA,14192
1GA,14772
1GA,14774
1GA,14775
1GA,14776
1GA,14791
1GA,14792
1GA,14794
1GA,14795
1GA,14796
1GA,14799
1GA,14812
1GA,14876
1GA,14889
1GA,14890
1GA,14892
1GA,14893
1GA,14894
1GA,14897
1GA,14932
1GA,14945
1GA,14946
1GA,14948
1GA,14949
1GA,14950
1GA,14953
1GA,14983
1GA,14998
1GA,15011
1GA,15012
1GA,15014
1GA,15015
1GA,15018
1GA,15027
1GA,15231
1GA,15252
1GA,15263
1GA,15271
1GA,15276
1GA,15292
1GA,15329
1GA,15330
1GA,15331
1GA,15332
1GA,15333
1GA,15334
1GA,15335
1GA,15336
1GA,15337
1GA,15339
1GA,15340
1GA,15593
1GA,15604
1GA,15605
1GA,20766
1GA,23110
1GA,23119
1GA,23123
1GA,23126
1GA,23130
1GA,23138
1GA,23141
1GA,23286
1GA,23287
1GA,23288
1GA,23294
1GA,23295
1GA,23297
1GA,23298
1GA,23299
1GA,23300
1GA,23301
1GA,23302
1GA,24110
1GA,25397
1GA,26887
1GA,27691
1GJ,2368
1GJ,2386
1GJ,2388
1GJ,2389
1GJ,3817
1GJ,3824
1GJ,4098
1GJ,4100
1GJ,4104
1GJ,4203
1GJ,4345
1GJ,4352
1GJ,4443
1GJ,4665
1GJ,4894
1GJ,4954
1GJ,5241
1GJ,5249
1GJ,5306
1GJ,5339
1GJ,5340
1GJ,8680
1GJ,8721
1GJ,8756
1GJ,8816
1GJ,8823
1GJ,8837
1GJ,8838
1GJ,8840
1GJ,8873
1GJ,8875
1GJ,8944
1GJ,8946
1GJ,8955
1GJ,8964
1GJ,8996
1GJ,8999
1GJ,9014
1GJ,9081
1GJ,9082
1GJ,9090
1GJ,9091
1GJ,9127
1GJ,9142
1GJ,9143
1GJ,9163
1GJ,9179
1GJ,9181
1GJ,9195
1GJ,9197
1GJ,9204
1GJ,9249
1GJ,9250
1GJ,9251
1GJ,9252
1GJ,9264
1GJ,9286
1GJ,9288
1GJ,9289
1GJ,9290
1GJ,9292
1GJ,9309
1GJ,9311
1GJ,9312
1GJ,9313
1GJ,9321
1GJ,9357
1GJ,9360
1GJ,9368
1GJ,9377
1GJ,9380
1GJ,9397
1GJ,9399
1GJ,9402
1GJ,9405
1GJ,9731
1GJ,9733
1GJ,9734
1GJ,9735
1GJ,9737
1GJ,10557
1GJ,10754
1GJ,10836
1GJ,10837
1GJ,11096
1GJ,11139
1GJ,11140
1GJ,11354
1GJ,13444
1GJ,13464
1GJ,13477
1GJ,13480
1GJ,13482
1GJ,13484
1GJ,13486
1GJ,13504
1GJ,13526
1GJ,13528
1GJ,13575
1GJ,13577
1GJ,13578
1GJ,13579
1GJ,13580
1GJ,13590
1GJ,13593
1GJ,13655
1GJ,13657
1GJ,13658
1GJ,13659
1GJ,13660
1GJ,13675
1GJ,13716
1GJ,13718
1GJ,13719
1GJ,13720
1GJ,13721
1GJ,13729
1GJ,13734
1GJ,13785
1GJ,13787
1GJ,13788
1GJ,13789
1GJ,13790
1GJ,13797
1GJ,13803
1GJ,13846
1GJ,13848
1GJ,13850
1GJ,13851
1GJ,13852
1GJ,13857
1GJ,13862
1GJ,13957
1GJ,13959
1GJ,13960
1GJ,13961
1GJ,13962
1GJ,13966
1GJ,13971
1GJ,13989
1GJ,14076
1GJ,14078
1GJ,14079
1GJ,14080
1GJ,14133
1GJ,14149
1GJ,14151
1GJ,14152
1GJ,14153
1GJ,14192
1GJ,14772
1GJ,14774
1GJ,14775
1GJ,14776
1GJ,14812
1GJ,14876
1GJ,14932
1GJ,14998
1GJ,15145
1GJ,15276
1GJ,15343
1GJ,15354
1GJ,15357
1GJ,15370
1GJ,15392
1GJ,15457
1GJ,15473
1GJ,15505
1GJ,15506
1GJ,15513
1GJ,15514
1GJ,15517
1GJ,15526
1GJ,15527
1GJ,15528
1GJ,15529
1GJ,15547
1GJ,15550
1GJ,15553
1GJ,15558
1GJ,15562
1GJ,20766
1GJ,23120
1GJ,23275
1GJ,23276
1GJ,23277
1GJ,23278
1GJ,23279
1GJ,23280
1GJ,23281
1GJ,23282
1GJ,23283
1GJ,23284
1GJ,23285
1GJ,23289
1GJ,23290
1GJ,23291
1GJ,24090
1GJ,25411
1GJ,26909
1GJ,27713
3FR,2318
3FR,2887
3FR,2979
3FR,3005
3FR,3078
3FR,3093
3FR,3343
3FR,3375
3FR,3466
3FR,3473
3FR,3596
3FR,3645
3FR,3696
3FR,3880
3FR,7798
NM0,2320
NM0,3595
NM0,3638
NM0,3698
NM0,3753
NM0,10598
NM0,12454
NM0,15199
NM0,20337
NM0,20744
NM0,22477
NM0,22847
NM0,24476
2LM,2321
2LM,3095
2LM,3382
2LM,3495
2LM,3592
2LM,3594
2LM,3639
2LM,3640
2LM,3699
2LM,3702
2LM,3761
2LM,3763
2LM,3856
2LM,3857
2LM,10594
2LM,10595
2LM,12455
2LM,12456
2LM,15200
2LM,16026
2LM,20166
2LM,20339
2LM,20745
2LM,22296
2LM,23634
2LM,24477
5LM,2324
5LM,2914
5LM,2922
5LM,3003
5LM,3101
5LM,3383
5LM,3497
5LM,3590
5LM,3641
5LM,3851
5LM,3853
5LM,3854
5LM,3859
5LM,5474
5LM,5489
5LM,5525
5LM,6672
5LM,6729
5LM,7711
5LM,7715
5LM,9455
5LM,9466
5LM,9476
5LM,9503
5LM,9510
5LM,9511
5LM,9521
5LM,9531
5LM,9537
5LM,9542
5LM,9546
5LM,9564
5LM,9566
5LM,9567
5LM,9576
5LM,10596
5LM,10597
5LM,10829
5LM,10830
5LM,11984
5LM,16022
5LM,16028
5LM,20338
5LM,20340
5LM,20690
5LM,20691
5LM,20746
5LM,21642
5LM,21663
5LM,21665
5LM,23223
5LM,23224
5LM,23834
5LM,23950
5LM,24320
5LM,24321
5LM,25554
5LM,25555
5LM,26196
5LM,26310
5LM,26716
5LM,26973
5LM,26974
5LM,27644
5LM,28412
5LM,28439
5LM,28440
5LM,28631
4F2,2325
4F2,2928
4F2,3009
4F2,3391
4F2,3504
4F2,3589
4F2,5525
4F2,5935
4F2,6780
4F2,7717
4F2,9455
4F2,9476
4F2,9510
4F2,9521
4F2,9531
4F2,9537
4F2,9542
4F2,9546
4F2,9564
4F2,9566
4F2,9567
4F2,9576
4F2,9606
4F2,9607
4F2,9627
4F2,11983
4F2,12209
4F2,12222
4F2,12230
4F2,12235
4F2,12237
4F2,12240
4F2,12561
4F2,12563
4F2,12571
4F2,12574
4F2,14626
4M2,2327
4M2,2328
4M2,2911
4M2,2913
4M2,2993
4M2,2997
4M2,2998
4M2,3104
4M2,3120
4M2,3385
4M2,3388
4M2,3498
4M2,3502
4M2,3580
4M2,5474
4M2,5489
4M2,5525
4M2,6782
4M2,7137
4M2,7436
4M2,7771
4M2,9455
4M2,9466
4M2,9476
4M2,9503
4M2,9510
4M2,9511
4M2,9521
4M2,9531
4M2,9537
4M2,9542
4M2,9546
4M2,9564
4M2,9566
4M2,9567
4M2,9576
4M2,9606
4M2,9607
4M2,9627
4M2,9629
4M2,11984
4M2,12209
4M2,12222
4M2,12230
4M2,12235
4M2,12237
4M2,12240
4M2,12598
4M2,12629
4M2,12729
4M2,12753
4M2,12774
4M2,12777
4M2,14626
4M2,14736
JHM,2335
JHM,2343
JHM,2371
JHM,2385
JHM,2506
JHM,2515
JHM,2518
JHM,2521
JHM,2527
JHM,2540
JHM,3298
JHM,3319
JHM,3342
JHM,3345
JHM,3354
JHM,3355
JHM,3361
JHM,3362
JHM,3365
JHM,3377
JHM,3393
JHM,3421
JHM,3430
JHM,3435
JHM,3443
JHM,3452
JHM,3470
JHM,5320
JHM,5334
JHM,5432
JHM,5439
JHM,5499
JHM,5531
JHM,5532
JHM,5545
JHM,5600
JHM,5605
JHM,5609
JHM,5635
JHM,5655
JHM,5656
JHM,5660
JHM,5777
JHM,5779
JHM,5780
JHM,9272
JHM,9319
JHM,9323
JHM,9324
JHM,9327
JHM,9369
JHM,9403
JHM,9417
JHM,9448
JHM,9450
JHM,9451
JHM,9467
JHM,9475
JHM,9477
JHM,9478
JHM,9498
JHM,9500
JHM,9504
JHM,9505
JHM,9512
JHM,9513
JHM,9515
JHM,9524
JHM,9526
JHM,9529
JHM,9534
JHM,9535
JHM,9536
JHM,9538
JHM,9545
JHM,9554
JHM,9555
JHM,9559
JHM,9563
JHM,9589
JHM,9591
JHM,9592
JHM,9751
JHM,9774
JHM,9790
JHM,9791
JHM,9795
JHM,9796
JHM,9797
JHM,9798
JHM,9803
JHM,9805
JHM,9823
JHM,9824
JHM,9825
JHM,9835
JHM,9856
JHM,9877
JHM,9911
JHM,9912
JHM,10014
JHM,10016
JHM,10017
JHM,10018
JHM,10027
JHM,10034
JHM,10036
JHM,10041
JHM,10130
JHM,10131
JHM,10136
JHM,10615
JHM,10786
JHM,10951
JHM,10953
JHM,10958
JHM,10973
JHM,10976
JHM,10980
JHM,10983
JHM,10990
JHM,11010
JHM,11024
JHM,11030
JHM,11054
JHM,11090
JHM,11113
JHM,11121
JHM,11648
JHM,12173
JHM,12189
JHM,12191
JHM,12193
JHM,12194
JHM,12196
JHM,12199
JHM,12211
JHM,12246
JHM,12271
JHM,12281
JHM,12282
JHM,12283
JHM,12287
JHM,12289
JHM,12294
JHM,12298
JHM,12370
JHM,12383
JHM,12423
JHM,12424
JHM,13481
JHM,14140
JHM,14142
JHM,14143
JHM,14146
JHM,14147
JHM,14167
JHM,16613
JHM,16904
JHM,17289
JHM,18184
JHM,18585
JHM,19533
JHM,20039
JHM,20040
JHM,20307
JHM,20508
JHM,20519
JHM,20520
JHM,20655
JHM,21058
JHM,21137
JHM,21141
JHM,21215
JHM,21216
JHM,21410
JHM,21446
JHM,21675
JHM,25751
JHM,25757
JHM,25761
JHM,25764
JHM,25768
JHM,25772
JHM,25777
JHM,25781
JHM,25785
JHM,25789
JHM,25793
JHM,25797
JHM,25801
JHM,25805
JHM,25927
JHM,25940
JHM,25943
JHM,26043
JHM,26131
JHM,26720
JHM,27005
JHM,27115
JHM,27250
JHM,27386
JHM,28353
JHM,28718
JHM,28861
1HG,2335
1HG,2343
1HG,2371
1HG,2385
1HG,2506
1HG,2515
1HG,2518
1HG,2521
1HG,2527
1HG,2540
1HG,3298
1HG,3319
1HG,3342
1HG,3345
1HG,3354
1HG,3355
1HG,3361
1HG,3362
1HG,3365
1HG,3377
1HG,3393
1HG,3421
1HG,3430
1HG,3435
1HG,3443
1HG,3452
1HG,3470
1HG,5320
1HG,5334
1HG,5432
1HG,5439
1HG,5499
1HG,5531
1HG,5532
1HG,5545
1HG,5600
1HG,5605
1HG,5609
1HG,5635
1HG,5655
1HG,5656
1HG,5660
1HG,5682
1HG,9272
1HG,9319
1HG,9323
1HG,9324
1HG,9327
1HG,9369
1HG,9403
1HG,9417
1HG,9448
1HG,9450
1HG,9451
1HG,9467
1HG,9475
1HG,9477
1HG,9478
1HG,9498
1HG,9500
1HG,9504
1HG,9505
1HG,9512
1HG,9513
1HG,9515
1HG,9524
1HG,9526
1HG,9529
1HG,9534
1HG,9535
1HG,9536
1HG,9538
1HG,9545
1HG,9554
1HG,9555
1HG,9559
1HG,9563
1HG,9589
1HG,9591
1HG,9592
1HG,9751
1HG,9774
1HG,9790
1HG,9791
1HG,9792
1HG,9795
1HG,9796
1HG,9797
1HG,9798
1HG,9803
1HG,9805
1HG,9824
1HG,9825
1HG,9855
1HG,9856
1HG,9877
1HG,9911
1HG,9912
1HG,10014
1HG,10016
1HG,10017
1HG,10018
1HG,10027
1HG,10034
1HG,10036
1HG,10041
1HG,10130
1HG,10131
1HG,10136
1HG,10615
1HG,10786
1HG,10951
1HG,10953
1HG,10958
1HG,10973
1HG,10976
1HG,10980
1HG,10983
1HG,10990
1HG,11010
1HG,11024
1HG,11030
1HG,11054
1HG,11090
1HG,11113
1HG,11121
1HG,11648
1HG,12173
1HG,12189
1HG,12193
1HG,12194
1HG,12196
1HG,12199
1HG,12211
1HG,12246
1HG,12271
1HG,12281
1HG,12282
1HG,12283
1HG,12287
1HG,12289
1HG,12294
1HG,12298
1HG,12370
1HG,12383
1HG,12423
1HG,12424
1HG,13481
1HG,14140
1HG,14146
1HG,14167
1HG,16613
1HG,16904
1HG,17289
1HG,18184
1HG,18585
1HG,19533
1HG,20039
1HG,20040
1HG,20307
1HG,20508
1HG,20519
1HG,20520
1HG,20655
1HG,21058
1HG,21137
1HG,21141
1HG,21215
1HG,21216
1HG,21410
1HG,21446
1HG,21675
1HG,21990
1HG,22254
1HG,22255
1HG,22263
1HG,22905
1HG,23009
1HG,23520
1HG,23538
1HG,23671
1HG,24500
1HG,24720
1HG,24721
1HG,25014
1HG,25030
1HG,25915
1HG,25936
1HG,25941
1HG,26044
1HG,26127
1HG,26720
1HG,27006
1HG,27112
1HG,27251
1HG,27385
1HG,28825
5KB,2335
5KB,2343
5KB,2371
5KB,2385
5KB,2506
5KB,2515
5KB,2518
5KB,2521
5KB,2527
5KB,2540
5KB,3298
5KB,3319
5KB,3342
5KB,3345
5KB,3354
5KB,3355
5KB,3361
5KB,3362
5KB,3365
5KB,3377
5KB,3393
5KB,3421
5KB,3430
5KB,3435
5KB,3443
5KB,3452
5KB,3470
5KB,5320
5KB,5334
5KB,5432
5KB,5439
5KB,5499
5KB,5531
5KB,5532
5KB,5545
5KB,5600
5KB,5605
5KB,5609
5KB,5635
5KB,5655
5KB,5656
5KB,5660
5KB,9369
5KB,9403
5KB,9417
5KB,9448
5KB,9450
5KB,9451
5KB,9467
5KB,9475
5KB,9477
5KB,9478
5KB,9498
5KB,9500
5KB,9504
5KB,9505
5KB,9512
5KB,9513
5KB,9515
5KB,9524
5KB,9526
5KB,9529
5KB,9534
5KB,9535
5KB,9536
5KB,9538
5KB,9545
5KB,9554
5KB,9555
5KB,9559
5KB,9563
5KB,9589
5KB,9591
5KB,9592
5KB,9751
5KB,9774
5KB,9790
5KB,9791
5KB,9795
5KB,9796
5KB,9797
5KB,9798
5KB,9803
5KB,9805
5KB,9824
5KB,9825
5KB,9856
5KB,9877
5KB,9911
5KB,9912
5KB,10130
5KB,10131
5KB,10136
5KB,10615
5KB,11648
5KB,12298
5KB,12370
5KB,12383
5KB,12423
5KB,12424
5KB,13481
5KB,16613
5KB,16904
5KB,17289
5KB,18184
5KB,18585
5KB,19533
5KB,20039
5KB,20040
5KB,20307
5KB,20508
5KB,20519
5KB,20520
5KB,20655
5KB,21058
5KB,21137
5KB,21141
5KB,21215
5KB,21216
5KB,21410
5KB,21446
5KB,21675
5KB,21990
5KB,22254
5KB,22255
5KB,22263
5KB,22905
5KB,23009
5KB,23520
5KB,23538
5KB,23671
5KB,24500
5KB,24720
5KB,24721
5KB,25014
5KB,25030
5KB,25915
5KB,25936
5KB,25941
5KB,26044
5KB,26127
5KB,27006
5KB,27112
5KB,27251
5KB,27385
2HG,2335
2HG,2343
2HG,2371
2HG,2385
2HG,2506
2HG,2515
2HG,2518
2HG,2521
2HG,2527
2HG,2540
2HG,3298
2HG,3319
2HG,3342
2HG,3345
2HG,3354
2HG,3355
2HG,3361
2HG,3362
2HG,3365
2HG,3377
2HG,3393
2HG,3421
2HG,3430
2HG,3435
2HG,3443
2HG,3452
2HG,3470
2HG,5320
2HG,5334
2HG,5432
2HG,5439
2HG,5499
2HG,5531
2HG,5532
2HG,5545
2HG,5600
2HG,5605
2HG,5609
2HG,5635
2HG,5655
2HG,5656
2HG,5660
2HG,9272
2HG,9319
2HG,9323
2HG,9324
2HG,9327
2HG,9369
2HG,9403
2HG,9417
2HG,9448
2HG,9450
2HG,9451
2HG,9467
2HG,9475
2HG,9477
2HG,9478
2HG,9498
2HG,9500
2HG,9504
2HG,9505
2HG,9512
2HG,9513
2HG,9515
2HG,9524
2HG,9526
2HG,9529
2HG,9534
2HG,9535
2HG,9536
2HG,9538
2HG,9545
2HG,9554
2HG,9555
2HG,9559
2HG,9563
2HG,9589
2HG,9591
2HG,9592
2HG,9751
2HG,9774
2HG,9790
2HG,9791
2HG,9795
2HG,9796
2HG,9797
2HG,9798
2HG,9803
2HG,9805
2HG,9824
2HG,9825
2HG,9856
2HG,9877
2HG,9911
2HG,9912
2HG,10014
2HG,10016
2HG,10017
2HG,10018
2HG,10027
2HG,10034
2HG,10036
2HG,10041
2HG,10130
2HG,10131
2HG,10136
2HG,10615
2HG,10786
2HG,10953
2HG,10958
2HG,10973
2HG,10976
2HG,10990
2HG,11010
2HG,11024
2HG,11030
2HG,11090
2HG,11113
2HG,11648
2HG,12189
2HG,12193
2HG,12194
2HG,12196
2HG,12199
2HG,12211
2HG,12246
2HG,12271
2HG,12281
2HG,12282
2HG,12283
2HG,12287
2HG,12289
2HG,12294
2HG,12298
2HG,12370
2HG,12383
2HG,12423
2HG,12424
2HG,13481
2HG,16613
2HG,16904
2HG,17289
2HG,18184
2HG,18585
2HG,19533
2HG,20039
2HG,20040
2HG,20307
2HG,20508
2HG,20519
2HG,20520
2HG,20655
2HG,21058
2HG,21137
2HG,21141
2HG,21215
2HG,21216
2HG,21410
2HG,21446
2HG,21675
2HG,25750
2HG,25755
2HG,25758
2HG,25762
2HG,25766
2HG,25770
2HG,25774
2HG,25778
2HG,25782
2HG,25786
2HG,25790
2HG,25794
2HG,25798
2HG,25802
2HG,25924
2HG,25937
2HG,25942
2HG,26045
2HG,26128
2HG,26720
2HG,27007
2HG,27113
2HG,27252
2HG,27387
2HG,28264
SHH,2335
SHH,2343
SHH,2371
SHH,2385
SHH,2506
SHH,2515
SHH,2518
SHH,2521
SHH,2527
SHH,2540
SHH,3298
SHH,3319
SHH,3342
SHH,3345
SHH,3354
SHH,3355
SHH,3361
SHH,3362
SHH,3365
SHH,3377
SHH,3393
SHH,3421
SHH,3430
SHH,3435
SHH,3443
SHH,3452
SHH,3470
SHH,5320
SHH,5334
SHH,5432
SHH,5439
SHH,5499
SHH,5531
SHH,5532
SHH,5545
SHH,5600
SHH,5605
SHH,5609
SHH,5635
SHH,5655
SHH,5656
SHH,5660
SHH,9272
SHH,9319
SHH,9323
SHH,9324
SHH,9327
SHH,9403
SHH,9417
SHH,9448
SHH,9450
SHH,9451
SHH,9467
SHH,9475
SHH,9477
SHH,9478
SHH,9498
SHH,9500
SHH,9504
SHH,9505
SHH,9512
SHH,9513
SHH,9515
SHH,9524
SHH,9526
SHH,9529
SHH,9534
SHH,9535
SHH,9536
SHH,9538
SHH,9545
SHH,9554
SHH,9555
SHH,9559
SHH,9563
SHH,9589
SHH,9591
SHH,9592
SHH,9751
SHH,9774
SHH,9790
SHH,9791
SHH,9795
SHH,9796
SHH,9797
SHH,9798
SHH,9803
SHH,9805
SHH,9824
SHH,9825
SHH,9856
SHH,9877
SHH,9911
SHH,9912
SHH,10130
SHH,10131
SHH,10136
SHH,10615
SHH,11648
SHH,12298
SHH,12370
SHH,12383
SHH,12423
SHH,12424
SHH,13481
SHH,16613
SHH,16904
SHH,17289
SHH,18184
SHH,18585
SHH,19533
SHH,20039
SHH,20040
SHH,20307
SHH,20508
SHH,20519
SHH,20520
SHH,20655
SHH,21058
SHH,21137
SHH,21141
SHH,21215
SHH,21216
SHH,21410
SHH,21446
SHH,21675
SHH,25752
SHH,25756
SHH,25760
SHH,25765
SHH,25769
SHH,25773
SHH,25776
SHH,25780
SHH,25784
SHH,25788
SHH,25792
SHH,25796
SHH,25800
SHH,25804
SHH,25926
SHH,25939
SHH,25944
SHH,26046
SHH,26130
SHH,26720
3HG,2335
3HG,2343
3HG,2371
3HG,2385
3HG,2506
3HG,2515
3HG,2518
3HG,2521
3HG,2527
3HG,2540
3HG,3298
3HG,3319
3HG,3342
3HG,3345
3HG,3354
3HG,3355
3HG,3361
3HG,3362
3HG,3365
3HG,3377
3HG,3393
3HG,3421
3HG,3430
3HG,3435
3HG,3443
3HG,3452
3HG,3470
3HG,5320
3HG,5334
3HG,5432
3HG,5439
3HG,5499
3HG,5531
3HG,5532
3HG,5545
3HG,5600
3HG,5605
3HG,5609
3HG,5635
3HG,5655
3HG,5656
3HG,5660
3HG,9272
3HG,9319
3HG,9323
3HG,9324
3HG,9327
3HG,9403
3HG,9417
3HG,9448
3HG,9450
3HG,9451
3HG,9467
3HG,9475
3HG,9477
3HG,9478
3HG,9498
3HG,9500
3HG,9504
3HG,9505
3HG,9512
3HG,9513
3HG,9515
3HG,9524
3HG,9526
3HG,9529
3HG,9534
3HG,9535
3HG,9536
3HG,9538
3HG,9545
3HG,9554
3HG,9555
3HG,9559
3HG,9563
3HG,9589
3HG,9591
3HG,9592
3HG,9751
3HG,9774
3HG,9790
3HG,9791
3HG,9795
3HG,9796
3HG,9797
3HG,9798
3HG,9803
3HG,9805
3HG,9824
3HG,9825
3HG,9856
3HG,9877
3HG,9911
3HG,9912
3HG,10130
3HG,10131
3HG,10136
3HG,10615
3HG,11648
3HG,12298
3HG,12370
3HG,12383
3HG,12423
3HG,12424
3HG,13481
3HG,16613
3HG,16904
3HG,17289
3HG,18184
3HG,18585
3HG,19533
3HG,20039
3HG,20040
3HG,20307
3HG,20508
3HG,20519
3HG,20520
3HG,20655
3HG,21058
3HG,21137
3HG,21141
3HG,21215
3HG,21216
3HG,21410
3HG,21446
3HG,21675
3HG,25753
3HG,25754
3HG,25759
3HG,25763
3HG,25767
3HG,25771
3HG,25775
3HG,25779
3HG,25783
3HG,25787
3HG,25791
3HG,25795
3HG,25799
3HG,25803
3HG,25925
3HG,25938
3HG,25945
3HG,26047
3HG,26129
3HG,26720
3HG,27008
3HG,27114
3HG,27253
3HG,27388
19X,2335
19X,2343
19X,2371
19X,2385
19X,2506
19X,2515
19X,2518
19X,2521
19X,2527
19X,2540
19X,3298
19X,3319
19X,3342
19X,3345
19X,3354
19X,3355
19X,3361
19X,3362
19X,3365
19X,3377
19X,3393
19X,3421
19X,3430
19X,3435
19X,3443
19X,3452
19X,3470
19X,5320
19X,5334
19X,5432
19X,5439
19X,5499
19X,5531
19X,5532
19X,5545
19X,5600
19X,5605
19X,5609
19X,5635
19X,5655
19X,5656
19X,5660
19X,9403
19X,9417
19X,9448
19X,9450
19X,9451
19X,9467
19X,9475
19X,9477
19X,9478
19X,9498
19X,9500
19X,9504
19X,9505
19X,9512
19X,9513
19X,9515
19X,9524
19X,9526
19X,9529
19X,9534
19X,9535
19X,9536
19X,9538
19X,9545
19X,9554
19X,9555
19X,9559
19X,9563
19X,9589
19X,9591
19X,9592
19X,9790
19X,9791
19X,9795
19X,9796
19X,9797
19X,9798
19X,9803
19X,9805
19X,9824
19X,9825
19X,9856
19X,9877
19X,9911
19X,9912
19X,10130
19X,10131
19X,10136
19X,10615
19X,11648
19X,12298
19X,12370
19X,12383
19X,12423
19X,12424
19X,13481
19X,16613
19X,16904
19X,17289
19X,18184
19X,18585
19X,19533
19X,20039
19X,20040
19X,20307
19X,20508
19X,20519
19X,20520
19X,20655
19X,21058
19X,21137
19X,21141
19X,21215
19X,21216
19X,21410
19X,21446
19X,21675
19X,21990
19X,22254
19X,22255
19X,22263
19X,22905
19X,23009
19X,23520
19X,23538
19X,23671
19X,24500
19X,24720
19X,24721
19X,25014
19X,25030
19X,25915
19X,25936
19X,25941
19X,26044
19X,26127
19X,27006
19X,27112
19X,27251
19X,27385
19X,28352
19X,28825
JH4,2371
JH4,2513
JH4,2527
JH4,2530
JH4,2532
JH4,2535
JH4,2536
JH4,2538
JH4,3331
JH4,3338
JH4,3373
JH4,3374
JH4,3406
JH4,3409
JH4,3419
JH4,3464
JH4,5311
JH4,5367
JH4,5430
JH4,5443
JH4,5446
JH4,5448
JH4,5497
JH4,5527
JH4,5574
JH4,5579
JH4,5610
JH4,5615
JH4,5617
JH4,5633
JH4,5674
JH4,5679
JH4,5767
JH4,5768
JH4,5784
JH4,5789
JH4,9339
JH4,9343
JH4,9344
JH4,9346
JH4,9356
JH4,9385
JH4,9386
JH4,9387
JH4,9400
JH4,9486
JH4,9487
JH4,9517
JH4,9518
JH4,9595
JH4,9598
JH4,9777
JH4,9787
JH4,9801
JH4,9810
JH4,9813
JH4,9817
JH4,9818
JH4,9819
JH4,9821
JH4,9822
JH4,9860
JH4,9861
JH4,9921
JH4,9927
JH4,9928
JH4,9929
JH4,10032
JH4,10033
JH4,10045
JH4,10051
JH4,10052
JH4,10054
JH4,10069
JH4,10070
JH4,10081
JH4,10082
JH4,10091
JH4,10094
JH4,10119
JH4,10140
JH4,10141
JH4,10142
JH4,10462
JH4,10813
JH4,10818
JH4,10943
JH4,10947
JH4,10948
JH4,10962
JH4,10965
JH4,11037
JH4,11038
JH4,11039
JH4,11040
JH4,11044
JH4,11045
JH4,11046
JH4,11048
JH4,11049
JH4,11050
JH4,11051
JH4,11130
JH4,11136
JH4,12160
JH4,12161
JH4,12162
JH4,12163
JH4,12164
JH4,12165
JH4,12166
JH4,12167
JH4,12168
JH4,16615
JH4,18187
JH4,18195
JH4,18587
JH4,19947
JH4,20140
JH4,20496
JH4,20509
JH4,20824
JH4,21103
JH4,21259
JH4,21315
JH4,22245
JH4,22309
JH4,22436
JH4,23319
JH4,23620
JH4,23796
JH4,24243
JH4,24735
JH4,25305
JH4,25511
JH4,26324
JH4,26911
JH4,27130
JH4,27236
JHL,2371
JHL,2381
JHL,2387
JHL,2505
JHL,2527
JHL,2539
JHL,3301
JHL,3313
JHL,3326
JHL,3332
JHL,3341
JHL,3353
JHL,3354
JHL,3367
JHL,3370
JHL,3371
JHL,3407
JHL,3421
JHL,3425
JHL,3454
JHL,3460
JHL,5349
JHL,5421
JHL,5476
JHL,5493
JHL,5576
JHL,5600
JHL,5613
JHL,5621
JHL,5635
JHL,5638
JHL,5654
JHL,5687
JHL,9303
JHL,9324
JHL,9326
JHL,9418
JHL,9454
JHL,9464
JHL,9465
JHL,9469
JHL,9502
JHL,9507
JHL,9508
JHL,9509
JHL,9532
JHL,9533
JHL,9540
JHL,9541
JHL,9549
JHL,9550
JHL,9551
JHL,9556
JHL,9572
JHL,9585
JHL,9587
JHL,9590
JHL,9751
JHL,9774
JHL,9798
JHL,9803
JHL,9807
JHL,9829
JHL,10029
JHL,10114
JHL,10127
JHL,10132
JHL,10133
JHL,10134
JHL,10135
JHL,12506
JHL,13483
JHL,13505
JHL,15619
JHL,17203
JHL,18186
JHL,18586
JHL,19946
JHL,20304
JHL,20305
JHL,20561
JHL,20658
JHL,21105
JHL,21139
JHL,21303
JHL,21321
JHL,21355
JHL,25726
JHL,25736
JHL,25740
JHL,25745
JHL,25841
JHL,25845
JHL,25849
JHL,25858
JHL,25862
JHL,25866
JHL,25872
JHL,25876
JHL,25880
JHL,25884
JHL,25888
JHL,25892
JHL,25896
JHL,25901
JHL,25913
JHL,25916
JHL,25920
JHL,26225
JHL,26559
JHL,26658
JHL,26703
JHL,27166
JHL,27194
JH1,2371
JH1,2516
JH1,2519
JH1,2527
JH1,3349
JH1,3363
JH1,9366
JH1,9419
JH1,9452
JH1,9506
JH1,9539
JH1,12352
JH1,17090
JH1,20038
JH1,21372
JH1,22571
JH1,23549
JH1,24535
JH1,26383
JH1,27263
19U,2371
19U,2513
19U,2527
19U,2530
19U,2532
19U,2535
19U,2536
19U,2538
19U,3331
19U,3338
19U,3373
19U,3374
19U,3406
19U,3409
19U,3419
19U,3464
19U,5311
19U,5367
19U,5430
19U,5443
19U,5446
19U,5448
19U,5497
19U,5527
19U,5574
19U,5579
19U,5610
19U,5615
19U,5617
19U,5633
19U,5674
19U,5679
19U,5789
19U,9339
19U,9343
19U,9344
19U,9346
19U,9356
19U,9385
19U,9386
19U,9387
19U,9400
19U,9486
19U,9487
19U,9517
19U,9518
19U,9595
19U,9598
19U,9777
19U,9787
19U,9801
19U,9810
19U,9813
19U,9817
19U,9818
19U,9819
19U,9821
19U,9822
19U,9860
19U,9861
19U,9921
19U,9927
19U,9928
19U,9929
19U,10054
19U,10069
19U,10070
19U,10081
19U,10082
19U,10091
19U,10094
19U,10119
19U,10140
19U,10141
19U,10142
19U,10462
19U,10813
19U,10818
19U,16615
19U,18187
19U,18195
19U,18587
19U,19947
19U,20140
19U,20496
19U,20509
19U,20824
19U,21103
19U,21259
19U,21315
19U,22245
19U,22309
19U,22436
19U,23319
19U,23620
19U,23796
19U,24243
19U,24735
19U,25305
19U,25511
19U,26322
19U,26912
19U,27129
19U,27237
19U,28479
5J6,2371
5J6,2381
5J6,2387
5J6,2505
5J6,2527
5J6,2539
5J6,3301
5J6,3313
5J6,3326
5J6,3332
5J6,3341
5J6,3353
5J6,3354
5J6,3367
5J6,3370
5J6,3371
5J6,3407
5J6,3421
5J6,3425
5J6,3454
5J6,3460
5J6,5349
5J6,5421
5J6,5476
5J6,5493
5J6,5576
5J6,5600
5J6,5613
5J6,5621
5J6,5635
5J6,5638
5J6,5654
5J6,9303
5J6,9324
5J6,9326
5J6,9418
5J6,9454
5J6,9464
5J6,9465
5J6,9469
5J6,9502
5J6,9507
5J6,9508
5J6,9509
5J6,9532
5J6,9533
5J6,9540
5J6,9541
5J6,9549
5J6,9550
5J6,9551
5J6,9556
5J6,9572
5J6,9585
5J6,9587
5J6,9590
5J6,9798
5J6,9803
5J6,9807
5J6,10114
5J6,10127
5J6,10132
5J6,10133
5J6,10134
5J6,10135
5J6,12506
5J6,13483
5J6,13505
5J6,15619
5J6,17203
5J6,18186
5J6,18586
5J6,19946
5J6,20304
5J6,20305
5J6,20561
5J6,20658
5J6,21105
5J6,21139
5J6,21303
5J6,21321
5J6,21355
5J6,21621
5J6,21751
5J6,22310
5J6,22325
5J6,22368
5J6,22504
5J6,23342
5J6,23366
5J6,23464
5J6,23732
5J6,24009
5J6,24257
5J6,24612
5J6,24725
5J6,24740
5J6,24916
5J6,25335
5J6,25509
5J6,25510
5J6,25727
5J6,25909
5J6,26228
5J6,26558
5J6,26659
5J6,26704
5J6,27167
5J6,27195
5J6,28212
5J6,28795
5J8,2371
5J8,2508
5J8,2517
5J8,2527
5J8,2528
5J8,2534
5J8,3296
5J8,3309
5J8,3348
5J8,3360
5J8,3364
5J8,5318
5J8,5563
5J8,5603
5J8,5673
5J8,9355
5J8,9438
5J8,9480
5J8,9494
5J8,9497
5J8,9516
5J8,9520
5J8,9522
5J8,9561
5J8,9562
5J8,9593
5J8,9601
5J8,9925
5J8,10115
5J8,10137
5J8,10139
5J8,10811
5J8,12358
5J8,16368
5J8,17796
5J8,20139
5J8,20308
5J8,20886
5J8,21059
5J8,21681
5J8,22846
5J8,23588
5J8,23764
5J8,24064
5J8,24121
5J8,24739
5J8,25355
5J8,25356
5J8,26065
5J8,26929
5J8,27341
5J8,28177
5J8,28584
5J7,2371
5J7,2516
5J7,2519
5J7,2527
5J7,3349
5J7,3363
5J7,9366
5J7,9419
5J7,9452
5J7,9506
5J7,9539
5J7,12352
5J7,17090
5J7,20038
5J7,21372
5J7,22571
5J7,23549
5J7,24535
5J7,26382
5J7,27262
5KC,2371
5KC,2513
5KC,2527
5KC,2530
5KC,2532
5KC,2535
5KC,2536
5KC,2538
5KC,3331
5KC,3338
5KC,3373
5KC,3374
5KC,3406
5KC,3409
5KC,3419
5KC,3464
5KC,5311
5KC,5367
5KC,5430
5KC,5443
5KC,5446
5KC,5448
5KC,5497
5KC,5527
5KC,5574
5KC,5579
5KC,5610
5KC,5615
5KC,5617
5KC,5633
5KC,5674
5KC,5679
5KC,5789
5KC,9356
5KC,9385
5KC,9386
5KC,9387
5KC,9400
5KC,9486
5KC,9487
5KC,9517
5KC,9518
5KC,9595
5KC,9598
5KC,9777
5KC,9787
5KC,9801
5KC,9810
5KC,9813
5KC,9817
5KC,9818
5KC,9819
5KC,9821
5KC,9822
5KC,9860
5KC,9861
5KC,9921
5KC,9927
5KC,9928
5KC,9929
5KC,10091
5KC,10094
5KC,10119
5KC,10140
5KC,10141
5KC,10142
5KC,10462
5KC,10813
5KC,10818
5KC,16615
5KC,18187
5KC,18195
5KC,18587
5KC,19947
5KC,20140
5KC,20496
5KC,20509
5KC,20824
5KC,21103
5KC,21259
5KC,21315
5KC,22245
5KC,22309
5KC,22436
5KC,23319
5KC,23620
5KC,23796
5KC,24243
5KC,24735
5KC,25305
5KC,25511
5KC,26322
5KC,26912
5KC,27129
5KC,27237
5FN,2371
5FN,2381
5FN,2387
5FN,2505
5FN,2527
5FN,2539
5FN,3301
5FN,3313
5FN,3326
5FN,3332
5FN,3341
5FN,3353
5FN,3354
5FN,3367
5FN,3370
5FN,3371
5FN,3407
5FN,3421
5FN,3425
5FN,3454
5FN,3460
5FN,5349
5FN,5421
5FN,5476
5FN,5493
5FN,5576
5FN,5600
5FN,5613
5FN,5621
5FN,5635
5FN,5638
5FN,5654
5FN,9303
5FN,9324
5FN,9326
5FN,9418
5FN,9454
5FN,9464
5FN,9465
5FN,9469
5FN,9502
5FN,9507
5FN,9508
5FN,9509
5FN,9532
5FN,9533
5FN,9540
5FN,9541
5FN,9549
5FN,9550
5FN,9551
5FN,9556
5FN,9572
5FN,9585
5FN,9587
5FN,9590
5FN,9798
5FN,9803
5FN,9807
5FN,10114
5FN,10127
5FN,10132
5FN,10133
5FN,10134
5FN,10135
5FN,12506
5FN,13483
5FN,13505
5FN,15619
5FN,17203
5FN,18186
5FN,18586
5FN,19946
5FN,20304
5FN,20305
5FN,20561
5FN,20658
5FN,21105
5FN,21139
5FN,21303
5FN,21321
5FN,21355
5FN,21621
5FN,21751
5FN,22310
5FN,22325
5FN,22368
5FN,22504
5FN,23342
5FN,23366
5FN,23464
5FN,23732
5FN,24009
5FN,24257
5FN,24612
5FN,24725
5FN,24740
5FN,24916
5FN,25335
5FN,25509
5FN,25510
5FN,25727
5FN,25909
5FN,26228
5FN,26558
5FN,26659
5FN,26704
5FN,27167
5FN,27195
5FN,27896
5FN,28401
5FN,28841
5FR,2371
5FR,2508
5FR,2517
5FR,2527
5FR,2528
5FR,2534
5FR,3296
5FR,3309
5FR,3348
5FR,3360
5FR,3364
5FR,5318
5FR,5563
5FR,5603
5FR,5673
5FR,9355
5FR,9438
5FR,9480
5FR,9494
5FR,9497
5FR,9516
5FR,9520
5FR,9522
5FR,9561
5FR,9562
5FR,9593
5FR,9601
5FR,9925
5FR,10115
5FR,10137
5FR,10139
5FR,10811
5FR,12358
5FR,16368
5FR,17796
5FR,20139
5FR,20308
5FR,20886
5FR,21059
5FR,21681
5FR,22846
5FR,23588
5FR,23764
5FR,24064
5FR,24121
5FR,24739
5FR,25355
5FR,25356
5FR,26066
5FR,26929
5FR,27342
5FP,2371
5FP,2516
5FP,2519
5FP,2527
5FP,3349
5FP,3363
5FP,9366
5FP,9419
5FP,9452
5FP,9506
5FP,9539
5FP,12352
5FP,17090
5FP,20038
5FP,21372
5FP,22571
5FP,23549
5FP,24535
5FP,26382
5FP,27262
5FP,28549
5FS,2371
5FS,2527
2HH,2371
2HH,2513
2HH,2527
2HH,2530
2HH,2532
2HH,2535
2HH,2536
2HH,2538
2HH,3331
2HH,3338
2HH,3373
2HH,3374
2HH,3406
2HH,3409
2HH,3419
2HH,3464
2HH,5311
2HH,5367
2HH,5430
2HH,5443
2HH,5446
2HH,5448
2HH,5497
2HH,5527
2HH,5574
2HH,5579
2HH,5610
2HH,5615
2HH,5617
2HH,5633
2HH,5674
2HH,5679
2HH,5789
2HH,9356
2HH,9385
2HH,9386
2HH,9387
2HH,9400
2HH,9486
2HH,9487
2HH,9517
2HH,9518
2HH,9595
2HH,9598
2HH,9777
2HH,9787
2HH,9801
2HH,9810
2HH,9813
2HH,9817
2HH,9818
2HH,9819
2HH,9821
2HH,9822
2HH,9860
2HH,9861
2HH,9921
2HH,9927
2HH,9928
2HH,9929
2HH,10091
2HH,10094
2HH,10119
2HH,10140
2HH,10141
2HH,10142
2HH,10462
2HH,10813
2HH,10818
2HH,16615
2HH,18187
2HH,18195
2HH,18587
2HH,19947
2HH,20140
2HH,20496
2HH,20509
2HH,20824
2HH,21103
2HH,21259
2HH,21315
2HH,22245
2HH,22309
2HH,22436
2HH,23319
2HH,23620
2HH,23796
2HH,24243
2HH,24735
2HH,25305
2HH,25511
2HH,26325
2HH,26913
2HH,27131
2HH,27238
2HK,2371
2HK,2381
2HK,2387
2HK,2505
2HK,2527
2HK,2539
2HK,3301
2HK,3313
2HK,3326
2HK,3332
2HK,3341
2HK,3353
2HK,3354
2HK,3367
2HK,3370
2HK,3371
2HK,3407
2HK,3421
2HK,3425
2HK,3454
2HK,3460
2HK,5349
2HK,5421
2HK,5476
2HK,5493
2HK,5576
2HK,5600
2HK,5613
2HK,5621
2HK,5635
2HK,5638
2HK,5654
2HK,9303
2HK,9324
2HK,9326
2HK,9418
2HK,9454
2HK,9464
2HK,9465
2HK,9469
2HK,9502
2HK,9507
2HK,9508
2HK,9509
2HK,9532
2HK,9533
2HK,9540
2HK,9541
2HK,9549
2HK,9550
2HK,9551
2HK,9556
2HK,9572
2HK,9585
2HK,9587
2HK,9590
2HK,9798
2HK,9803
2HK,9807
2HK,10114
2HK,10127
2HK,10132
2HK,10133
2HK,10134
2HK,10135
2HK,12506
2HK,13483
2HK,13505
2HK,15619
2HK,17203
2HK,18186
2HK,18586
2HK,19946
2HK,20304
2HK,20305
2HK,20561
2HK,20658
2HK,21105
2HK,21139
2HK,21303
2HK,21321
2HK,21355
2HK,25728
2HK,25737
2HK,25743
2HK,25747
2HK,25842
2HK,25847
2HK,25851
2HK,25860
2HK,25864
2HK,25868
2HK,25874
2HK,25878
2HK,25882
2HK,25886
2HK,25890
2HK,25894
2HK,25898
2HK,25903
2HK,25911
2HK,25918
2HK,25922
2HK,26227
2HK,26560
2HK,26660
2HK,26701
2HK,27168
2HK,27196
2HK,28211
2HN,2371
2HN,2508
2HN,2517
2HN,2527
2HN,2528
2HN,2534
2HN,3296
2HN,3309
2HN,3348
2HN,3360
2HN,3364
2HN,5318
2HN,5563
2HN,5603
2HN,5673
2HN,9337
2HN,9355
2HN,9438
2HN,9480
2HN,9494
2HN,9497
2HN,9516
2HN,9520
2HN,9522
2HN,9561
2HN,9562
2HN,9593
2HN,9601
2HN,9925
2HN,10115
2HN,10137
2HN,10139
2HN,10811
2HN,12358
2HN,16368
2HN,17796
2HN,20139
2HN,20308
2HN,20886
2HN,21059
2HN,21681
2HN,22846
2HN,23588
2HN,23764
2HN,24064
2HN,24121
2HN,24739
2HN,25356
2HN,26067
2HN,26092
2HN,26930
2HN,27343
2HJ,2371
2HJ,2516
2HJ,2519
2HJ,2527
2HJ,3349
2HJ,3363
2HJ,5349
2HJ,9366
2HJ,9419
2HJ,9452
2HJ,9506
2HJ,9539
2HJ,12352
2HJ,17090
2HJ,20038
2HJ,21372
2HJ,22571
2HJ,23549
2HJ,24535
2HJ,26384
2HJ,27264
2HU,2371
2HU,2527
SHS,2371
SHS,2381
SHS,2387
SHS,2505
SHS,2527
SHS,2539
SHS,3301
SHS,3313
SHS,3326
SHS,3332
SHS,3341
SHS,3353
SHS,3354
SHS,3367
SHS,3370
SHS,3371
SHS,3407
SHS,3421
SHS,3425
SHS,3454
SHS,3460
SHS,5349
SHS,5421
SHS,5476
SHS,5493
SHS,5576
SHS,5600
SHS,5613
SHS,5621
SHS,5635
SHS,5638
SHS,5654
SHS,9303
SHS,9324
SHS,9326
SHS,9418
SHS,9454
SHS,9464
SHS,9465
SHS,9469
SHS,9502
SHS,9507
SHS,9508
SHS,9509
SHS,9532
SHS,9533
SHS,9540
SHS,9541
SHS,9549
SHS,9550
SHS,9551
SHS,9556
SHS,9572
SHS,9585
SHS,9587
SHS,9590
SHS,9798
SHS,9803
SHS,9807
SHS,10114
SHS,10127
SHS,10132
SHS,10133
SHS,10134
SHS,10135
SHS,12506
SHS,13483
SHS,13505
SHS,15619
SHS,17203
SHS,18186
SHS,18586
SHS,19946
SHS,20304
SHS,20305
SHS,20561
SHS,20658
SHS,21105
SHS,21139
SHS,21303
SHS,21321
SHS,21355
SHS,25729
SHS,25739
SHS,25741
SHS,25746
SHS,25843
SHS,25848
SHS,25852
SHS,25861
SHS,25865
SHS,25869
SHS,25875
SHS,25879
SHS,25883
SHS,25887
SHS,25891
SHS,25895
SHS,25899
SHS,25904
SHS,25910
SHS,25919
SHS,25923
3CZ,2371
3CZ,2381
3CZ,2387
3CZ,2505
3CZ,2527
3CZ,2539
3CZ,3301
3CZ,3313
3CZ,3326
3CZ,3332
3CZ,3341
3CZ,3353
3CZ,3354
3CZ,3367
3CZ,3370
3CZ,3371
3CZ,3407
3CZ,3421
3CZ,3425
3CZ,3454
3CZ,3460
3CZ,5349
3CZ,5421
3CZ,5476
3CZ,5493
3CZ,5576
3CZ,5600
3CZ,5613
3CZ,5621
3CZ,5635
3CZ,5638
3CZ,5654
3CZ,9418
3CZ,9454
3CZ,9464
3CZ,9465
3CZ,9469
3CZ,9502
3CZ,9507
3CZ,9508
3CZ,9509
3CZ,9532
3CZ,9533
3CZ,9540
3CZ,9541
3CZ,9549
3CZ,9550
3CZ,9551
3CZ,9556
3CZ,9572
3CZ,9585
3CZ,9587
3CZ,9590
3CZ,9798
3CZ,9803
3CZ,9807
3CZ,10114
3CZ,10127
3CZ,10132
3CZ,10133
3CZ,10134
3CZ,10135
3CZ,12506
3CZ,13483
3CZ,13505
3CZ,15619
3CZ,17203
3CZ,18186
3CZ,18586
3CZ,19946
3CZ,20304
3CZ,20305
3CZ,20561
3CZ,20658
3CZ,21105
3CZ,21139
3CZ,21303
3CZ,21321
3CZ,21355
3CZ,25730
3CZ,25738
3CZ,25742
3CZ,25748
3CZ,25844
3CZ,25846
3CZ,25850
3CZ,25859
3CZ,25863
3CZ,25867
3CZ,25873
3CZ,25877
3CZ,25881
3CZ,25885
3CZ,25889
3CZ,25893
3CZ,25897
3CZ,25902
3CZ,25912
3CZ,25917
3CZ,25921
3CZ,26226
3CZ,26561
3CZ,26661
3CZ,26702
3CZ,27169
3CZ,27193
3CZ,28117
1B3,2407
1B3,2409
1B3,2410
1B3,2418
1B3,2422
1B3,2435
1B3,3644
1B3,3759
1B3,3790
1B3,3808
1B3,3831
1B3,3842
1B3,3846
1B3,3848
1B3,3861
1B3,3862
1B3,5368
1B3,5381
1B3,5389
1B3,6240
1B3,6250
1B3,6255
1B3,6258
1B3,6263
1B3,6271
1B3,6273
1B3,6367
1B3,6387
1B3,6393
1B3,6415
1B3,6418
1B3,6431
1B3,6855
1B3,6858
1B3,7061
1B3,7068
1B3,7173
1B3,7197
1B3,7972
1B3,7978
1B3,7995
1B3,7997
1B3,8000
1B3,8008
1B3,8104
1B3,8108
1B3,8132
1B3,8134
1B3,8139
1B3,12515
1B3,12516
1B3,13225
1B3,13239
1B3,13248
1B3,13258
1B3,13265
1B3,13277
1B3,13285
1B3,13288
1B3,13296
1B3,13303
1B3,13311
1B3,13314
1B3,13325
1B3,13329
1B3,13344
1B3,13362
1B3,13375
1B3,13381
1B3,13398
1B3,13419
1B3,13915
1B3,14024
1B3,14030
1B3,14035
1B3,14045
1B3,14068
1B3,14069
1B3,14071
1B3,14596
1C3,2407
1C3,2408
1C3,2409
1C3,2410
1C3,2418
1C3,2435
1C3,2469
1C3,2470
1C3,2471
1C3,2473
1C3,2474
1C3,2475
1C3,2477
1C3,3644
1C3,3719
1C3,3759
1C3,3790
1C3,3807
1C3,3831
1C3,3842
1C3,3846
1C3,3848
1C3,3855
1C3,3862
1C3,3989
1C3,3994
1C3,4000
1C3,4245
1C3,4254
1C3,4279
1C3,4370
1C3,4372
1C3,4387
1C3,5342
1C3,5381
1C3,5389
1C3,6240
1C3,6245
1C3,6255
1C3,6258
1C3,6263
1C3,6271
1C3,6273
1C3,6358
1C3,6367
1C3,6372
1C3,6393
1C3,6415
1C3,6418
1C3,6431
1C3,6486
1C3,6505
1C3,6856
1C3,7061
1C3,7063
1C3,7173
1C3,7209
1C3,7433
1C3,7438
1C3,7972
1C3,7991
1C3,7995
1C3,7997
1C3,8000
1C3,8008
1C3,8104
1C3,8106
1C3,8132
1C3,8133
1C3,8138
1C3,11372
1C3,12299
1C3,12516
1C3,13206
1C3,13225
1C3,13236
1C3,13248
1C3,13254
1C3,13265
1C3,13271
1C3,13285
1C3,13287
1C3,13296
1C3,13301
1C3,13314
1C3,13323
1C3,13329
1C3,13342
1C3,13362
1C3,13371
1C3,13381
1C3,13395
1C3,13416
1C3,13915
1C3,13916
1C3,14030
1C3,14032
1C3,14035
1C3,14037
1C3,14043
1C3,14045
1C3,20786
1C3,21676
2B3,2407
2B3,2409
2B3,2410
2B3,2418
2B3,2422
2B3,2435
2B3,3644
2B3,3759
2B3,3790
2B3,3808
2B3,3831
2B3,3842
2B3,3846
2B3,3848
2B3,3861
2B3,3862
2B3,5368
2B3,5381
2B3,5389
2B3,6240
2B3,6250
2B3,6255
2B3,6258
2B3,6263
2B3,6271
2B3,6273
2B3,6367
2B3,6387
2B3,6393
2B3,6415
2B3,6418
2B3,6431
2B3,6855
2B3,6858
2B3,7061
2B3,7068
2B3,7173
2B3,7197
2B3,7433
2B3,7437
2B3,7972
2B3,7978
2B3,7995
2B3,7997
2B3,8000
2B3,8008
2B3,8104
2B3,8108
2B3,8132
2B3,8134
2B3,8139
2B3,12515
2B3,12516
2B3,13225
2B3,13239
2B3,13248
2B3,13258
2B3,13265
2B3,13277
2B3,13285
2B3,13288
2B3,13296
2B3,13303
2B3,13311
2B3,13314
2B3,13325
2B3,13329
2B3,13344
2B3,13362
2B3,13375
2B3,13381
2B3,13398
2B3,13419
2B3,13915
2B3,14024
2B3,14030
2B3,14035
2B3,14045
2B3,14068
2B3,14069
2B3,14071
2B3,27558
2C3,2407
2C3,2408
2C3,2409
2C3,2410
2C3,2418
2C3,2435
2C3,2469
2C3,2470
2C3,2471
2C3,2473
2C3,2474
2C3,2475
2C3,2477
2C3,3644
2C3,3719
2C3,3759
2C3,3790
2C3,3807
2C3,3831
2C3,3842
2C3,3846
2C3,3848
2C3,3855
2C3,3862
2C3,3989
2C3,3994
2C3,4000
2C3,4245
2C3,4254
2C3,4279
2C3,4370
2C3,4372
2C3,4387
2C3,5342
2C3,5381
2C3,5389
2C3,6240
2C3,6245
2C3,6255
2C3,6258
2C3,6263
2C3,6271
2C3,6273
2C3,6358
2C3,6367
2C3,6372
2C3,6393
2C3,6415
2C3,6418
2C3,6431
2C3,6486
2C3,6505
2C3,6856
2C3,7061
2C3,7063
2C3,7173
2C3,7209
2C3,7433
2C3,7438
2C3,7972
2C3,7991
2C3,7995
2C3,7997
2C3,8000
2C3,8008
2C3,8104
2C3,8106
2C3,8132
2C3,8133
2C3,8138
2C3,11372
2C3,12299
2C3,12516
2C3,13206
2C3,13225
2C3,13236
2C3,13248
2C3,13254
2C3,13265
2C3,13271
2C3,13285
2C3,13287
2C3,13296
2C3,13301
2C3,13314
2C3,13323
2C3,13329
2C3,13342
2C3,13362
2C3,13371
2C3,13381
2C3,13395
2C3,13416
2C3,13915
2C3,13916
2C3,14030
2C3,14032
2C3,14035
2C3,14037
2C3,14043
2C3,14045
2C3,16437
2C3,20385
2C3,20786
2C3,21285
2C3,21676
2C3,22153
2C3,23703
2C3,24775
2C3,24777
2C3,24778
2C3,26823
2C3,27550
2C3,27551
2C3,27552
2C3,27553
2C3,27554
2C3,27555
2C3,27556
2C3,27557
2C3,27558
2C3,27623
2C3,28298
1Z9101,2416
JN1,2419
JN1,2420
JN1,2421
JN1,2612
JN1,2662
JN1,2674
JN1,2679
JN1,2726
JN1,2762
JN1,2785
JN1,2815
JN1,2866
JN1,5986
JN1,6058
JN1,6132
JN1,8473
JN1,8775
JN1,8778
JN1,8846
JN1,10361
JN1,10367
JN1,11143
JN1,11169
JN1,11182
JN1,11190
JN1,11198
JN1,12202
JN1,12471
JN1,13179
JN1,13268
JN1,13281
JN1,13317
JN1,13322
JN1,13845
JN1,13904
JN1,13906
JN1,13907
JN1,15606
JN1,15806
JN1,15822
JN1,20064
JN1,21198
JN1,21576
JN1,21644
JN1,23273
JN1,24136
JN1,24139
JN1,24780
JN1,24856
JN1,25443
JN1,26007
JN1,26009
JN1,26392
JN1,27760
JN1,28514
JN1,28517
1N4,2419
1N4,2420
1N4,2421
1N4,2612
1N4,2662
1N4,2674
1N4,2679
1N4,2726
1N4,2762
1N4,2785
1N4,2815
1N4,2866
1N4,5986
1N4,6058
1N4,6132
1N4,8473
1N4,8775
1N4,8778
1N4,8846
1N4,10361
1N4,10367
1N4,11143
1N4,11169
1N4,11182
1N4,11190
1N4,11198
1N4,12202
1N4,12471
1N4,13179
1N4,13268
1N4,13281
1N4,13317
1N4,13322
1N4,15606
1N4,15806
1N4,15822
1N4,20064
1N4,21198
1N4,21576
1N4,21644
1N4,23273
1N4,24134
1N4,24502
1N4,24504
1N4,25571
1N4,25573
1N4,26862
1N4,27026
1N4,28736
3N1,2419
3N1,2420
3N1,2421
3N1,2612
3N1,2662
3N1,2674
3N1,2679
3N1,2726
3N1,2762
3N1,2785
3N1,2815
3N1,2866
3N1,5986
3N1,6058
3N1,6132
3N1,8473
3N1,8775
3N1,8778
3N1,8846
3N1,10361
3N1,10367
3N1,11143
3N1,11169
3N1,11182
3N1,11190
3N1,11198
3N1,12202
3N1,12471
3N1,13179
3N1,13268
3N1,13281
3N1,13317
3N1,13322
3N1,15606
3N1,15806
3N1,15822
3N1,20064
3N1,21198
3N1,21576
3N1,21644
3N1,23273
3N1,24586
3N1,24855
3N1,25017
3N1,26004
3N1,26005
3N1,26006
3N1,27031
3N1,27328
3N1,27759
3N1,28516
JN3,2419
JN3,2420
JN3,2421
JN3,2612
JN3,2662
JN3,2674
JN3,2679
JN3,2726
JN3,2762
JN3,2785
JN3,2815
JN3,2866
JN3,5986
JN3,6058
JN3,6132
JN3,8473
JN3,8775
JN3,8778
JN3,8846
JN3,10361
JN3,10367
JN3,11143
JN3,11169
JN3,11182
JN3,11190
JN3,12202
JN3,12471
JN3,15606
JN3,15806
JN3,15822
JN3,20064
JN3,21198
JN3,21576
JN3,21644
JN3,23273
JN8,2420
JN8,2437
JN8,2440
JN8,2645
JN8,2692
JN8,2698
JN8,2709
JN8,2740
JN8,2776
JN8,2821
JN8,2849
JN8,2872
JN8,6031
JN8,6052
JN8,8780
JN8,8811
JN8,8841
JN8,8860
JN8,10361
JN8,10377
JN8,10470
JN8,12470
JN8,12937
JN8,12965
JN8,12973
JN8,13006
JN8,13215
JN8,13273
JN8,13278
JN8,13319
JN8,15607
JN8,20065
JN8,20528
JN8,20529
JN8,21199
JN8,21576
JN8,21653
JN8,22767
JN8,24509
JN8,24857
JN8,25444
JN8,25628
JN8,26002
JN8,26391
JN8,26864
JN8,27028
JN8,27514
JN8,27662
JN8,28282
JN8,28286
JN8,28288
JN8,28512
5N1,2420
5N1,2437
5N1,2440
5N1,2645
5N1,2692
5N1,2698
5N1,2709
5N1,2740
5N1,2776
5N1,2821
5N1,2849
5N1,2872
5N1,6052
5N1,8841
5N1,8860
5N1,10361
5N1,10377
5N1,10470
5N1,12470
5N1,15607
5N1,20065
5N1,21199
5N1,21576
5N1,21653
5N1,22767
5N1,24505
5N1,24506
5N1,24508
5N1,24511
5N1,25574
5N1,25575
5N1,25577
5N1,26389
5N1,27029
5N1,27032
5N1,27512
5N1,27663
5N1,28285
5N1,28287
5N1,28515
5N1,28737
3N8,2420
3N8,2437
3N8,2440
3N8,2872
3N8,10361
3N8,10377
3N8,12470
3N8,15607
3N8,20065
3N8,21199
3N8,21576
3N8,21653
3N8,22767
3N8,27027
3N8,28513
KNM,2420
KNM,2437
KNM,2440
KNM,10361
KNM,10377
KNM,12470
KNM,15607
KNM,20065
KNM,21199
KNM,21576
KNM,21653
KNM,22767
JN6,2420
JN6,2431
JN6,2434
JN6,2636
JN6,2688
JN6,2695
JN6,2703
JN6,2749
JN6,2791
JN6,2858
JN6,2886
JN6,6031
JN6,8826
JN6,8830
JN6,8831
JN6,8841
JN6,8869
JN6,10361
JN6,10398
JN6,10470
JN6,12472
JN6,12947
JN6,12953
JN6,12959
JN6,12960
JN6,13008
JN6,13217
JN6,13276
JN6,13279
JN6,13320
JN6,13321
JN6,13838
JN6,13839
JN6,17512
JN6,20497
JN6,20528
JN6,20529
JN6,21291
JN6,21576
JN6,21933
JN6,22764
1N6,2420
1N6,2431
1N6,2434
1N6,2636
1N6,2688
1N6,2695
1N6,2703
1N6,2749
1N6,2791
1N6,2858
1N6,2886
1N6,6031
1N6,8826
1N6,8830
1N6,8831
1N6,8841
1N6,8869
1N6,10361
1N6,10398
1N6,10470
1N6,12472
1N6,12947
1N6,12953
1N6,12959
1N6,12960
1N6,13008
1N6,13217
1N6,13276
1N6,13279
1N6,13320
1N6,13321
1N6,13838
1N6,13839
1N6,17512
1N6,20497
1N6,20528
1N6,20529
1N6,21291
1N6,21576
1N6,21933
1N6,22764
1N6,24503
1N6,24510
1N6,25576
1N6,26003
1N6,27326
1N6,28283
3N6,2420
3N6,2431
3N6,2434
3N6,2858
3N6,2886
3N6,10361
3N6,10398
3N6,12472
3N6,17512
3N6,20497
3N6,21291
3N6,21576
3N6,21933
3N6,22764
5BZ,2420
5BZ,2430
5BZ,10361
5BZ,10375
5BZ,12473
5BZ,17513
5BZ,20498
5BZ,21292
5BZ,21576
5BZ,22241
1D7,2409
1D7,2410
1D7,2426
1D7,2435
1D7,2439
1D7,2441
1D7,3644
1D7,3681
1D7,3685
1D7,3846
1D7,3887
1D7,3950
1D7,3962
1D7,4579
1D7,7326
1D7,7399
1D7,7524
1D7,7548
1D7,7694
1D7,7768
1D7,7772
1D7,10815
1D7,10959
1D7,10961
1D7,10964
1D7,11012
1D7,11014
1D7,11015
1D7,11017
1D7,11021
1D7,11029
1D7,11036
1D7,12649
1D6,7326
1D6,7524
1D6,7548
1D6,7694
1D6,7768
1D6,7772
1D6,10921
1D6,10959
1D6,10961
1D6,10964
1D6,11012
1D6,11014
1D6,11015
1D6,11021
1D6,11029
1D6,20947
1Z7,2409
1Z7,2410
1Z7,2426
1Z7,2435
1Z7,2436
1Z7,3846
1Z7,3887
1Z7,3914
1Z7,4579
1Z7,7694
1Z7,7786
1Z7,10959
1Z7,10961
1Z7,10964
1Z7,12649
3D7,2409
3D7,2410
3D7,2426
3D7,2435
3D7,2439
3D7,2441
3D7,3644
3D7,3681
3D7,3685
3D7,3846
3D7,3887
3D7,3950
3D7,3962
3D7,4579
3D7,7326
3D7,7399
3D7,7524
3D7,7548
3D7,7694
3D7,7768
3D7,7772
3D7,10959
3D7,10961
3D7,10964
3D7,11012
3D7,11014
3D7,11015
3D7,11017
3D7,11021
3D7,11029
3D7,11036
3D7,12649
3D6,2409
3D6,2410
3D6,2426
3D6,2435
3D6,2439
3D6,2441
3D6,3644
3D6,3685
3D6,3846
3D6,3887
3D6,3950
3D6,3962
3D6,4579
3D6,7326
3D6,7524
3D6,7548
3D6,7694
3D6,7768
3D6,7772
3D6,10921
3D6,10959
3D6,10961
3D6,10964
3D6,11012
3D6,11014
3D6,11015
3D6,11021
3D6,11029
3D6,11036
3D6,12649
3D6,20947
3D6,21623
1A4,2409
1A4,2410
1A4,2426
1A4,2429
1A4,2435
1A4,3644
1A4,3846
1A4,3887
1A4,4579
1A4,6695
1A4,6941
1A4,6965
1A4,6970
1A4,6978
1A4,7231
1A4,7248
1A4,7326
1A4,7408
1A4,7524
1A4,7543
1A4,7694
1A4,7699
1A4,8123
1A4,8128
1A4,8225
1A4,8238
1A4,8242
1A4,8246
1A4,10956
1A4,10959
1A4,12649
1D4,2409
1D4,2410
1D4,2426
1D4,2435
1D4,3644
1D4,3846
1D4,3887
1D4,4579
1D4,6695
1D4,6941
1D4,6970
1D4,6979
1D4,7231
1D4,7244
1D4,7326
1D4,7399
1D4,7524
1D4,7694
1D4,8123
1D4,8129
1D4,8225
1D4,8242
1D4,8244
1D4,10768
1D4,10812
1D4,10815
1D4,10872
1D4,10913
1D4,10938
1D4,10959
1D4,10961
1D4,10964
1D4,10984
1D4,10992
1D4,11005
1D4,11007
1D4,11041
1D4,12649
1D4,27484
1J4,2409
1J4,2410
1J4,2426
1J4,2435
1J4,2438
1J4,3644
1J4,3650
1J4,3846
1J4,3887
1J4,3908
1J4,4579
1J4,6695
1J4,6941
1J4,6957
1J4,6970
1J4,6977
1J4,7231
1J4,7265
1J4,7326
1J4,7424
1J4,7524
1J4,7551
1J4,7694
1J4,7782
1J4,8131
1J4,8239
1J4,8247
1J4,10959
1J4,10961
1J4,10964
1J4,10966
1J4,10971
1J4,10982
1J4,12649
1J4,12955
1J4,14222
1J4,14223
1J4,14224
1J4,14236
1J4,14237
1J4,14238
1J4,14241
1J4,14258
1J4,14259
1J4,14260
1J4,14263
1J4,14286
1J4,14287
1J4,14288
1J4,14291
1J4,14297
1J4,14320
1J4,14321
1J4,14322
1J4,14325
1J4,14331
1J4,14336
1J4,14344
1J4,14345
1J4,14346
1J4,14349
1J4,14358
1J4,14362
1J4,14408
1J4,14409
1J6,6695
1J6,6941
1J6,6957
1J6,6970
1J6,6977
1J6,7231
1J6,7265
1J6,7326
1J6,7424
1J6,7524
1J6,7551
1J6,7694
1J6,7782
1J6,8123
1J6,8131
1J6,8225
1J6,8239
1J6,8242
1J6,8247
1J6,10959
1J6,10961
1J6,10964
1J6,10966
1J6,10971
1J6,10982
2A4,2409
2A4,2410
2A4,2426
2A4,2429
2A4,2435
2A4,3621
2A4,3644
2A4,3846
2A4,3887
2A4,4579
2A4,6695
2A4,6941
2A4,6965
2A4,6970
2A4,6978
2A4,7231
2A4,7248
2A4,7326
2A4,7408
2A4,7524
2A4,7543
2A4,7694
2A4,7699
2A4,8123
2A4,8128
2A4,8225
2A4,8238
2A4,8242
2A4,8246
2A4,10956
2A4,10959
2A4,12649
2D4,2409
2D4,2410
2D4,2426
2D4,2435
2D4,3644
2D4,3846
2D4,3887
2D4,4579
2D4,6695
2D4,6941
2D4,6970
2D4,6979
2D4,7231
2D4,7244
2D4,7326
2D4,7399
2D4,7524
2D4,7694
2D4,8123
2D4,8129
2D4,8225
2D4,8242
2D4,8244
2D4,10768
2D4,10812
2D4,10815
2D4,10872
2D4,10913
2D4,10938
2D4,10959
2D4,10961
2D4,10964
2D4,10984
2D4,10992
2D4,11005
2D4,11007
2D4,11041
2D4,12649
3A4,2409
3A4,2410
3A4,2426
3A4,2429
3A4,2435
3A4,3644
3A4,3846
3A4,3887
3A4,3893
3A4,4579
3A4,6695
3A4,6941
3A4,6965
3A4,6970
3A4,6978
3A4,7231
3A4,7248
3A4,7326
3A4,7408
3A4,7524
3A4,7543
3A4,7694
3A4,7699
3A4,8123
3A4,8128
3A4,8225
3A4,8238
3A4,8242
3A4,8246
3A4,10956
3A4,10959
3A4,12649
3D4,2409
3D4,2410
3D4,2426
3D4,2435
3D4,3644
3D4,3846
3D4,3887
3D4,4579
3D4,6695
3D4,6941
3D4,6970
3D4,6979
3D4,7231
3D4,7244
3D4,7326
3D4,7399
3D4,7524
3D4,7694
3D4,8123
3D4,8129
3D4,8225
3D4,8242
3D4,8244
3D4,10768
3D4,10812
3D4,10815
3D4,10872
3D4,10913
3D4,10938
3D4,10959
3D4,10961
3D4,10964
3D4,10984
3D4,10992
3D4,11005
3D4,11007
3D4,11041
3D4,12649
2V4,4293
2V4,4590
2V4,4612
JH2,3507
JH2,3680
JH2,3959
JH2,3970
JH2,3977
JH2,3992
JH2,4005
JH2,11429
JH2,11455
JH2,11476
JH2,11495
JH2,11512
JH2,11534
JH2,11608
JH2,11649
JH2,11656
JH2,11670
JH2,11671
JH2,11675
JH2,11680
JH2,11683
JH2,11694
JH2,11701
JH2,11704
JH2,11705
JH2,11713
JH2,11716
JH2,11723
JH2,11760
JH2,12155
JH2,14201
JH2,14202
JH2,14204
JH2,14207
JH2,14209
JH2,18188
JH2,20057
JH2,20974
JH2,21196
JH2,21624
JH2,22132
JH2,22155
JH2,22376
JH2,22736
JH2,23850
JH2,24384
JH2,24388
JH2,25021
JH2,25344
JH2,26749
JH2,27000
JH2,27981
1HF,3507
1HF,3680
1HF,3959
1HF,3970
1HF,3977
1HF,3992
1HF,4005
1HF,11429
1HF,11455
1HF,11476
1HF,11495
1HF,11512
1HF,11534
1HF,11608
1HF,11649
1HF,11656
1HF,11670
1HF,11675
1HF,11680
1HF,11683
1HF,11694
1HF,11701
1HF,11704
1HF,11705
1HF,11713
1HF,11716
1HF,11723
1HF,11760
1HF,12155
1HF,14201
1HF,14202
1HF,14204
1HF,14207
1HF,14209
1HF,21196
1HF,22132
1HF,22155
1HF,22376
1HF,23850
1HF,24384
1HF,24388
1HF,25021
1HF,25344
1HF,26749
1HF,27000
YC1,11670
YC1,11675
YC1,11680
YC1,11683
YC1,11694
YC1,11701
YC1,11704
YC1,11705
YC1,11713
YC1,11716
YC1,11723
YC1,14204
YC1,14207
YC1,14209
YC1,26749
3H1,3507
3H1,3680
3H1,3959
3H1,3970
3H1,3977
3H1,3992
3H1,4005
3H1,11429
3H1,11455
3H1,11476
3H1,11495
3H1,11512
3H1,11534
3H1,11608
3H1,11649
3H1,11656
3H1,11670
3H1,11675
3H1,11680
3H1,11683
3H1,11694
3H1,11701
3H1,11704
3H1,11705
3H1,11713
3H1,11716
3H1,11723
3H1,11760
3H1,12155
3H1,14201
3H1,14202
3H1,14204
3H1,14207
3H1,14209
3H1,21196
3H1,22376
3H1,23741
3H1,25058
3H1,26430
3H1,26749
3H1,27843
5J5,2432
5J5,10609
5J5,25091
5J5,28527
YV1,2443
YV1,3248
YV1,3277
YV1,3281
YV1,3295
YV1,3300
YV1,3307
YV1,3330
YV1,3335
YV1,3376
YV1,9762
YV1,9773
YV1,9775
YV1,9779
YV1,9780
YV1,9781
YV1,9783
YV1,9784
YV1,9785
YV1,9800
YV1,9806
YV1,10518
YV1,12461
YV1,12719
YV1,12724
YV1,12726
YV1,12728
YV1,12731
YV1,12733
YV1,12734
YV1,12735
YV1,14016
YV1,14017
YV1,14018
YV1,15222
YV1,18514
YV1,19931
YV1,22594
YV1,22595
YV1,22608
YV1,23069
YV1,24163
YV1,25596
YV1,26733
YV1,27053
YV1,27058
YV1,27059
YV1,28185
YV4,2443
YV4,3248
YV4,3277
YV4,3281
YV4,3295
YV4,3300
YV4,3307
YV4,3330
YV4,3335
YV4,3376
YV4,9806
YV4,10518
YV4,12461
YV4,15222
YV4,19676
YV4,22588
YV4,22591
YV4,22606
YV4,23070
YV4,24164
YV4,25598
YV4,25599
YV4,25600
YV4,25601
YV4,25602
YV4,25603
YV4,27065
YV4,27068
YV4,27071
YV4,27075
YV4,27078
YV4,27081
YV4,27084
YV4,27087
YV4,27090
YV4,28183
YV4,28186
YV4,28188
YV4,28190
YV4,28192
YV4,28194
YV4,28196
YV4,28198
YV4,28200
YV4,28202
5UM,2446
5UM,2894
5UM,2917
5UM,2984
5UM,9951
1G9267,2449
1G9267,17248
4V4,9857
4V4,9859
4V4,9863
4V4,9865
4V4,9867
4V4,9870
4V4,9872
4V4,12261
4V4,12679
4V4,12691
4V4,12705
4V4,20096
4V4,21438
4V4,24733
4V4,26034
4V4,26450
4V4,27887
4V5,2450
4V5,12474
4V5,12478
4V5,12479
4V5,12480
4V5,12481
4V5,12482
4V5,12483
4V5,12679
4V5,12691
4V5,12705
4V5,20094
4V5,21439
4V5,24734
4V5,26033
4V5,26451
4V5,27888
52M,2451
4UZ,2453
4UZ,10053
4UZ,10065
4UZ,10627
4UZ,12464
4UZ,12883
4UZ,15162
4UZ,18818
4UZ,21200
4UZ,21203
4UZ,21633
4UZ,23784
4UZ,28465
4C9152,2454
4C9153,2454
4C9154,2454
1M1,9923
1M1,14725
1M1,16662
1M1,18185
1M1,21211
1M1,22563
1M1,23815
1M1,24663
1M1,26915
1M1,26916
1M1,26938
1M1,26943
1M1,26949
1M1,26950
1M1,26951
1M1,27003
1M1,28070
1M1,28874
1M2,9923
1M2,14725
1M2,16662
1M2,18185
1M2,21211
1M2,22563
1M2,23815
1M2,24663
1M2,26915
1M2,26916
1M2,26938
1M2,26943
1M2,26949
1M2,26950
1M2,26951
1M2,27003
1M2,28070
1M2,28874
1M3,9923
1M3,14725
1M3,26915
1M3,26916
1M3,26938
1M3,26943
1M3,26949
1M3,26950
1M3,26951
1FU,2460
1FU,10019
1FU,10046
1FU,10050
1FU,10226
1FU,12465
1FU,12466
1FU,15111
1FU,20887
1FU,20888
1FU,20889
1FU,22956
1FU,23244
1FU,24618
1FU,27613
1FV,2460
1FV,10019
1FV,10046
1FV,10050
1FV,10226
1FV,12465
1FV,12466
1FV,15111
1FV,20887
1FV,20888
1FV,20889
1FV,22956
1FV,23244
1FV,24618
1FV,27613
3AK,2460
3AK,10019
3AK,10046
3AK,10050
3AK,12465
3AK,12466
3AK,20887
3AK,20888
3AK,20889
3AK,22956
3AK,23244
3AK,24618
3AK,27614
3AL,2460
3AL,10019
3AL,10046
3AL,10050
3AL,12465
3AL,12466
3AL,20887
3AL,20888
3AL,20889
3AL,22956
3AL,23244
3AL,24618
3AL,27614
ZAR,2462
ZAR,2465
ZAR,2730
ZAR,3047
ZAR,6323
ZAR,10347
ZAR,10946
ZAR,13169
ZAR,13180
ZAR,13182
ZAR,13187
ZAR,13188
ZAR,13189
ZAR,13941
ZAR,16825
ZAR,20343
ZAR,20949
ZAR,21726
ZAR,22167
ZAR,23329
ZAR,24298
ZAR,25172
ZAR,25231
ZAR,27165
ZAR,28678
57L,2463
ZFB,2464
ZFB,2466
ZFB,10610
ZFB,10950
ZFB,16622
ZFB,20381
ZFB,20954
ZFB,22064
ZFB,23551
ZFB,23830
ZFB,25094
1XP,2467
1XP,10129
1XP,10143
1XP,10147
1XP,10181
1XP,12432
1XP,24400
1XP,25081
1XP,25853
1XP,27983
1XP,27984
1XP,27985
1XP,27986
1XP,27987
1XP,27988
1XP,27989
1XP,27990
1NP,2467
1NP,10129
1NP,10143
1NP,10147
1NP,10181
1NP,12432
1NP,24400
1NP,25081
1NP,25853
1NP,27983
1NP,27984
1NP,27985
1NP,27986
1NP,27987
1NP,27988
1NP,27989
1NP,27990
2XP,2467
2XP,10129
2XP,10143
2XP,10147
2XP,10181
2XP,12432
2XP,24400
2XP,25081
2XP,25855
2XP,27983
2XP,27984
2XP,27985
2XP,27986
2XP,27987
2XP,27988
2XP,27989
2XP,27990
2NP,2467
2NP,10129
2NP,10143
2NP,10147
2NP,10181
2NP,12432
2NP,24400
2NP,25081
2NP,25855
2NP,27983
2NP,27984
2NP,27985
2NP,27986
2NP,27987
2NP,27988
2NP,27989
2NP,27990
3WP,2467
3WP,10129
3WP,10143
3WP,10147
3WP,10181
3WP,12432
3WP,24400
3WP,25081
3WP,25856
3WP,27983
3WP,27984
3WP,27985
3WP,27986
3WP,27987
3WP,27988
3WP,27989
3WP,27990
3BP,2467
3BP,10129
3BP,10143
3BP,10147
3BP,10181
3BP,12432
3BP,24400
3BP,25081
3BP,25856
3BP,27983
3BP,27984
3BP,27985
3BP,27986
3BP,27987
3BP,27988
3BP,27989
3BP,27990
SBV,2989
SBV,10129
SBV,10138
SBV,10143
SBV,10147
SBV,10178
SBV,10181
SBV,12432
SBV,20534
SBV,20535
SBV,20536
SBV,24400
SBV,24669
SBV,24902
SBV,25082
SBV,25857
SBV,27983
SBV,27984
SBV,27985
SBV,27986
SBV,27987
SBV,27988
SBV,27989
SBV,27990
3C3,2407
3C3,2469
3C3,2470
3C3,2471
3C3,2473
3C3,2474
3C3,2475
3C3,2477
3C3,3719
3C3,3790
3C3,3807
3C3,3831
3C3,3842
3C3,3846
3C3,3848
3C3,3855
3C3,3862
3C3,3989
3C3,3994
3C3,4000
3C3,4245
3C3,4254
3C3,4279
3C3,4370
3C3,4372
3C3,4387
3C3,5342
3C3,5381
3C3,5389
3C3,6240
3C3,6245
3C3,6255
3C3,6258
3C3,6263
3C3,6271
3C3,6273
3C3,6358
3C3,6367
3C3,6372
3C3,6393
3C3,6415
3C3,6418
3C3,6431
3C3,6486
3C3,6505
3C3,6856
3C3,7061
3C3,7063
3C3,7173
3C3,7209
3C3,7433
3C3,7972
3C3,7991
3C3,7995
3C3,7997
3C3,8000
3C3,8008
3C3,8104
3C3,8106
3C3,8132
3C3,8133
3C3,8138
3C3,11372
3C3,12299
3C3,12516
3C3,13206
3C3,13225
3C3,13236
3C3,13248
3C3,13254
3C3,13265
3C3,13271
3C3,13285
3C3,13287
3C3,13296
3C3,13301
3C3,13314
3C3,13323
3C3,13329
3C3,13342
3C3,13362
3C3,13371
3C3,13381
3C3,13395
3C3,13416
3C3,13915
3C3,13916
3C3,14030
3C3,14032
3C3,14035
3C3,14037
3C3,14043
3C3,14045
3C3,16437
3C3,20385
3C3,20786
3C3,21676
KMH,2604
KMH,2901
KMH,2927
KMH,2994
KMH,2996
KMH,3019
KMH,3056
KMH,3060
KMH,3080
KMH,3081
KMH,3106
KMH,3202
KMH,3218
KMH,3231
KMH,3276
KMH,3285
KMH,3352
KMH,6210
KMH,6222
KMH,6244
KMH,6248
KMH,6251
KMH,7500
KMH,9612
KMH,9637
KMH,9654
KMH,9660
KMH,9663
KMH,9673
KMH,9677
KMH,9678
KMH,9692
KMH,9697
KMH,9700
KMH,9708
KMH,9709
KMH,9723
KMH,9730
KMH,10445
KMH,10510
KMH,10511
KMH,10900
KMH,10901
KMH,10902
KMH,10903
KMH,10904
KMH,10906
KMH,10910
KMH,10911
KMH,12308
KMH,12310
KMH,12313
KMH,12847
KMH,12860
KMH,12864
KMH,12865
KMH,12866
KMH,15201
KMH,15485
KMH,15487
KMH,15489
KMH,15490
KMH,17720
KMH,18192
KMH,19371
KMH,19481
KMH,20046
KMH,20047
KMH,20145
KMH,20168
KMH,20266
KMH,20429
KMH,20673
KMH,20762
KMH,20825
KMH,21019
KMH,21219
KMH,21232
KMH,21250
KMH,21581
KMH,21746
KMH,21811
KMH,21899
KMH,22050
KMH,22111
KMH,22429
KMH,22546
KMH,22881
KMH,22884
KMH,23044
KMH,23051
KMH,23060
KMH,23220
KMH,23257
KMH,23525
KMH,23903
KMH,24302
KMH,24374
KMH,24375
KMH,24496
KMH,24608
KMH,24962
KMH,25608
KMH,25808
KMH,25834
KMH,26183
KMH,26254
KMH,26255
KMH,26815
KMH,26990
KMH,27119
KMH,27120
KMH,27121
KMH,27246
KMH,28260
KMH,28261
KMH,28275
KMH,28337
KMH,28608
KNA,2604
KNA,2918
KNA,2939
KNA,2981
KNA,3092
KNA,3097
KNA,3127
KNA,3130
KNA,3176
KNA,3178
KNA,3184
KNA,3224
KNA,3245
KNA,3246
KNA,3247
KNA,3272
KNA,3316
KNA,3415
KNA,5988
KNA,6065
KNA,6069
KNA,6158
KNA,6186
KNA,7511
KNA,7526
KNA,9626
KNA,9683
KNA,9740
KNA,10512
KNA,10759
KNA,10907
KNA,12296
KNA,12875
KNA,13005
KNA,13338
KNA,15472
KNA,15475
KNA,15480
KNA,15483
KNA,15485
KNA,15829
KNA,16286
KNA,16287
KNA,16289
KNA,16295
KNA,17840
KNA,18193
KNA,20050
KNA,20159
KNA,20263
KNA,20268
KNA,20682
KNA,20989
KNA,21006
KNA,21442
KNA,21903
KNA,22524
KNA,24155
KNA,26787
KNA,28214
KNA,28393
KNA,28394
KNA,28395
KNA,28400
5XX,2604
5XX,3135
5XX,3136
5XX,3176
5XX,3193
5XX,3238
5XX,3272
5XX,3340
5XX,10467
5XX,15054
5XX,15482
5XX,15485
5XX,20267
5XX,21767
5XX,22778
5XX,22964
5XX,24270
5XX,25359
U5Y,2604
U5Y,3176
U5Y,3272
U5Y,15485
KND,2604
KND,2910
KND,2931
KND,2966
KND,3013
KND,3123
KND,3124
KND,3150
KND,3177
KND,3180
KND,3243
KND,3244
KND,3272
KND,3334
KND,3366
KND,5988
KND,6065
KND,6069
KND,6158
KND,6186
KND,7508
KND,9626
KND,9688
KND,9747
KND,10760
KND,10908
KND,12315
KND,12317
KND,15052
KND,15476
KND,15478
KND,15484
KND,15485
KND,16286
KND,16287
KND,16288
KND,16300
KND,19480
KND,19482
KND,19948
KND,20043
KND,20051
KND,20052
KND,20684
KND,20685
KND,20765
KND,20829
KND,21341
KND,21398
KND,21747
KND,21749
KND,21766
KND,22058
KND,22383
KND,22498
KND,22719
KND,22782
KND,22959
KND,23042
KND,23045
KND,23711
KND,23712
KND,23803
KND,23965
KND,24051
KND,24052
KND,24188
KND,24377
KND,24401
KND,24621
KND,25123
KND,25124
KND,25610
KND,25611
KND,25612
KND,25699
KND,25711
KND,26095
KND,26185
KND,26612
KND,26718
KND,26719
KND,26838
KND,26962
KND,26986
KND,27123
KND,27804
KND,28014
KND,28044
KND,28092
KND,28215
KND,28274
KND,28345
KND,28398
KND,28399
5XY,2468
5XY,2604
5XY,2959
5XY,3117
5XY,3118
5XY,3138
5XY,3177
5XY,3239
5XY,3272
5XY,3315
5XY,3372
5XY,7516
5XY,10514
5XY,10915
5XY,15477
5XY,15485
5XY,15494
5XY,18817
5XY,20767
5XY,21018
5XY,21809
5XY,22051
5XY,23046
5XY,23214
5XY,23718
5XY,24376
5XY,24658
5XY,25473
5XY,25710
5XY,26426
5XY,26963
5XY,26984
5XY,27122
5XY,27248
5XY,27742
5XY,27803
5XY,28042
5XY,28344
5XY,28709
5XY,28858
5NP,2604
5NP,2907
5NP,2987
5NP,3008
5NP,3060
5NP,3077
5NP,3103
5NP,3105
5NP,3223
5NP,3236
5NP,3305
5NP,3450
5NP,6210
5NP,6222
5NP,6251
5NP,10903
5NP,10912
5NP,15485
5NP,15488
5NP,15496
5NP,20146
5NP,20265
5NP,20763
5NP,21339
5NP,21900
5NP,22112
5NP,23043
5NP,23219
5NP,23904
5NP,24301
KM8,2468
KM8,2604
KM8,3029
KM8,3069
KM8,3074
KM8,3108
KM8,3208
KM8,3241
KM8,3272
KM8,3402
KM8,6210
KM8,6242
KM8,6244
KM8,6248
KM8,7434
KM8,9700
KM8,9701
KM8,9718
KM8,10468
KM8,10513
KM8,10762
KM8,10916
KM8,12557
KM8,15491
KM8,17747
KM8,17748
KM8,18369
KM8,20068
KM8,20069
KM8,20264
KM8,20384
KM8,20428
KM8,20826
KM8,20958
KM8,21034
KM8,21102
KM8,21658
KM8,21743
KM8,21812
KM8,21816
KM8,22439
KM8,22722
KM8,23003
KM8,23052
KM8,23215
KM8,23218
KM8,23259
KM8,23391
KM8,23515
KM8,23637
KM8,23907
KM8,24222
KM8,24225
KM8,24226
KM8,24227
KM8,24275
KM8,24333
KM8,24490
KM8,24785
KM8,25474
KM8,25525
KM8,25535
KM8,25826
KM8,25833
KM8,26126
KM8,26498
KM8,26505
KM8,26835
KM8,26837
KM8,26979
KM8,26981
KM8,27111
KM8,27247
KM8,27955
KM8,28097
KM8,28373
KM8,28481
KM8,28712
5NM,2604
5NM,3074
5NM,3272
5NM,6210
5NM,6242
5NM,12519
5NM,15493
5NM,15525
5NM,17748
5NM,20069
5NM,20141
5NM,20961
5NM,22269
5NM,23053
5NM,23216
5NM,23907
5NM,24332
5NM,24371
5NM,24927
5NM,25352
5NM,25353
5NM,25472
5NM,26432
5NM,26604
5NM,26836
5NM,27245
5NM,27874
5NM,28224
5NM,28480
1M9972,2481
1M9970,2476
ZHW,2478
ZHW,10282
ZHW,10293
ZHW,10295
ZHW,10302
ZHW,10303
ZHW,10304
ZHW,10308
ZHW,10309
ZHW,10310
ZHW,10311
ZHW,13534
ZHW,15613
ZHW,16757
ZHW,20138
ZHW,20292
ZHW,20702
ZHW,20952
ZHW,21626
ZHW,22371
ZHW,22986
ZHW,23691
ZHW,24611
ZHW,25731
ZHW,26149
ZHW,27750
ZHW,28244
ZHW,28245
1H9261,2479
1H9261,19455
1V9192,2479
1M9971,2472
SFZ,2482
JM1,2529
JM1,2543
JM1,2547
JM1,2548
JM1,2549
JM1,2550
JM1,2567
JM1,2690
JM1,2732
JM1,2738
JM1,2751
JM1,2763
JM1,2771
JM1,2788
JM1,2801
JM1,2820
JM1,2823
JM1,2826
JM1,2840
JM1,2842
JM1,2845
JM1,2851
JM1,2852
JM1,2854
JM1,2860
JM1,2864
JM1,2865
JM1,2869
JM1,2873
JM1,5824
JM1,5854
JM1,5909
JM1,5921
JM1,5937
JM1,7944
JM1,7968
JM1,7984
JM1,8982
JM1,10499
JM1,10919
JM1,10920
JM1,12290
JM1,12291
JM1,12393
JM1,12406
JM1,12407
JM1,12408
JM1,12411
JM1,12415
JM1,12419
JM1,12500
JM1,12501
JM1,12502
JM1,13911
JM1,13912
JM1,15610
JM1,15611
JM1,17052
JM1,18814
JM1,19468
JM1,19469
JM1,19471
JM1,20654
JM1,21035
JM1,21279
JM1,21354
JM1,21403
JM1,21860
JM1,21976
JM1,22002
JM1,22392
JM1,22549
JM1,23397
JM1,23704
JM1,23705
JM1,24550
JM1,24898
JM1,24965
JM1,25622
JM1,26410
JM1,26568
JM1,26983
JM1,27698
JM1,28486
JM2,12561
JM2,12564
JM2,12568
JM2,12573
JM2,12583
JM2,12592
JM2,12595
JM2,12601
JM2,12605
JM2,12607
JM2,13913
JM2,13914
JM3,2533
JM3,2545
JM3,2546
JM3,2643
JM3,2682
JM3,2746
JM3,2755
JM3,2766
JM3,2813
JM3,2825
JM3,2829
JM3,2835
JM3,2844
JM3,2856
JM3,2868
JM3,2875
JM3,5824
JM3,5864
JM3,5904
JM3,5934
JM3,7952
JM3,7971
JM3,7994
JM3,9013
JM3,10498
JM3,12529
JM3,12561
JM3,12563
JM3,12571
JM3,12574
JM3,12592
JM3,12595
JM3,13004
JM3,15830
JM3,17051
JM3,20352
JM3,20499
JM3,21277
JM3,21278
JM3,21955
JM3,22001
JM3,23706
JM3,23752
JM3,24489
JM3,24549
JM3,25212
JM3,25615
JM3,26707
JM3,27116
JM3,27118
JM3,28715
JM3,28852
1YV,2537
1YV,2551
1YV,2563
1YV,2653
1YV,2724
1YV,2750
1YV,2756
1YV,2790
1YV,5824
1YV,5862
1YV,5909
1YV,5921
1YV,5937
1YV,7944
1YV,7968
1YV,7984
1YV,9009
1YV,12393
1YV,12406
1YV,12407
1YV,12408
1YV,12411
1YV,12415
1YV,12419
4F3,5525
4F3,7131
4F3,9455
4F3,9476
4F3,9564
4F3,9567
4F3,9606
4F3,9607
4F3,9627
WDD,2498
WDD,2499
WDD,2906
WDD,2933
WDD,2961
WDD,2992
WDD,3016
WDD,3037
WDD,3064
WDD,3085
WDD,3110
WDD,3125
WDD,3286
WDD,6236
WDD,6269
WDD,10940
WDD,15213
WDD,20153
WDD,20917
WDD,21797
WDD,21798
WDB,2499
WDB,2953
WDB,2983
WDB,3006
WDB,3027
WDB,3054
WDB,3085
WDB,3091
WDB,3125
WDB,3286
WDB,5871
WDB,5919
WDB,6055
WDB,8743
WDB,8752
WDB,8764
WDB,8856
WDB,9772
WDB,9776
WDB,9778
WDB,12496
WDB,12657
WDB,12661
WDB,14128
WDB,15807
WDB,15808
WDB,15809
WDB,15810
WDB,16776
WDB,26569
WDB,26577
WME,2499
WME,2510
WME,2924
WME,2951
WME,3132
WME,3779
WME,6243
WME,6253
WME,6269
WME,12469
WME,15218
WME,15719
WME,15720
WME,15721
WME,20156
WME,20919
WME,24255
WME,26933
WME,26935
55S,2499
55S,2507
55S,10619
55S,12433
55S,15217
55S,20155
55S,20918
55S,21793
55S,21795
55S,21797
55S,24256
55S,24261
55S,26933
55S,26936
1BA,2501
1BA,10608
1BA,16898
1BA,18191
1BA,21426
1BA,21428
1BA,21429
1BA,21430
1BA,21433
1BA,22520
1BA,24179
1BB,21413
1BB,21434
1BB,24181
1BC,2501
1BC,10608
1BC,16898
1BC,18191
1BC,21426
1BC,21428
1BC,21429
1BC,21430
1BC,21433
1BC,22520
1BC,24179
1BD,21414
1BD,21416
1BD,21427
1BD,21435
1BD,24180
1Z9216,10168
JS1,3488
JS1,10471
JS1,10521
JS1,11819
JS1,11827
JS1,11840
JS1,11844
JS1,11885
JS1,11897
JS1,11901
JS1,11905
JS1,11912
JS1,11929
JS1,11930
JS1,11932
JS1,11949
JS1,11950
JS1,11951
JS1,11957
JS1,11970
JS1,11980
JS1,11987
JS1,11991
JS1,11993
JS1,11997
JS1,12003
JS1,12007
JS1,12009
JS1,12011
JS1,12012
JS1,12014
JS1,12015
JS1,13651
JS1,13928
JS1,16774
JS1,20097
JS1,21185
JS1,21186
JS1,22215
JS1,22928
JS1,24385
JS1,24389
JS1,24404
JS1,24406
JS1,24407
JS1,24413
JS1,24570
JS1,25020
JS1,25824
JS1,26320
JS1,27435
JS1,27451
JS1,28309
JS1,28528
JSA,3488
JSA,10521
JSA,11819
JSA,11827
JSA,11840
JSA,11844
JSA,11849
JSA,11862
JSA,11865
JSA,11868
JSA,11869
JSA,11870
JSA,11872
JSA,11874
JSA,11879
JSA,11880
JSA,11885
JSA,11897
JSA,11901
JSA,11905
JSA,11912
JSA,11929
JSA,11930
JSA,11932
JSA,11949
JSA,11950
JSA,11951
JSA,11957
JSA,11970
JSA,11980
JSA,11987
JSA,11991
JSA,11993
JSA,11997
JSA,12003
JSA,12007
JSA,12009
JSA,12011
JSA,12012
JSA,12014
JSA,12015
JSA,13651
JSA,13928
JSA,13929
JSA,13930
JSA,13932
JSA,13944
JSA,14498
JSA,14502
JSA,16774
JSA,18052
JSA,18053
JSA,18054
JSA,20097
JSA,21185
JSA,24385
JSA,24389
JSA,24404
JSA,24406
JSA,28849
JSA,28850
JSA,28851
LM1,11819
LM1,11827
LM1,11840
LM1,11844
LM1,11849
LM1,11862
LM1,11865
LM1,11868
LM1,11869
LM1,11870
LM1,11872
LM1,11874
LM1,11879
LM1,11880
LM1,11885
LM1,11897
LM1,11901
LM1,11905
LM1,11912
LM1,11929
LM1,11930
LM1,11932
LM1,11949
LM1,11950
LM1,11951
LM1,11957
LM1,11980
LM1,11987
LM1,11991
LM1,11993
LM1,11997
LM1,12003
LM1,12007
LM1,12009
LM1,12011
LM1,12012
LM1,12014
LM1,12015
LM1,13651
LM1,13928
LM1,13929
LM1,13930
LM1,13932
LM1,13944
LM1,14498
LM1,18052
LM1,18053
LM1,18054
LM1,24385
LM4,11819
LM4,11827
LM4,11840
LM4,11844
LM4,11849
LM4,11862
LM4,11865
LM4,11868
LM4,11869
LM4,11870
LM4,11872
LM4,11874
LM4,11879
LM4,11880
LM4,11885
LM4,11897
LM4,11901
LM4,11905
LM4,11912
LM4,11929
LM4,11930
LM4,11932
LM4,11949
LM4,11950
LM4,11951
LM4,11957
LM4,11980
LM4,11987
LM4,11991
LM4,11993
LM4,11997
LM4,12003
LM4,12007
LM4,12009
LM4,12011
LM4,12012
LM4,12014
LM4,12015
LM4,13651
LM4,13928
LM4,13929
LM4,13930
LM4,13932
LM4,13944
LM4,14498
LM4,14502
LM4,18052
LM4,18053
LM4,18054
LM4,24385
LM4,28849
LM4,28850
LM4,28851
KM4,9223
KM4,10202
KM4,10535
KM4,11980
KM4,11987
KM4,11991
KM4,11993
KM4,11997
KM4,12003
KM4,12007
KM4,12009
KM4,12011
KM4,12012
KM4,12014
KM4,12015
KM4,12259
KM4,13651
KM4,13928
KM4,13929
KM4,13930
KM4,13932
KM4,13944
VTT,3540
VTT,3584
VTT,3612
VTT,11885
VTT,11897
VTT,11901
VTT,11929
VTT,11930
VTT,11932
VTT,11949
VTT,11950
VTT,11951
VTT,11957
VTT,11980
VTT,11987
VTT,11991
VTT,11993
VTT,11997
VTT,12003
VTT,12007
VTT,12009
VTT,12011
VTT,24385
5SA,10521
5SA,11885
5SA,11897
5SA,11901
5SA,11929
5SA,11930
5SA,11932
5SA,11949
5SA,11950
5SA,11951
5SA,11957
5SA,11961
5SA,11970
5SA,11980
5SA,11987
5SA,11991
5SA,16774
5SA,20097
5SA,21185
5SA,22215
5SA,22928
5SA,24385
5SA,24389
5SA,24404
5SA,24406
5SA,24407
5SA,24413
5SA,25020
5SA,26320
5SA,27435
5SA,28309
JKS,11905
JKS,11957
JSK,11819
JSK,11827
JSK,11840
JSK,11844
JSK,11849
JSK,11862
JSK,11865
JSK,11868
JSK,11869
JSK,11870
JSK,11872
JSK,11874
JSK,11879
JSK,11880
JSK,11905
JSK,11912
JSK,14498
JSK,14502
JSK,18052
JSK,18053
JSK,18054
JSK,28849
JSK,28850
JSK,28851
JSL,11819
JSL,11827
JSL,11840
JSL,11844
JSL,11849
JSL,11862
JSL,11865
JSL,11868
JSL,11869
JSL,11870
JSL,11872
JSL,11874
JSL,11879
JSL,11880
JSL,11905
JSL,11912
JSL,14498
JSL,14502
JSL,18052
JSL,18053
JSL,18054
JSL,28849
JSL,28850
JSL,28851
RK6,11819
RK6,11827
RK6,11840
RK6,11844
RK6,11849
RK6,11862
RK6,11865
RK6,11868
RK6,11869
RK6,11870
RK6,11872
RK6,11874
RK6,11879
RK6,11880
RK6,11905
RK6,11912
RK6,14498
RK6,14502
RK6,18052
RK6,18053
RK6,18054
RK6,28849
RK6,28850
RK6,28851
RK7,11819
RK7,11827
RK7,11840
RK7,11844
RK7,11849
RK7,11862
RK7,11865
RK7,11868
RK7,11869
RK7,11870
RK7,11872
RK7,11874
RK7,11879
RK7,11880
RK7,11905
RK7,11912
RK7,14498
RK7,14502
RK7,18052
RK7,18053
RK7,18054
RK7,28849
RK7,28850
RK7,28851
WDC,2499
WDC,2526
WDC,3071
WDC,3131
WDC,3139
WDC,3144
WDC,3155
WDC,3158
WDC,3286
WDC,3755
WDC,5940
WDC,6064
WDC,6257
WDC,6269
WDC,8745
WDC,15219
WDC,19923
WDC,21281
WDC,21283
WDC,21797
WDC,24254
WDC,24259
WDC,26933
WDC,26934
4JG,2499
4JG,2523
4JG,3073
4JG,3115
4JG,3128
4JG,3133
4JG,3147
4JG,3154
4JG,3157
4JG,3286
4JG,3754
4JG,5915
4JG,5941
4JG,6063
4JG,6262
4JG,6269
4JG,8744
4JG,8753
4JG,8765
4JG,11422
4JG,15220
4JG,15805
4JG,21050
4JG,21282
4JG,21773
4JG,21797
4JG,21798
4JG,21910
4JG,23340
4JG,23343
4JG,24253
4JG,24256
4JG,24261
4JG,25129
4JG,26933
4JG,26936
4JG,27269
4JG,28416
4F4,2926
4F4,3007
4F4,3121
4F4,3389
4F4,3503
4F4,5474
4F4,5489
4F4,5525
4F4,6765
4F4,7716
4F4,7958
4F4,7983
4F4,9015
4F4,9455
4F4,9466
4F4,9476
4F4,9503
4F4,9510
4F4,9514
4F4,9521
4F4,9564
4F4,9566
4F4,9567
4F4,9575
4F4,9606
4F4,9607
4F4,9627
4F4,11984
4F4,12243
4F4,12562
19V,2371
19V,2527
19V,2530
19V,2532
19V,9595
19V,9921
19V,9927
19V,10462
19V,10813
19V,10818
19V,18187
19V,18587
19V,20496
19V,20509
19V,20824
19V,21259
19V,21315
19V,22245
19V,22309
19V,22436
19V,23319
19V,23620
19V,23796
19V,24243
19V,24735
19V,25305
19V,25511
19V,26322
19V,26912
19V,27129
19V,27237
5FY,2541
5FY,2552
5FY,2556
5FY,2557
5FY,2558
5FY,2559
5FY,11902
5FY,26947
2FY,2541
2FY,2552
2FY,2556
2FY,2557
2FY,2558
2FY,2559
2FY,11902
2FY,26948
4EN,2542
JA3,5865
JA3,6012
JA3,6053
JA3,6137
JA3,6156
JA3,8444
JA3,8458
JA3,8484
JA3,8489
JA3,13335
JA3,13345
JA3,13378
JA3,13386
JA3,13397
JA3,13403
JA3,14200
JA3,20820
JA3,20821
JA3,22934
JA3,22941
JA3,26739
JA3,26742
JA3,26744
JA3,26746
JA3,26748
JA3,26751
JA3,26753
JA3,26756
JA3,26760
JA3,26762
JA3,26768
JA3,26770
JA3,26772
JA3,26773
JA3,26774
JA3,26775
JA3,26776
JA4,2561
JA4,2631
JA4,2640
JA4,2654
JA4,2666
JA4,2671
JA4,2689
JA4,2735
JA4,5872
JA4,6013
JA4,6057
JA4,6141
JA4,6168
JA4,8434
JA4,8448
JA4,8482
JA4,8487
JA4,8490
JA4,12492
JA4,12493
JA4,12494
JA4,12518
JA4,13336
JA4,13349
JA4,13394
JA4,13402
JA4,13404
JA4,15824
JA4,20066
JA4,20920
JA4,21672
JA4,22282
JA4,22935
JA4,22936
JA4,22937
JA4,22942
JA4,22945
JA4,23733
JA4,25071
JA4,26757
JA4,26971
JA4,28335
JA4,28796
1P9751,2560
1P9751,21133
4A3,2697
4A3,5837
4A3,6060
4A3,6144
4A3,8451
4A3,8463
4A3,8485
4A3,8491
4A3,13328
4A3,13341
4A3,22952
4A3,26635
4A3,26643
4A3,26740
4A3,26743
4A3,26745
4A3,26747
4A3,26750
4A3,26752
4A3,26761
4A4,2566
4A4,2639
4A4,2642
4A4,2657
4A4,2668
4A4,2677
4A4,6145
4A4,8439
4A4,26757
4A4,26763
4A4,26769
4A4,26771
JHH,2573
JHH,4027
JHH,4044
JHH,12252
JHH,12253
JHH,20080
JHH,20997
2AY,2571
2AY,2573
2AY,4003
2AY,4019
2AY,4022
2AY,4023
2AY,4026
2AY,4027
2AY,4044
2AY,4075
2AY,12251
2AY,12252
2AY,12253
2AY,12254
2AY,20079
2AY,20080
2AY,20997
2AY,22186
2AY,23324
2AY,23782
2AY,27774
JHA,2570
JHA,3892
JHA,3910
JHA,4003
JHA,4019
JHA,4022
JHA,4075
JHA,10083
JHA,10084
JHA,10787
JHA,10788
JHA,11687
JHA,12251
JHA,12254
JHA,20079
JHB,2571
JHB,3892
JHB,3910
JHB,4003
JHB,4019
JHB,4022
JHB,4023
JHB,4026
JHB,4075
JHB,10083
JHB,10084
JHB,11687
JHB,12251
JHB,12254
JHB,20079
5PV,2571
5PV,3892
5PV,3910
5PV,4003
5PV,4019
5PV,4022
5PV,4023
5PV,4026
5PV,4075
5PV,12251
5PV,12254
5PV,20079
5PV,20997
5PV,22186
5PV,23324
5PV,23782
5PV,27769
JTH,2574
JTH,2929
JTH,2943
JTH,2967
JTH,2972
JTH,3010
JTH,3039
JTH,3042
JTH,3070
JTH,3072
JTH,3129
JTH,3164
JTH,3306
JTH,3308
JTH,3311
JTH,3314
JTH,3424
JTH,3426
JTH,3427
JTH,3440
JTH,3453
JTH,3499
JTH,3510
JTH,3524
JTH,3528
JTH,3565
JTH,3745
JTH,3746
JTH,3748
JTH,3749
JTH,3752
JTH,3757
JTH,3775
JTH,3847
JTH,5734
JTH,5735
JTH,6877
JTH,8386
JTH,8422
JTH,8425
JTH,9782
JTH,9816
JTH,11053
JTH,13007
JTH,16676
JTH,16679
JTH,16690
JTH,16829
JTH,18179
JTH,18181
JTH,19473
JTH,19475
JTH,20147
JTH,20244
JTH,20245
JTH,20246
JTH,20303
JTH,20341
JTH,20450
JTH,20485
JTH,20486
JTH,20487
JTH,20488
JTH,20677
JTH,20843
JTH,21040
JTH,21253
JTH,21254
JTH,21257
JTH,21263
JTH,21265
JTH,21272
JTH,21553
JTH,22217
JTH,22218
JTH,22285
JTH,22286
JTH,22339
JTH,22421
JTH,23534
JTH,23535
JTH,23536
JTH,23606
JTH,23958
JTH,23984
JTH,24624
JTH,24666
JTH,24765
JTH,24766
JTH,24768
JTH,24827
JTH,25262
JTH,25475
JTH,25657
JTH,26217
JTH,26219
JTH,26696
JTH,26699
JTH,26833
JTH,27573
JTH,27617
JTH,27620
JTH,27842
JTH,27847
JTH,28689
JTH,28753
JTH,28830
JTK,3062
JTK,3068
JTK,3137
JTK,3290
JTK,3492
JTK,3508
JTK,3556
JTK,3573
JTK,3610
JTK,3751
JTK,5772
JTK,6866
JTK,9815
JTK,12981
JTK,15749
JTK,21911
JTK,21912
JTK,26393
JTK,26394
JTE,2578
JTE,2925
JTE,3043
JTE,3079
JTE,3146
JTE,3302
JTE,3429
JTE,3431
JTE,3531
JTE,3535
JTE,3739
JTE,3799
JTE,3823
JTE,5664
JTE,5781
JTE,6524
JTE,6527
JTE,6528
JTE,6531
JTE,8414
JTE,9786
JTE,9820
JTE,10480
JTE,10706
JTE,12521
JTE,16694
JTE,20121
JTE,21260
JTE,21799
JTE,22025
JTE,22067
JTE,23508
JTE,23756
JTE,24626
JTE,24762
JTE,25450
JTE,26207
JTE,26359
JTE,27507
JTE,27536
JTE,28646
JTE,28762
JTL,2578
JTL,3065
JTL,3256
JTL,3519
JTL,5773
JTL,9820
JTL,26264
JTJ,2579
JTJ,2934
JTJ,2963
JTJ,3018
JTJ,3270
JTJ,3312
JTJ,3414
JTJ,3511
JTJ,3557
JTJ,3821
JTJ,5776
JTJ,6534
JTJ,6535
JTJ,9786
JTJ,9826
JTJ,10479
JTJ,10482
JTJ,10483
JTJ,10711
JTJ,14214
JTJ,16681
JTJ,16689
JTJ,16700
JTJ,18178
JTJ,19474
JTJ,20127
JTJ,20128
JTJ,20131
JTJ,20681
JTJ,21138
JTJ,21264
JTJ,21266
JTJ,22003
JTJ,22068
JTJ,22314
JTJ,23765
JTJ,23955
JTJ,24231
JTJ,24761
JTJ,25022
JTJ,25655
JTJ,25656
JTJ,25658
JTJ,25659
JTJ,25660
JTJ,25661
JTJ,26415
JTJ,26682
JTJ,26695
JTJ,26698
JTJ,27538
JTJ,27618
JTJ,27621
JTJ,27665
JTJ,28458
JTJ,28574
JTJ,28649
JTJ,28688
JTD,2900
JTD,2936
JTD,3001
JTD,3036
JTD,3058
JTD,3089
JTD,3100
JTD,3113
JTD,3134
JTD,3168
JTD,3170
JTD,3263
JTD,3282
JTD,3451
JTD,3459
JTD,3482
JTD,3484
JTD,3485
JTD,3487
JTD,3505
JTD,3521
JTD,3602
JTD,3760
JTD,3788
JTD,3789
JTD,3792
JTD,3793
JTD,5727
JTD,6881
JTD,6882
JTD,8427
JTD,9782
JTD,9815
JTD,10478
JTD,12013
JTD,12270
JTD,12272
JTD,12475
JTD,15828
JTD,17071
JTD,18177
JTD,20129
JTD,20130
JTD,20506
JTD,20515
JTD,20679
JTD,20680
JTD,20842
JTD,21262
JTD,21336
JTD,21784
JTD,21786
JTD,21952
JTD,21953
JTD,22341
JTD,22616
JTD,23226
JTD,23227
JTD,23228
JTD,23672
JTD,23743
JTD,24668
JTD,24838
JTD,24928
JTD,24955
JTD,25449
JTD,25982
JTD,26085
JTD,26393
JTD,26394
JTD,26693
JTD,26834
JTD,27345
JTD,27492
JTD,27616
JTD,27664
JTD,28091
JTD,28389
JTD,28484
JTD,28772
JTD,28865
JTM,2578
JTM,2921
JTM,3166
JTM,3284
JTM,3516
JTM,3529
JTM,3536
JTM,3570
JTM,3895
JTM,5782
JTM,10481
JTM,12648
JTM,16680
JTM,16683
JTM,20122
JTM,20439
JTM,20962
JTM,21258
JTM,22315
JTM,22317
JTM,23757
JTM,24141
JTM,24214
JTM,24764
JTM,25448
JTM,25476
JTM,25665
JTM,25667
JTM,25669
JTM,26146
JTM,26218
JTM,27428
JTM,27615
JTM,27619
JTM,27715
JTM,28749
JTM,28750
WBY,2446
WBY,2575
WBY,3033
WBY,9996
WBY,12476
WBY,20151
WBY,20394
WBY,21243
WBY,22343
WBY,23810
WBY,23981
WBY,24519
WBY,25677
WBY,26588
WBY,26595
WBY,27908
10T,2577
10T,6618
10T,6647
10T,6675
10T,8359
10T,12398
10T,12403
10T,18050
10T,18114
10T,21530
10T,26784
10T,27467
3TM,2581
3TM,2941
3TM,3151
3TM,3428
3TM,3525
3TM,3568
3TM,9799
3TM,10485
3TM,16698
3TM,20123
3TM,21256
3TM,22131
3TM,23956
3TM,24642
3TM,26474
3TM,27717
3TM,28734
17J,2582
1NX,2576
1NX,2936
1NX,3058
1NX,3089
1NX,3263
1NX,3602
1NX,5736
1NX,8117
1NX,8322
1NX,11383
1NX,11389
1NX,11749
1NX,11751
1NX,11756
1NX,11762
1NX,12615
1NX,12625
1NX,12637
1NX,12651
1NX,12652
1NX,12659
1NX,12662
1NX,12682
1NX,12692
1NX,12701
1NX,12717
1NX,12732
1NX,12740
1NX,12750
1NX,12761
1NX,12782
1NX,12796
1NX,12810
1NX,12813
1NX,12834
1NX,12839
1NX,13622
1NX,13628
5TE,2583
5TE,2941
5TE,5691
5TE,5695
5TE,6869
5TE,11411
1HP,2589
1HP,3205
1HP,9954
1HP,9956
1HP,10945
1HP,15229
1HP,15344
1HP,15427
1HP,15436
1HP,15440
1HP,15446
1HP,20072
1HP,20076
1HP,21149
1HP,21204
1HP,21207
1HP,21522
1HP,21543
1HP,23096
1HP,24932
1HP,26245
1HP,26246
1HP,26475
1HP,26485
1HP,27033
1HP,27034
1HP,28807
1HP,28811
1HS,2589
1HS,3205
1HS,9954
1HS,9956
1HS,9972
1HS,9985
1HS,9993
1HS,10002
1HS,15344
1HS,15399
1HS,15425
1HS,15438
1HS,15444
1HS,15456
1HS,15461
1HS,15533
1HS,15590
1HS,15596
1HS,19509
1HS,20073
1HS,20076
1HS,21179
1HS,21205
1HS,21207
1HS,21543
1HS,24296
1HS,24933
1HS,26245
1HS,26246
1HS,26484
1HS,26485
1HS,27034
1HS,27035
1HS,28808
1HS,28811
1HT,2589
1HT,3205
1HT,9954
1HT,9956
1HT,9972
1HT,9985
1HT,10945
1HT,15229
1HT,15235
1HT,15344
1HT,15427
1HT,15436
1HT,15440
1HT,15446
1HT,15458
1HT,15538
1HT,15592
1HT,19509
1HT,20072
1HT,20076
1HT,20354
1HT,20619
1HT,20880
1HT,21179
1HT,21204
1HT,21207
1HT,21522
1HT,21543
1HT,21711
1HT,22703
1HT,23096
1HT,24096
1HT,24932
1HT,26245
1HT,26246
1HT,26475
1HT,26485
1HT,26633
1HT,27033
1HT,27034
1HT,27319
1HT,28807
1HT,28811
1HV,2589
1HV,3152
1HV,3205
1HV,9954
1HV,9956
1HV,9972
1HV,9985
1HV,9992
1HV,9995
1HV,9998
1HV,10003
1HV,10944
1HV,15235
1HV,15344
1HV,17757
1HV,18754
1HV,19509
1HV,20074
1HV,20076
1HV,20619
1HV,20880
1HV,21179
1HV,21206
1HV,21207
1HV,21543
1HV,21711
1HV,22703
1HV,24096
1HV,24287
1HV,24935
1HV,26245
1HV,26246
1HV,26477
1HV,26485
1HV,26633
1HV,27034
1HV,27036
1HV,27319
1HV,28809
1HV,28811
2HP,2589
2HP,3205
2HP,9954
2HP,9956
2HP,10945
2HP,15229
2HP,15344
2HP,15427
2HP,15436
2HP,15440
2HP,15446
2HP,20072
2HP,20076
2HP,21149
2HP,21204
2HP,21207
2HP,21522
2HP,21543
2HP,23096
2HP,24932
2HP,26245
2HP,26246
2HP,26475
2HP,26485
2HS,2589
2HS,3205
2HS,9954
2HS,9956
2HS,9972
2HS,9985
2HS,9993
2HS,10002
2HS,15344
2HS,15399
2HS,15425
2HS,15438
2HS,15444
2HS,15456
2HS,15461
2HS,15533
2HS,15590
2HS,15596
2HS,19509
2HS,20073
2HS,20076
2HS,21179
2HS,21205
2HS,21207
2HS,21543
2HS,24296
2HS,24933
2HS,26245
2HS,26246
2HS,26484
2HS,26485
2HT,2589
2HT,3205
2HT,9954
2HT,9956
2HT,9972
2HT,9985
2HT,10945
2HT,15229
2HT,15235
2HT,15344
2HT,15427
2HT,15436
2HT,15440
2HT,15446
2HT,15458
2HT,15538
2HT,15592
2HT,19509
2HT,20072
2HT,20076
2HT,20619
2HT,21179
2HT,21204
2HT,21207
2HT,21522
2HT,21543
2HT,23096
2HT,24932
2HT,26245
2HT,26246
2HT,26475
2HT,26485
2HV,2589
2HV,3152
2HV,3205
2HV,9954
2HV,9956
2HV,9972
2HV,9985
2HV,9992
2HV,9995
2HV,9998
2HV,10003
2HV,10944
2HV,15235
2HV,15344
2HV,17757
2HV,18754
2HV,19509
2HV,20074
2HV,20076
2HV,20619
2HV,21179
2HV,21206
2HV,21207
2HV,21543
2HV,24287
2HV,24935
2HV,26245
2HV,26246
2HV,26477
2HV,26485
3HA,2589
3HA,3205
3HA,9954
3HA,9956
3HA,9972
3HA,10945
3HA,15229
3HA,15344
3HA,15427
3HA,15436
3HA,15440
3HA,15446
3HA,20072
3HA,20076
3HA,21149
3HA,21179
3HA,21204
3HA,21207
3HA,21522
3HA,21543
3HA,23096
3HA,24932
3HA,26245
3HA,26246
3HA,26475
3HA,26485
3HA,27033
3HA,27034
3HA,28807
3HA,28811
3HB,2589
3HB,3152
3HB,3205
3HB,9954
3HB,9956
3HB,9972
3HB,9995
3HB,9998
3HB,10003
3HB,10944
3HB,15229
3HB,15344
3HB,17757
3HB,18754
3HB,20072
3HB,20074
3HB,20076
3HB,21179
3HB,21204
3HB,21206
3HB,21207
3HB,21522
3HB,21543
3HB,24287
3HB,24935
3HB,26245
3HB,26246
3HB,26475
3HB,26477
3HB,26485
3HB,27034
3HB,27036
3HB,28809
3HB,28811
3HC,2589
3HC,3205
3HC,9954
3HC,9956
3HC,9972
3HC,10002
3HC,15344
3HC,15399
3HC,15425
3HC,15438
3HC,15444
3HC,15456
3HC,15461
3HC,15596
3HC,20073
3HC,20076
3HC,21179
3HC,21205
3HC,21207
3HC,21543
3HC,24296
3HC,24933
3HC,26245
3HC,26246
3HC,26484
3HC,26485
3HC,27034
3HC,27035
3HC,28808
3HC,28811
3HR,2589
3HR,3205
3HR,9954
3HR,9956
3HR,9972
3HR,10945
3HR,15229
3HR,15344
3HR,15427
3HR,15436
3HR,15440
3HR,15446
3HR,20072
3HR,20076
3HR,21149
3HR,21179
3HR,21204
3HR,21207
3HR,21522
3HR,21543
3HR,23096
3HR,24932
3HR,26245
3HR,26246
3HR,26475
3HR,26485
3HR,27033
3HR,27034
3HR,28807
3HR,28811
3HS,2589
3HS,3205
3HS,9954
3HS,9956
3HS,9972
3HS,9985
3HS,9991
3HS,9993
3HS,10002
3HS,15344
3HS,15399
3HS,15425
3HS,15438
3HS,15444
3HS,15456
3HS,15461
3HS,19509
3HS,20073
3HS,20076
3HS,21179
3HS,21205
3HS,21207
3HS,21543
3HS,24296
3HS,24933
3HS,26245
3HS,26246
3HS,26484
3HS,26485
3HS,27034
3HS,27035
3HS,28808
3HS,28811
3HT,2589
3HT,3205
3HT,9954
3HT,9956
3HT,9972
3HT,9985
3HT,10945
3HT,15229
3HT,15235
3HT,15344
3HT,15427
3HT,15436
3HT,15440
3HT,15446
3HT,15458
3HT,15538
3HT,15592
3HT,19509
3HT,20072
3HT,20076
3HT,21179
3HT,21204
3HT,21207
3HT,21522
3HT,21543
3HT,23096
3HT,24932
3HT,26245
3HT,26246
3HT,26475
3HT,26485
3HT,27033
3HT,27034
3HT,28807
3HT,28811
3HV,2589
3HV,3152
3HV,3205
3HV,9954
3HV,9956
3HV,9972
3HV,9992
3HV,9995
3HV,9998
3HV,10003
3HV,10944
3HV,15344
3HV,17757
3HV,18754
3HV,20074
3HV,20076
3HV,21179
3HV,21206
3HV,21207
3HV,21543
3HV,24287
3HV,24935
3HV,26245
3HV,26246
3HV,26477
3HV,26485
3HV,27034
3HV,27036
3HV,28809
3HV,28811
4S3,2585
4S3,2626
4S3,2641
4S3,2663
4S3,2685
4S3,2696
4S3,2786
4S3,2795
4S3,2838
4S3,3378
4S3,6363
4S3,6399
4S3,6404
4S3,6407
4S3,6513
4S3,8546
4S3,8555
4S3,8556
4S3,8589
4S3,10422
4S3,12280
4S3,12497
4S3,12912
4S3,16133
4S3,16188
4S3,16191
4S3,16202
4S3,16814
4S3,16818
4S3,20098
4S3,20517
4S3,21095
4S3,21390
4S3,21394
4S3,21945
4S3,22036
4S3,22887
4S3,23188
4S3,24113
4S3,24288
4S3,24942
4S3,26554
4S4,2585
4S4,2635
4S4,2637
4S4,2652
4S4,2669
4S4,2670
4S4,2684
4S4,2686
4S4,2694
4S4,2707
4S4,2718
4S4,2773
4S4,2777
4S4,2793
4S4,2797
4S4,2802
4S4,2847
4S4,2848
4S4,3392
4S4,6383
4S4,6496
4S4,10427
4S4,10560
4S4,12279
4S4,12912
4S4,16133
4S4,16188
4S4,16191
4S4,16202
4S4,16816
4S4,20102
4S4,20179
4S4,20898
4S4,21391
4S4,21657
4S4,21946
4S4,22888
4S4,23187
4S4,24289
4S4,24528
4S4,24943
4S4,25266
4S4,25434
4S4,26551
4S4,27408
4S4,27413
4S4,28103
4S4,28590
4S4,28592
JF2,2586
JF2,2588
JF2,2681
JF2,2691
JF2,2715
JF2,2809
JF2,2830
JF2,2871
JF2,3369
JF2,3550
JF2,10415
JF2,12266
JF2,12274
JF2,12343
JF2,12495
JF2,12912
JF2,12913
JF2,15599
JF2,15722
JF2,16133
JF2,16188
JF2,16191
JF2,16202
JF2,16222
JF2,16223
JF2,16241
JF2,16249
JF2,16253
JF2,16262
JF2,16263
JF2,16265
JF2,20099
JF2,20171
JF2,21392
JF2,21393
JF2,21891
JF2,22037
JF2,22135
JF2,23521
JF2,23530
JF2,24234
JF2,24527
JF2,25506
JF2,25954
JF2,26329
JF2,27412
JF2,28587
JF2,28591
JF1,2587
JF1,2590
JF1,2591
JF1,2592
JF1,2609
JF1,2638
JF1,2656
JF1,2659
JF1,2675
JF1,2712
JF1,2721
JF1,2814
JF1,2818
JF1,2822
JF1,2828
JF1,2867
JF1,2874
JF1,2876
JF1,2877
JF1,3321
JF1,3456
JF1,3458
JF1,6330
JF1,6336
JF1,6340
JF1,6343
JF1,6350
JF1,6355
JF1,6414
JF1,6420
JF1,6424
JF1,8549
JF1,8553
JF1,8568
JF1,8594
JF1,10432
JF1,10434
JF1,10436
JF1,10448
JF1,10763
JF1,12265
JF1,12284
JF1,12286
JF1,12912
JF1,12913
JF1,15598
JF1,16133
JF1,16188
JF1,16191
JF1,16202
JF1,16207
JF1,16222
JF1,16223
JF1,16241
JF1,16249
JF1,16253
JF1,16262
JF1,16263
JF1,16265
JF1,18197
JF1,18198
JF1,20100
JF1,20101
JF1,20269
JF1,21395
JF1,21396
JF1,21397
JF1,22435
JF1,23189
JF1,23190
JF1,23529
JF1,24114
JF1,24115
JF1,24868
JF1,24983
JF1,25946
JF1,25947
JF1,26328
JF1,27409
JF1,27410
JF1,27411
JF1,27509
JF1,28589
JF1,28593
JF1,28594
JF1,28726
4DR,2589
4DR,3205
4DR,9954
4DR,9956
4DR,9972
4DR,9995
4DR,9998
4DR,10003
4DR,10944
4DR,15344
4DR,17757
4DR,18754
4DR,20074
4DR,20076
4DR,21179
4DR,21206
4DR,21207
4DR,21543
4DR,23359
4DR,24287
4DR,24935
4DR,26245
4DR,26246
4DR,26477
4DR,26485
4DR,27034
4DR,27036
4DR,28809
4DR,28811
4KA,2589
4KA,3205
4KA,9954
4KA,9956
4KA,9972
4KA,10945
4KA,15229
4KA,15344
4KA,15427
4KA,15436
4KA,18754
4KA,20072
4KA,20076
4KA,21149
4KA,21179
4KA,21204
4KA,21207
4KA,21522
4KA,21543
4KA,23096
4KA,23359
4KA,24932
4KA,26245
4KA,26246
4KA,26475
4KA,26485
4KA,27033
4KA,27034
4KA,28807
4KA,28811
5B4,3022
5B4,3024
5B4,3025
5B4,3205
5B4,3214
5B4,16440
5T4,3022
5T4,3024
5T4,3025
5T4,3205
5T4,3214
5T4,16440
5WE,2589
5WE,3149
5WE,3205
5WE,3214
5WE,9954
5WE,9956
5WE,10000
5WE,10007
5WE,10944
5WE,15344
5WE,17614
5WE,20075
5WE,20076
5WE,21207
5WE,21208
5WE,21543
5WE,24286
5WE,24931
5WE,26245
5WE,26246
5WE,26485
5WE,27034
5WE,27037
5WE,28810
5WE,28811
LB2,2601
LB2,10614
LB2,17869
LB2,25142
LB2,25199
LB2,25204
LB2,25205
LB2,27755
JL6,2602
JL6,2608
JL6,2615
JL6,2616
JL6,2617
JL6,2624
JL6,2627
JL6,2628
JL6,2629
JL6,6125
JL6,18503
JL6,18508
JL6,26023
JLS,2615
JLS,2616
JLS,6173
JLS,9716
JNR,2646
JNR,2693
JNR,2699
JNR,2713
JNR,8805
JNR,8812
JNR,8832
JNR,8844
JNR,8867
JNT,2636
JNT,2688
JNT,2695
JNT,2703
JNT,8869
5N3,2646
5N3,2693
5N3,2699
5N3,2713
5N3,2740
5N3,8867
JNK,2662
JNK,2674
JNK,2679
JNK,8776
JNK,8779
JNK,8847
JNK,11212
JNK,11219
JNK,11228
JNK,11231
JNK,11233
JNK,11234
JNK,12099
JNK,12100
JNK,12202
JNK,12205
JNK,12239
JNK,12467
JNK,26623
JNA,2655
JNA,2672
JNA,2759
JNA,5859
JNA,5869
JNA,5873
JNA,5874
JNA,5901
JNA,5916
JNA,5920
JNA,5943
JNA,8110
JNA,8877
JNA,8879
JNA,8880
JNA,8881
JNA,14920
JNA,14922
JNA,14928
JNA,14930
JNA,16674
JNA,16828
JNE,8578
JNE,8581
JNE,8583
JNE,8584
JNE,8585
JNE,8586
JNE,8587
JNE,8588
JNE,8590
JNE,8591
JNE,8592
JNE,8593
JNE,8877
JNE,8879
JNE,8880
JNE,8881
JNE,14920
JNE,14928
JNE,14930
JNE,16674
JNE,16828
JNX,2662
JNX,2674
JNX,2679
JNX,8776
JNX,8779
JNX,8847
JNX,11212
JNX,11219
JNX,11228
JNX,11231
JNX,11233
JNX,11234
JNX,12100
JNX,12205
JNX,12239
JNX,26623
ML3,2710
ML3,2734
ML3,2737
ML3,12507
ML3,13280
ML3,13291
ML3,13298
ML3,13305
ML3,13326
ML3,13348
ML3,13400
ML3,13410
ML3,13423
ML3,14073
ML3,14074
ML3,14075
ML3,15823
ML3,20067
ML3,20921
ML3,21674
ML3,22278
ML3,23734
ML3,25070
1F7,2769
1F7,2935
1F7,3014
2FD,2770
2FD,2949
2FD,3011
2FD,3395
2FD,5366
2FD,5525
2FD,5543
2FD,5927
2FD,6260
2FD,7131
2FD,7137
2FD,7138
2FD,7295
2FD,7436
2FD,7439
2FD,7643
2FD,9455
2FD,9468
2FD,9476
2FD,9511
2FD,9531
2FD,9542
2FD,9564
2FD,9566
2FD,9567
2FD,9575
2FD,9578
2FD,9606
2FD,9607
2FD,9627
2FD,9629
2FD,9634
2FD,12208
2FD,12222
2FD,12231
2FD,12235
2FD,12238
2FD,12240
2FD,12598
2FD,12632
2FD,12725
2FD,12729
2FD,12753
2FD,12776
2FD,12777
2FD,12779
2FD,12780
2FD,12788
2FD,12789
2FD,12790
2FD,12791
2FD,12798
2FD,12800
2FD,12801
2FD,12802
2FD,12806
2FD,12808
2FD,12809
2FD,14619
2FD,14620
2FD,14623
2FD,14624
2FD,14626
2FD,14634
2FD,14653
2FD,14654
2FD,14655
2FD,14656
2FD,14663
2FD,14664
2FD,14665
2FD,14666
2FD,14680
2FD,14681
2FD,14682
2FD,14683
2FD,14687
2FD,14688
2FD,14689
2FD,14690
2FD,14709
2FD,14710
2FD,14711
2FD,14712
2FD,14729
2FD,14730
2FD,14731
2FD,14732
2FD,14736
2FD,14753
2FD,14754
2FD,14755
2FD,14756
2FD,14767
2FD,14768
2FD,14769
2FD,14770
2FD,20714
2FD,22674
2FD,22757
2FD,22759
2FD,22760
2FD,22762
2FD,22763
2FD,22766
2FD,22768
2MH,2778
2MH,2952
2MH,3030
2MH,3416
2MH,5474
2MH,5489
2MH,5525
2MH,5543
2MH,6056
2MH,7131
2MH,7138
2MH,7415
2MH,7439
2MH,9455
2MH,9466
2MH,9476
2MH,9510
2MH,9531
2MH,9537
2MH,9542
2MH,9564
2MH,9566
2MH,9567
2MH,9606
2MH,9607
2MH,9627
2MH,9629
2MH,12598
2MH,12753
2MH,14736
1LJ,5366
1LJ,5525
1LJ,5543
1LJ,7131
1LJ,7590
1LJ,9455
1LJ,9476
1LJ,9531
1LJ,9542
1LJ,9564
1LJ,9606
1LJ,9607
1LJ,9627
1LJ,12598
1LJ,12753
1LJ,12893
1LJ,13931
1LJ,13943
1LJ,13955
1LJ,14007
1LJ,14736
1LJ,23420
1LJ,23421
1LJ,23423
1LJ,23425
1LJ,23427
1LJ,23429
1LJ,23431
1L1,5525
1L1,9455
1L1,9476
1L1,9531
1L1,9564
1L1,23407
1L1,23412
1L1,23413
1L1,23414
1L1,23415
1L1,23422
1L1,23424
1L1,23426
1L1,23428
1L1,23430
1F1,2824
1F1,2833
1F1,3051
1F1,3322
1F1,3446
1F1,5474
1F1,5489
1F1,5525
1F1,6182
1F1,6196
1F1,7560
1F1,7561
1F1,9455
1F1,9466
1F1,9468
1F1,9476
1F1,9503
1F1,9510
1F1,9511
1F1,9521
1F1,9531
1F1,9537
1F1,9542
1F1,9546
1F1,9564
1F1,9566
1F1,9567
1F1,9576
1F1,9627
1F1,9629
1F1,9634
1F1,11984
1F1,12209
1F1,12222
1F1,12230
1F1,12235
1F1,12237
1F1,12240
1F1,12629
1F1,12729
1F1,12774
1F1,12777
1F1,12787
1F1,12788
1F1,12797
1F1,12798
1F1,12805
1F1,12806
1F1,14618
1F1,14619
1F1,14626
1F1,14652
1F1,14653
1F1,14662
1F1,14663
1F1,14679
1F1,14680
1F1,14686
1F1,14687
1F1,14708
1F1,14709
1F1,14728
1F1,14729
1F1,14752
1F1,14753
1F1,14767
3FT,2878
3FT,2976
3FT,3090
3FT,3357
3FT,3471
3FT,5474
3FT,5489
3FT,5525
3FT,6260
3FT,6500
3FT,7137
3FT,7138
3FT,7436
3FT,7439
3FT,7643
3FT,7650
3FT,7671
3FT,9455
3FT,9466
3FT,9468
3FT,9476
3FT,9499
3FT,9501
3FT,9503
3FT,9510
3FT,9511
3FT,9514
3FT,9519
3FT,9531
3FT,9537
3FT,9542
3FT,9543
3FT,9552
3FT,9564
3FT,9566
3FT,9567
3FT,9575
3FT,9578
3FT,9606
3FT,9607
3FT,9627
3FT,9629
3FT,9634
3FT,9639
3FT,11984
3FT,11996
3FT,12208
3FT,12222
3FT,12231
3FT,12234
3FT,12235
3FT,12238
3FT,12240
3FT,12242
3FT,12598
3FT,12632
3FT,12633
3FT,12725
3FT,12729
3FT,12753
3FT,12776
3FT,12777
3FT,12779
3FT,12780
3FT,12788
3FT,12789
3FT,12790
3FT,12791
3FT,12798
3FT,12800
3FT,12801
3FT,12802
3FT,12806
3FT,12808
3FT,12809
3FT,14619
3FT,14620
3FT,14624
3FT,14626
3FT,14634
3FT,14644
3FT,14653
3FT,14654
3FT,14655
3FT,14656
3FT,14663
3FT,14664
3FT,14665
3FT,14666
3FT,14680
3FT,14681
3FT,14683
3FT,14684
3FT,14687
3FT,14688
3FT,14689
3FT,14690
3FT,14709
3FT,14711
3FT,14712
3FT,14713
3FT,14729
3FT,14730
3FT,14731
3FT,14732
3FT,14736
3FT,14753
3FT,14754
3FT,14755
3FT,14756
3FT,14767
3FT,14768
3FT,14769
3FT,14770
3FT,15892
3FT,15894
3FT,15896
3FT,15898
3FT,15900
3FT,15903
3FT,22674
3FT,23222
3FT,24474
3FT,26190
3FT,27335
3FT,28632
3MZ,2860
3MZ,12291
3MZ,15610
3MZ,20654
3MZ,21035
3MZ,25623
3MZ,25625
3MZ,25626
3MZ,25627
3MZ,26980
3MZ,28485
3FD,2878
3FD,2976
3FD,3090
3FD,3357
3FD,3471
3FD,5474
3FD,5489
3FD,5525
3FD,6500
3FD,6542
3FD,7671
3FD,9455
3FD,9466
3FD,9468
3FD,9476
3FD,9499
3FD,9501
3FD,9510
3FD,9511
3FD,9514
3FD,9519
3FD,9531
3FD,9537
3FD,9542
3FD,9543
3FD,9564
3FD,9566
3FD,9567
3FD,9627
3FD,9629
3FD,9634
3FD,11996
3FD,22674
3FN,2887
3FN,2979
3FN,3093
3FN,3473
3FN,7798
2FT,2898
2FT,2988
2FT,3059
2FT,5474
2FT,5489
2FT,5525
2FT,6260
2FT,6648
2FT,7137
2FT,7138
2FT,7436
2FT,7439
2FT,7571
2FT,7643
2FT,9455
2FT,9466
2FT,9468
2FT,9476
2FT,9499
2FT,9501
2FT,9503
2FT,9510
2FT,9511
2FT,9514
2FT,9519
2FT,9521
2FT,9531
2FT,9537
2FT,9542
2FT,9543
2FT,9546
2FT,9552
2FT,9564
2FT,9566
2FT,9567
2FT,9575
2FT,9576
2FT,9578
2FT,9606
2FT,9607
2FT,9627
2FT,9629
2FT,9634
2FT,9639
2FT,11984
2FT,11996
2FT,12208
2FT,12222
2FT,12230
2FT,12231
2FT,12234
2FT,12235
2FT,12237
2FT,12238
2FT,12240
2FT,12242
2FT,12598
2FT,12629
2FT,12632
2FT,12633
2FT,12725
2FT,12729
2FT,12753
2FT,12774
2FT,12776
2FT,12777
2FT,12779
2FT,12780
2FT,12787
2FT,12788
2FT,12789
2FT,12790
2FT,12791
2FT,12797
2FT,12798
2FT,12800
2FT,12801
2FT,12802
2FT,12805
2FT,12806
2FT,12808
2FT,12809
2FT,14618
2FT,14619
2FT,14620
2FT,14624
2FT,14626
2FT,14634
2FT,14644
2FT,14652
2FT,14653
2FT,14654
2FT,14655
2FT,14656
2FT,14662
2FT,14663
2FT,14664
2FT,14665
2FT,14666
2FT,14679
2FT,14680
2FT,14681
2FT,14683
2FT,14684
2FT,14686
2FT,14687
2FT,14688
2FT,14689
2FT,14690
2FT,14708
2FT,14709
2FT,14711
2FT,14712
2FT,14713
2FT,14728
2FT,14729
2FT,14730
2FT,14731
2FT,14732
2FT,14736
2FT,14752
2FT,14753
2FT,14754
2FT,14755
2FT,14756
2FT,14767
2FT,14768
2FT,14769
2FT,14770
2FT,22674
2FT,22757
2FT,22759
2FT,22760
2FT,22762
2FT,22763
2FT,22766
2FT,22768
4X4,2899
4X4,3045
4X4,3067
4X4,3088
4X4,3179
4X4,8978
4X4,8980
4X4,9698
4X4,9739
4X4,9869
4X4,9875
4X4,9876
4X4,9878
4X4,9879
4X4,9882
4X4,9883
4X4,9884
4X4,9886
4X4,10602
4X4,10831
4X4,18246
4X4,21333
4X4,26140
4X4,26802
4X4,28174
4X4,28765
2MR,2912
2MR,2995
2MR,3119
2MR,7733
5L1,2922
5L1,3003
5L1,3101
5L1,3383
5L1,3497
5L1,5474
5L1,5489
5L1,5525
5L1,6729
5L1,7715
5L1,9455
5L1,9466
5L1,9476
5L1,9503
5L1,9510
5L1,9521
5L1,9531
5L1,9537
5L1,9542
5L1,9546
5L1,9564
5L1,9566
5L1,9567
5L1,9576
5L1,9627
5L1,11984
1F6,3004
1F6,3055
1F6,3336
1F6,3462
1F6,3577
1F6,3634
1F6,3691
1F6,3741
1F6,3844
1F6,7672
1F6,10824
1F6,15179
1F6,15866
1F6,20329
1F6,21113
1F6,21643
1F6,23947
1F6,24876
1F6,26309
1F6,27641
1F6,28776
2T1,2936
2T1,2940
2T1,3058
2T1,3061
2T1,3089
2T1,3099
2T1,3111
2T1,3167
2T1,3263
2T1,3482
2T1,3533
2T1,3602
2T1,3767
2T1,3768
2T1,5736
2T1,5741
2T1,5749
2T1,8117
2T1,8320
2T1,8322
2T1,9808
2T1,9840
2T1,11383
2T1,11389
2T1,11749
2T1,11751
2T1,11756
2T1,11762
2T1,12615
2T1,12625
2T1,12637
2T1,12651
2T1,12652
2T1,12659
2T1,12662
2T1,12682
2T1,12692
2T1,12701
2T1,12717
2T1,12732
2T1,12740
2T1,12750
2T1,12761
2T1,12782
2T1,12796
2T1,12810
2T1,12813
2T1,12834
2T1,12839
2T1,13622
2T1,13628
2T1,16692
2T1,20135
2T1,20467
2T1,20468
2T1,20472
2T1,20473
2T1,20474
2T1,21782
4T1,2990
4T1,3015
4T1,3126
4T1,3172
4T1,3289
4T1,3475
4T1,3483
4T1,3493
4T1,3530
4T1,3534
4T1,5689
4T1,5690
4T1,5700
4T1,5701
4T1,5761
4T1,6874
4T1,6875
4T1,9804
4T1,9841
4T1,10476
4T1,10477
4T1,10679
4T1,10690
4T1,10782
4T1,11383
4T1,11389
4T1,11749
4T1,11751
4T1,11756
4T1,11762
4T1,12249
4T1,12615
4T1,12625
4T1,12637
4T1,12651
4T1,12652
4T1,12659
4T1,12662
4T1,12682
4T1,12692
4T1,12701
4T1,12717
4T1,12732
4T1,12740
4T1,12750
4T1,12761
4T1,12782
4T1,12796
4T1,12810
4T1,12813
4T1,12834
4T1,12839
4T1,13622
4T1,13628
4T1,15827
4T1,16693
4T1,19472
4T1,20133
4T1,21270
4T1,21271
4T1,21783
4T1,22023
4T1,22240
4T1,23509
4T1,23959
4T1,24233
4T1,25934
4T1,26831
4T1,28535
5Y2,4214
5Y2,5765
5Y2,8774
5Y2,8781
5Y2,8786
5Y2,8843
5Y2,8848
5Y2,8851
5Y2,11800
5Y2,17930
5Y2,17933
5Y2,17934
5Y2,17935
5Y2,17936
5Y2,17938
5TB,3084
5TB,5678
5TB,5698
5TB,5755
5TB,6870
5TB,9814
5TF,3084
5TF,3151
5TF,3428
5TF,3500
5TF,3525
5TF,3561
5TF,3562
5TF,3568
5TF,10485
5TF,10495
5TF,10834
5TF,16696
5TF,16698
5TF,20123
5TF,20124
5TF,21255
5TF,21256
5TF,22022
5TF,23713
5TF,24625
5TF,25664
5TF,25986
5TF,27268
5TF,28581
1XK,2989
1XK,10138
1XK,10144
1XK,10178
1XK,20534
1XK,20535
1XK,20536
1XK,24669
1XK,24902
1XK,25082
1XK,27991
1XK,27992
1XK,27995
1XK,27996
1XK,27997
1XK,27998
1XK,28000
1XK,28001
2XK,2989
2XK,10138
2XK,10144
2XK,10178
2XK,20534
2XK,20535
2XK,20536
2XK,24669
2XK,24902
2XK,25082
2XK,27991
2XK,27992
2XK,27995
2XK,27996
2XK,27997
2XK,27998
2XK,28000
2XK,28001
3WK,2989
3WK,10138
3WK,10144
3WK,10178
3WK,20534
3WK,20535
3WK,20536
3WK,24669
3WK,24902
3WK,25082
3WK,27991
3WK,27992
3WK,27995
3WK,27996
3WK,27997
3WK,27998
3WK,28000
3WK,28001
SFN,2989
SFN,10138
SFN,10144
SFN,24669
SFN,24902
SFN,25082
SFN,27991
SFN,27992
SFN,27995
SFN,27996
SFN,27997
SFN,27998
SFN,28000
SFN,28001
5TD,2985
5TD,3041
5TD,3146
5TD,3294
5TD,3302
5TD,3437
5TD,3501
5TD,6871
5TD,8414
5TD,9827
5TD,10472
5TD,10473
5TD,10474
5TD,10475
5TD,10503
5TD,10779
5TD,10780
5TD,16624
5TD,16625
5TD,16685
5TD,16896
5TD,17069
5TD,20126
5TD,20134
5TD,21267
5TD,21268
5TD,21269
5TD,21293
5TD,21791
5TD,22062
5TD,22288
5TD,22826
5TD,23544
5TD,23585
5TD,23953
5TD,24232
5TD,24731
5TD,25614
5TD,26123
5TD,26147
5TD,26280
5TD,27266
5TD,27434
5TD,27488
5TD,27590
5TD,28640
5TD,28735
1NK,2989
1NK,10138
1NK,10144
1NK,10178
1NK,20534
1NK,20535
1NK,20536
1NK,24669
1NK,24902
1NK,25082
1NK,27991
1NK,27992
1NK,27995
1NK,27996
1NK,27997
1NK,27998
1NK,28000
1NK,28001
2NK,2989
2NK,10138
2NK,10144
2NK,10178
2NK,20534
2NK,20535
2NK,20536
2NK,24669
2NK,24902
2NK,25082
2NK,27991
2NK,27992
2NK,27995
2NK,27996
2NK,27997
2NK,27998
2NK,28000
2NK,28001
3BK,2989
3BK,10138
3BK,10144
3BK,10178
3BK,20534
3BK,20535
3BK,20536
3BK,24669
3BK,24902
3BK,25082
3BK,27991
3BK,27992
3BK,27995
3BK,27996
3BK,27997
3BK,27998
3BK,28000
3BK,28001
4T4,2990
4T4,3475
4T4,3483
4T4,3534
4T4,3688
JTN,2990
JTN,3480
JTN,3481
JTN,3688
JTN,10519
JTN,10526
JTN,11125
JTN,11414
JTN,15138
JTN,15601
JTN,18183
JTN,20132
JTN,20157
JTN,21134
JTN,21261
JTN,22312
JTN,22751
JTN,23231
JTN,24667
JTN,24841
JTN,25662
JTN,25663
JTN,25981
JTN,26700
JTN,27299
JTN,27493
JTN,28577
JTN,28744
5LT,2999
5LT,3098
5LT,3496
5LT,5474
5LT,5489
5LT,5525
5LT,6720
5LT,9455
5LT,9466
5LT,9476
5LT,9510
5LT,9514
5LT,9519
5LT,9531
5LT,9537
5LT,9542
5LT,9543
5LT,9552
5LT,9564
5LT,9566
5LT,9567
5LT,9578
2T2,3018
2T2,3270
2T2,5769
2T2,9809
2T2,10483
2T2,18178
2T2,20128
2T2,21138
2T2,22306
2T2,23438
2T2,23989
2T2,24763
2T2,24861
2T2,25257
2T2,26683
2T2,26697
2T2,27537
2T2,28459
2T2,28575
4T3,3107
4T3,3287
4T3,3433
4T3,3532
4T3,5677
4T3,5699
4T3,5760
4T3,5761
4T3,6872
4T3,6875
4T3,14301
4T3,21258
4T3,22316
4T3,23759
4T3,24772
4T3,26144
4T3,27430
93M,2589
93M,3205
93S,2589
93S,3205
93V,2589
93V,3152
93V,3205
2T3,3166
2T3,3284
2T3,3529
2T3,3570
2T3,3895
2T3,12648
2T3,16680
2T3,20439
2T3,21258
2T3,25666
2T3,25668
2T3,25670
2T3,26145
2T3,27429
WD1,3250
WD1,7579
WDX,2250
WDX,3174
WDX,3194
WDX,20418
WD0,2250
WD0,3181
WD0,3195
WD0,11042
WD0,20393
WD8,3182
WD8,10028
WD8,20417
WDW,2250
WDW,3183
WDW,3197
4B9030,3196
1W9461,3220
1W9461,20109
1W9419,3221
4VJ,9864
4VJ,9866
4VJ,9868
4VJ,9871
4VJ,12689
4VK,9864
4VK,9866
4VK,9868
4VK,9871
4VK,12689
WD2,3794
WD2,6072
WD2,7579
WD5,3795
WD5,6072
WD5,7579
WVW,3252
WVW,4291
WVW,4293
WVW,4360
WVW,4392
WVW,4445
WVW,4538
WVW,4547
WVW,4561
WVW,4598
WVW,4604
WVW,4634
WVW,4639
WVW,4663
WVW,4666
WVW,4739
WVW,4893
WVW,4907
WVW,4946
WVW,5348
WVW,8398
WVW,8479
WVW,8488
WVW,8510
WVW,8513
WVW,8522
WVW,8525
WVW,8537
WVW,8545
WVW,8548
WVW,8551
WVW,12321
WVW,12902
WVW,12918
WVW,12922
WVW,12934
WVW,12945
WVW,12956
WVW,12962
WVW,12963
WVW,12969
WVW,13844
WVW,13849
WVW,18182
WVW,20272
WVW,20489
WVW,20490
WVW,20590
WVW,20900
WVW,21379
WVW,21380
WVW,23173
WVW,23458
WVW,24381
WVW,24530
WVW,24609
WVW,24671
WVW,26040
WVW,26469
WVW,27942
WVW,27944
WVW,28476
WVW,28520
WVG,3252
WVG,4291
WVG,4293
WVG,4360
WVG,4392
WVG,4445
WVG,4556
WVG,4562
WVG,4614
WVG,4650
WVG,4741
WVG,4955
WVG,4989
WVG,8417
WVG,12355
WVG,15825
WVG,20491
WVG,21348
WVG,22882
WVG,23499
WVG,23527
WVG,23528
WVG,24047
WVG,24123
WVG,24124
WVG,24125
WVG,24126
WVG,24381
WVG,24531
WVG,24532
WVG,24533
WVG,27427
WVG,27450
WVG,27604
WVG,27883
WVG,28051
WVG,28645
3VW,3252
3VW,4291
3VW,4293
3VW,4360
3VW,4392
3VW,4445
3VW,4507
3VW,4547
3VW,4559
3VW,4592
3VW,4604
3VW,4626
3VW,4639
3VW,4656
3VW,4666
3VW,4739
3VW,4756
3VW,4931
3VW,4946
3VW,5348
3VW,8398
3VW,8479
3VW,8488
3VW,8510
3VW,8513
3VW,8522
3VW,8525
3VW,8537
3VW,8545
3VW,8548
3VW,8551
3VW,12321
3VW,12902
3VW,12918
3VW,12922
3VW,12934
3VW,12945
3VW,12956
3VW,12962
3VW,12963
3VW,12969
3VW,13844
3VW,13849
3VW,18182
3VW,20272
3VW,20489
3VW,20490
3VW,20590
3VW,20900
3VW,21379
3VW,21380
3VW,23173
3VW,23458
3VW,24381
3VW,24530
3VW,24609
3VW,24671
3VW,25994
3VW,26041
3VW,27271
3VW,27943
3VW,28519
3VW,28524
9BW,3252
9BW,4291
9BW,4293
9BW,4360
9BW,8479
9BW,8488
9BW,8510
9BW,8513
9BW,12902
9BW,12918
9BW,12922
9BW,12934
9BW,12945
9BW,12963
9BW,12969
JS2,3271
JS2,3292
JS2,3318
JS2,3329
JS2,3359
JS2,3390
JS2,3399
JS2,3408
JS2,8617
JS2,10538
JS2,11378
JS2,11379
JS2,11380
JS2,11381
JS2,11385
JS2,11386
JS2,13238
JS2,13240
JS2,13933
JS3,3320
JS3,3333
JS3,3358
JS3,3384
JS3,3398
JS3,3410
JS3,8622
JS3,8629
JS3,8647
JS3,10539
JS3,11398
JS3,11403
JS3,11407
JS3,11409
JS3,11410
JS3,11412
JS3,11415
JS3,11416
JS3,13937
2S3,3278
2S3,3303
2S3,3323
2S3,8622
2S3,8629
2S3,8647
2S3,11398
2S3,11401
2S3,11404
2S3,11406
2S3,11416
TRU,3288
TRU,3927
TRU,3931
TRU,3954
TRU,3963
TRU,3998
TRU,4006
TRU,4105
TRU,4161
TRU,4205
TRU,4259
TRU,8295
TRU,8343
TRU,8443
TRU,8471
TRU,8483
TRU,8502
TRU,8512
TRU,8733
TRU,12428
TRU,15497
TRU,20521
TRU,21027
TRU,22042
TRU,23010
TRU,24444
TRU,24445
TRU,24446
TRU,24453
TRU,24454
TRU,24599
TRU,24675
TRU,24732
TRU,24744
WAU,3288
WAU,3927
WAU,3931
WAU,3954
WAU,3963
WAU,3998
WAU,4006
WAU,4105
WAU,4161
WAU,4205
WAU,4259
WAU,8295
WAU,8343
WAU,8443
WAU,8471
WAU,8483
WAU,8502
WAU,8512
WAU,8514
WAU,8524
WAU,8526
WAU,8544
WAU,8547
WAU,8554
WAU,8733
WAU,8739
WAU,12428
WAU,13194
WAU,13195
WAU,13202
WAU,13204
WAU,13205
WAU,13207
WAU,13210
WAU,13216
WAU,13220
WAU,13890
WAU,13909
WAU,13910
WAU,15497
WAU,20521
WAU,21027
WAU,22042
WAU,23010
WAU,24444
WAU,24445
WAU,24446
WAU,24453
WAU,24454
WAU,24599
WAU,24675
WAU,24732
WAU,24744
WAU,25619
WAU,25823
WAU,25825
WAU,25827
WAU,25828
WAU,25832
WAU,25971
WAU,27221
WAU,27222
WAU,27223
WAU,27224
WAU,27225
WAU,27401
WAU,27654
WAU,28362
WAU,28363
WAU,28364
WAU,28365
WAU,28392
WA1,3288
WA1,3927
WA1,3931
WA1,3963
WA1,3998
WA1,4092
WA1,4106
WA1,4158
WA1,4201
WA1,4244
WA1,4265
WA1,8341
WA1,8389
WA1,8471
WA1,8483
WA1,10930
WA1,15507
WA1,20427
WA1,21297
WA1,22045
WA1,23318
WA1,24457
WA1,24458
WA1,24459
WA1,24545
WA1,24546
WA1,24547
WA1,24588
WA1,24767
WA1,25233
WA1,25830
WA1,25831
WA1,26029
WA1,26031
WA1,26032
WA1,26642
WA1,27226
WA1,27302
WA1,27303
WA1,27340
WA1,27362
WA1,27532
WA1,28366
WA1,28367
WA1,28368
WA1,28802
WUA,3288
WUA,3927
WUA,3931
WUA,3954
WUA,3963
WUA,3998
WUA,4006
WUA,4105
WUA,4161
WUA,4205
WUA,4259
WUA,8471
WUA,12503
WUA,16759
WUA,19292
WUA,19309
WUA,20240
WUA,20521
WUA,21027
WUA,22042
WUA,23010
WUA,24444
WUA,24445
WUA,24446
WUA,24453
WUA,24454
WUA,24599
WUA,24675
WUA,24732
WUA,24744
WUA,25619
WUA,25823
WUA,25825
WUA,25827
WUA,25828
WUA,25832
WUA,25971
WUA,27221
WUA,27222
WUA,27223
WUA,27224
WUA,27225
WUA,27401
WUA,27654
WUA,28362
WUA,28363
WUA,28364
WUA,28365
WUA,28392
5Z6,3324
5Z6,3351
5Z6,3356
5Z6,3386
5Z6,3396
JKA,11778
JKA,11783
JKA,11797
JKA,11801
JKA,11802
JKA,11803
JKA,11804
JKA,11812
JKA,11819
JKA,11827
JKA,11840
JKA,11844
JKA,11849
JKA,11862
JKA,11865
JKA,11868
JKA,11869
JKA,11870
JKA,11872
JKA,11874
JKA,11879
JKA,11880
JKA,11905
JKA,11908
JKA,11912
JKA,11917
JKA,14498
JKA,14502
JKA,14553
JKA,16612
JKA,17294
JKA,18052
JKA,18053
JKA,18054
JKA,19920
JKA,19921
JKA,19922
JKA,20060
JKA,20943
JKA,21886
JKA,22550
JKA,24242
JKA,24422
JKA,24425
JKA,24428
JKA,24429
JKA,24432
JKA,25016
JKA,26139
JKA,26318
JKA,27431
JKA,27766
JKA,28849
JKA,28850
JKA,28851
JKB,11778
JKB,11783
JKB,11797
JKB,11801
JKB,11802
JKB,11803
JKB,11804
JKB,11812
JKB,11819
JKB,11827
JKB,11840
JKB,11844
JKB,11849
JKB,11862
JKB,11865
JKB,11868
JKB,11869
JKB,11870
JKB,11872
JKB,11874
JKB,11879
JKB,11880
JKB,11905
JKB,11908
JKB,11912
JKB,11917
JKB,14498
JKB,14502
JKB,14553
JKB,16612
JKB,17294
JKB,18052
JKB,18053
JKB,18054
JKB,19920
JKB,19921
JKB,19922
JKB,20060
JKB,24241
JKB,24311
JKB,24313
JKB,24314
JKB,24422
JKB,24425
JKB,24428
JKB,24429
JKB,24432
JKB,25016
JKB,26135
JKB,26318
JKB,27431
JKB,27764
JKB,27766
JKB,28849
JKB,28850
JKB,28851
ZDM,3625
ZDM,10612
ZDM,11816
ZDM,11817
ZDM,11820
ZDM,12062
ZDM,12063
ZDM,12064
ZDM,12065
ZDM,12066
ZDM,12067
ZDM,12068
ZDM,12072
ZDM,12073
ZDM,12075
ZDM,17284
ZDM,20037
ZDM,22190
ZDM,23330
ZDM,23777
ZDM,24372
ZDM,24691
ZDM,26100
ZDM,27205
ZDM,28137
LPR,3574
LPR,11417
LPR,11425
LPR,11432
LPR,11444
LPR,11460
LPR,11474
LPR,11478
LPR,11492
LPR,11503
LPR,11837
LPR,14061
LPR,14070
LPR,14072
LPR,24714
JYA,3574
JYA,3603
JYA,11417
JYA,11425
JYA,11432
JYA,11444
JYA,11460
JYA,11474
JYA,11478
JYA,11492
JYA,11503
JYA,11526
JYA,11530
JYA,11532
JYA,11539
JYA,11553
JYA,11720
JYA,11837
JYA,12212
JYA,13956
JYA,14015
JYA,14019
JYA,14020
JYA,14026
JYA,14057
JYA,14059
JYA,14061
JYA,14067
JYA,14070
JYA,14072
JYA,20008
JYA,20015
JYA,22532
JYA,23269
JYA,24363
JYA,24365
JYA,24366
JYA,24369
JYA,24447
JYA,24708
JYA,24709
JYA,24848
JYA,25023
JYA,26014
JYA,26017
JYA,26018
JYA,26069
JYA,26327
JYA,27506
JYA,28257
5YF,3482
5YF,3533
5YF,3602
5YF,16692
5YF,20135
5YF,20678
5YF,21782
5YF,22340
5YF,23303
5YF,24839
5YF,26059
5YF,27392
VNK,3484
VNK,3572
VNK,15130
VNK,19477
VNK,21787
ZDC,3507
ZDC,3680
ZDC,3959
ZDC,3970
ZDC,3977
ZDC,3992
ZDC,4005
ZDC,11429
ZDC,11455
ZDC,11476
ZDC,11495
ZDC,11512
ZDC,11534
ZDC,11608
ZDC,11649
ZDC,11656
ZDC,11670
ZDC,11671
ZDC,11675
ZDC,11680
ZDC,11683
ZDC,11694
ZDC,11701
ZDC,11704
ZDC,11705
ZDC,11713
ZDC,11716
ZDC,11723
ZDC,11760
ZDC,12155
ZDC,14201
ZDC,14202
ZDC,14204
ZDC,14207
ZDC,14209
ZDC,22376
ZDC,26749
MLH,3507
MLH,3680
MLH,3959
MLH,3970
MLH,3977
MLH,3992
MLH,4005
MLH,11429
MLH,11455
MLH,11476
MLH,11495
MLH,11534
MLH,11608
MLH,11649
MLH,11656
MLH,11670
MLH,11671
MLH,11675
MLH,11680
MLH,11683
MLH,11694
MLH,11701
MLH,11704
MLH,11705
MLH,11713
MLH,11716
MLH,11723
MLH,11760
MLH,12155
MLH,14201
MLH,14202
MLH,14204
MLH,14207
MLH,14209
MLH,18188
MLH,20057
MLH,20974
MLH,21196
MLH,21624
MLH,22132
MLH,22155
MLH,22376
MLH,22736
MLH,23850
MLH,24384
MLH,24388
MLH,25021
MLH,25344
MLH,26749
MLH,26999
MLH,27982
LAL,3507
LAL,3680
LAL,3959
LAL,3970
LAL,3977
LAL,3992
LAL,4005
LAL,11429
LAL,11455
LAL,11608
LAL,11649
LAL,11656
LAL,11670
LAL,11671
LAL,11675
LAL,11680
LAL,11683
LAL,11694
LAL,11701
LAL,11704
LAL,11705
LAL,11716
LAL,11723
LAL,11760
LAL,12155
LAL,14201
LAL,14202
LAL,14204
LAL,14207
LAL,14209
LAL,17073
LAL,21196
LAL,22132
LAL,22155
LAL,22376
LAL,23850
LAL,24384
LAL,24388
LAL,25021
LAL,25344
LAL,26749
LAL,27000
RLH,3507
RLH,3680
RLH,3959
RLH,3970
RLH,3977
RLH,3992
RLH,4005
RLH,11608
RLH,11649
RLH,11656
RLH,11670
RLH,11671
RLH,11675
RLH,11680
RLH,11683
RLH,11694
RLH,11701
RLH,11704
RLH,11705
RLH,11713
RLH,11716
RLH,11723
RLH,11760
RLH,12155
RLH,14201
RLH,14202
RLH,14204
RLH,14207
RLH,14209
RLH,18188
RLH,20057
RLH,20974
RLH,21196
RLH,21624
RLH,22132
RLH,22155
RLH,22376
RLH,22736
RLH,23850
RLH,24384
RLH,24388
RLH,25021
RLH,25344
RLH,26749
VTM,11512
VTM,11534
VTM,11670
VTM,11675
VTM,11680
VTM,11683
VTM,11694
VTM,11701
VTM,11704
VTM,11705
VTM,11713
VTM,11716
VTM,11723
LWB,20273
RKR,3520
RKR,3586
RKR,3600
RKR,3603
RKR,11720
RKR,11732
RKR,20008
RKR,20009
RKR,20015
RKR,20016
RKR,22528
RKR,22531
RKR,23270
RKR,23867
RKR,25961
RKR,26321
RKR,28254
RKR,28255
5NH,3026
5NH,3040
5NH,3163
5NH,3173
5NH,3175
5NH,8979
5NH,9887
5NH,9888
5NH,9889
5NH,9894
5NH,9896
5NH,9897
5NH,20003
5NH,20907
5NH,23966
5NH,25999
5NH,26495
5ZT,3096
5ZT,3192
5ZT,9898
5ZT,9901
5ZT,9903
5ZT,9904
5ZT,10601
5ZT,17980
5ZT,20895
5ZT,21608
5ZT,25490
5ZT,26656
5ZT,28764
RFD,10521
RFD,11885
RFD,11897
RFD,11901
RFD,11929
RFD,11930
RFD,11932
RFD,11949
RFD,11950
RFD,11951
RFD,11957
RFD,11960
RFD,11970
RFD,16774
RFD,20097
RFD,21185
RFD,21187
RFD,21713
RFD,22215
RFD,22928
RFD,24385
RFD,24389
RFD,24404
RFD,24406
RFD,24407
RFD,24413
RFD,25020
RFD,26320
RFD,27435
RFD,28309
LC6,10521
LC6,11885
LC6,11897
LC6,11901
LC6,11929
LC6,11930
LC6,11932
LC6,11949
LC6,11950
LC6,11951
LC6,11957
LC6,11962
LC6,11970
LC6,16774
LC6,20097
LC6,21185
LC6,21714
LC6,22215
LC6,22928
LC6,24385
LC6,24389
LC6,25059
LC6,26365
LC6,27741
MLC,3605
MLC,10521
MLC,11885
MLC,11897
MLC,11901
MLC,11929
MLC,11930
MLC,11932
MLC,11949
MLC,11950
MLC,11951
MLC,11957
MLC,11970
MLC,16774
MLC,20097
MLC,21185
MLC,21188
MLC,21715
MLC,22215
MLC,22928
MLC,24385
MLC,24389
SMT,12078
SMT,12081
SMT,12083
SMT,12084
SMT,12085
SMT,12086
SMT,12087
SMT,12088
SMT,20701
SMT,21423
SMT,21436
SMT,21437
SMT,21739
SMT,23910
SMT,23928
SMT,25255
SMT,27272
SMT,28281
9C6,3574
9C6,3603
9C6,11417
9C6,11425
9C6,11432
9C6,11444
9C6,11460
9C6,11474
9C6,11478
9C6,11492
9C6,11503
9C6,11526
9C6,11530
9C6,11532
9C6,11539
9C6,11553
9C6,11720
9C6,11837
9C6,12212
9C6,13956
9C6,14015
9C6,14019
9C6,14020
9C6,14026
9C6,14057
9C6,14059
9C6,14061
9C6,14067
9C6,14070
9C6,14072
9C6,14082
9C6,20008
9C6,24363
9C6,24365
9C6,24366
9C6,24369
9C6,24447
9C6,24710
9C6,24848
9C6,25023
9C6,26014
9C6,26017
9C6,26018
9C6,26069
9C6,26327
9C6,27506
9C6,28257
LBP,3574
LBP,3603
LBP,11417
LBP,11425
LBP,11432
LBP,11720
LBP,11837
LBP,12212
LBP,14061
LBP,14070
LBP,14072
LBP,20008
LBP,24363
LBP,24365
LBP,24366
LBP,24369
LBP,24711
LBP,24712
LBP,24848
LBP,25023
LBP,27506
LBP,28257
ML0,3625
ML0,10612
ML0,17284
ML0,20037
ML0,22190
ML0,23330
ML0,23777
ML0,24372
ML0,24691
ML0,26101
ML0,27206
ML0,28139
2E4,2410
2E4,2426
2E4,2435
2E4,3644
2E4,3671
3E4,2410
3E4,2426
3E4,3644
3E4,3781
4MZ,12021
4MZ,12027
4MZ,12028
4MZ,12034
4MZ,12037
4MZ,12040
4MZ,12041
4MZ,12042
4MZ,12044
4MZ,12045
4MZ,12046
4MZ,12047
4MZ,12048
4MZ,12049
4MZ,12050
4MZ,12051
4MZ,12318
4MZ,15291
5MZ,12021
5MZ,12027
5MZ,12028
5MZ,12034
5MZ,12037
5MZ,12040
5MZ,12041
5MZ,15291
95Z,12021
95Z,12027
95Z,12028
2BV,21316
2BV,24484
2BV,24561
2BV,24562
2BV,25045
2BV,26272
2BV,27348
2BV,28619
2BV,28620
2BV,28621
2BV,28622
2BV,28623
2BV,28624
2BV,28656
2BV,28657
2BV,28659
2BV,28660
2BV,28661
2BV,28662
2BX,3659
2BX,3663
2BX,3667
2BX,8966
2BX,10413
2BX,12898
2BX,18006
2BX,20462
2BX,21384
2BX,22071
2BX,24553
2BX,26685
2BX,27747
RFV,3672
RFV,7064
RFV,20169
RFV,21345
2BW,3670
2BW,28655
5VP,3676
5VP,3682
5VP,3687
5VP,3689
5VP,3694
5VP,3710
5VP,3713
5VP,3715
5VP,9722
5VP,10625
5VP,15288
5VP,15289
5VP,18786
5VP,21001
52C,3683
52C,3726
52C,3747
52C,3758
52C,3762
52C,10624
52C,12275
52C,17089
52C,20456
52C,20732
52C,22102
52C,22605
3CE,25035
57X,3718
57X,11499
57X,16839
57X,20004
57X,21473
57X,22443
57X,23676
57X,24258
57X,24808
57X,26307
57X,27667
57X,28815
5AS,3726
5AS,23064
JT2,3760
JT2,3788
JT2,3789
JT2,3792
JT2,3793
JT2,5438
JT2,5442
JT2,5444
JT2,5556
JT2,5557
JT2,5559
JT2,5561
JT2,5564
JT2,5566
JT2,5645
JT2,5648
JT2,5649
JT2,5651
JT2,5727
JT2,6881
JT2,6882
JT2,9782
JT2,9842
JT2,11383
JT2,11389
JT2,11749
JT2,11751
JT2,11756
JT2,11762
JT2,12615
JT2,12625
JT2,12637
JT2,12640
JT2,12643
JT2,12647
JT2,12651
JT2,12652
JT2,12654
JT2,12655
JT2,12658
JT2,12659
JT2,12660
JT2,12662
JT2,12668
JT2,12673
JT2,12674
JT2,12675
JT2,12678
JT2,12682
JT2,12683
JT2,12684
JT2,12692
JT2,12693
JT2,12694
JT2,12698
JT2,12701
JT2,12703
JT2,12707
JT2,12712
JT2,12717
JT2,12721
JT2,12722
JT2,12723
JT2,12727
JT2,12730
JT2,12732
JT2,12739
JT2,12740
JT2,12742
JT2,12743
JT2,12750
JT2,12754
JT2,12757
JT2,12758
JT2,12761
JT2,12768
JT2,12772
JT2,12782
JT2,12784
JT2,12794
JT2,12795
JT2,12796
JT2,12799
JT2,12803
JT2,12810
JT2,12811
JT2,12812
JT2,12813
JT2,12819
JT2,12823
JT2,12828
JT2,12831
JT2,12833
JT2,12834
JT2,12839
JT2,13622
JT2,13627
JT2,13628
JT2,13629
JT2,13630
JT2,13763
JT2,13767
JT2,13769
JT2,19551
1G9437,3764
1Y1,3765
1Y1,5504
1Y1,9833
1Y1,9850
1Y1,9851
1Y1,12468
1Y1,12868
1Y1,13437
1Y1,13441
1Y1,13449
1Y1,13525
1Y1,13635
1Y1,18256
1Y1,18264
1Y1,18266
1Y1,18384
1Y1,24027
JT8,3757
JT8,3775
JT8,3778
JT8,3780
JT8,3783
JT8,3784
JT8,3786
JT8,3905
JT8,3913
JT8,3915
JT8,3917
JT8,3918
JT8,3919
JT8,5431
JT8,5433
JT8,5434
JT8,5435
JT8,5547
JT8,5550
JT8,5552
JT8,5554
JT8,5555
JT8,5734
JT8,5735
JT8,6877
JT8,9782
JT8,9816
JT8,9845
JT8,13163
JT8,13165
JT8,13166
JT8,13167
JT8,13168
JT8,13170
JT8,13171
JT8,13173
JT8,13174
JT8,13175
JT8,13176
JT8,13178
JT8,13181
JT8,13184
JT8,13185
JT8,21553
VBK,3777
VBK,12120
VBK,12184
VBK,21057
VBK,21110
VBK,21311
VBK,23597
VBK,23628
VBK,23906
VBK,24537
VBK,25447
VBK,27220
VBK,28565
3B3,3790
3B3,3808
3B3,3831
3B3,3842
3B3,3846
3B3,3848
3B3,3861
3B3,3862
3B3,5368
3B3,5381
3B3,5389
3B3,6240
3B3,6250
3B3,6255
3B3,6258
3B3,6263
3B3,6271
3B3,6273
3B3,6367
3B3,6387
3B3,6393
3B3,6415
3B3,6418
3B3,6431
3B3,6855
3B3,6858
3B3,7061
3B3,7068
3B3,7173
3B3,7972
3B3,7978
3B3,7995
3B3,7997
3B3,8000
3B3,8008
3B3,8104
3B3,8108
3B3,8132
3B3,8134
3B3,8139
3B3,12515
3B3,12516
3B3,13225
3B3,13239
3B3,13248
3B3,13258
3B3,13265
3B3,13277
3B3,13285
3B3,13288
3B3,13311
3B3,13314
3B3,13325
3B3,13329
3B3,13344
3B3,13362
3B3,13375
3B3,13381
3B3,13398
3B3,13419
3B3,13915
3B3,14024
3B3,14030
3B3,14035
3B3,14045
3B3,14068
3B3,14069
3B3,14071
3B3,14596
JT6,3796
JT6,3821
JT6,5568
JT6,5653
JT6,5666
JT3,3823
JT3,5449
JT3,5450
JT3,5483
JT3,5571
JT3,5573
JT3,5575
JT3,5578
JT3,5657
JT3,5667
JT3,6524
JT3,6527
JT3,6528
JT3,6531
JT3,9786
JT3,9846
JT3,10502
JT3,12961
JT3,12967
JT3,12968
JT3,13010
JT3,13015
JT3,13018
JT3,13040
JT3,13055
JT3,13063
JT3,13070
JT3,13071
JT3,13073
JT3,13079
JT3,13083
JT3,13085
JT3,13086
JT3,13088
JT3,13096
JT3,13097
JT3,13099
JT3,13100
JT3,13102
JT3,13109
JT3,13112
JT3,13123
JT3,13128
JT3,13131
JT3,13136
JT3,13140
JT3,13145
JT3,13772
JT3,13774
JT3,13775
JT3,13778
94M,3802
L1E,3804
L1E,9687
L1E,10644
3CG,3820
3CG,3877
L4V,3877
L4V,18429
JT4,3860
JT4,3873
JT4,5498
JT4,9848
JT4,11371
JT4,12970
JT4,13012
JT4,13016
JT4,13035
JT4,13044
JT4,13066
JT4,13067
JT4,13080
JT4,13090
JT4,13093
JT4,13098
JT4,13101
JT4,13110
JT4,13125
JT4,13130
JT4,13134
JT4,13137
JT4,13141
JT4,13145
JT4,13146
JT4,13151
JT4,13773
JT4,13776
JT4,13778
JT4,20583
ZFF,3888
ZFF,3894
ZFF,3896
ZFF,3899
ZFF,8983
ZFF,10312
ZFF,10334
ZFF,10353
ZFF,10354
ZFF,10355
ZFF,10356
ZFF,10357
ZFF,12512
ZFF,12513
ZFF,12535
ZFF,12536
ZFF,12537
ZFF,12539
ZFF,12639
ZFF,12663
ZFF,12664
ZFF,12666
ZFF,12669
ZFF,12670
ZFF,12680
ZFF,12681
ZFF,12711
ZFF,13936
ZFF,13938
ZFF,20419
ZFF,21527
ZFF,21845
ZFF,21849
ZFF,22128
ZFF,25144
ZFF,25209
ZFF,25210
ZFF,25211
ZFF,25216
ZFF,25217
ZFF,25218
ZFF,25220
ZFF,25249
ZFF,26455
ZFF,26955
ZFF,28325
YE2,3889
YE2,3906
YE2,3912
YE2,19995
5WD,3891
5WD,4385
5WD,8557
5WD,11535
1V9155,3890
ZGU,3897
ZGU,3928
ZGU,3946
ZGU,10620
ZGU,12136
ZGU,12139
ZGU,12140
ZGU,12141
ZGU,12143
ZGU,12144
ZGU,12145
ZGU,19913
ZGU,21048
ZGU,22160
ZGU,22162
ZGU,22163
ZGU,22164
ZGU,26340
ZGU,26966
ZGU,28383
ZGU,28388
JAL,3898
JAL,4185
JAL,4190
JAL,4191
JAL,4193
JAL,6427
JAL,12378
JAL,12487
JAL,12882
JAL,12890
JAL,12924
JAL,12941
JAL,12998
JAL,13000
JAL,13030
JAL,13057
JAL,13064
JAL,13105
JAL,13162
JAL,13354
JAL,13363
JAL,13388
JAL,13917
JAL,13922
JAL,13939
JAL,13947
JAL,13951
JAL,14000
JAL,14039
JAL,14051
JAL,20053
JAL,21049
JAL,22598
JAL,22603
JAL,22725
JAL,23886
JAL,25222
JAL,26479
JAL,27789
JAL,28868
J8B,4456
J8B,8876
J8B,8965
J8B,8995
J8B,12672
J8B,12879
J8B,12889
J8B,12932
J8B,12950
J8B,12983
J8B,12994
J8B,13034
J8B,13061
J8B,13077
J8B,13108
J8B,13157
J8B,13351
J8B,13366
J8B,13391
J8B,13436
J8B,13553
J8B,13614
J8B,13693
J8B,13751
J8B,13820
J8B,13877
J8B,13984
J8B,14107
J8B,14175
J8B,14797
J8B,14895
J8B,14951
J8B,15016
J8D,4456
J8D,8876
J8D,8965
J8D,8995
J8D,12667
J8D,12878
J8D,12887
J8D,12930
J8D,12948
J8D,12988
J8D,12997
J8D,13031
J8D,13058
J8D,13075
J8D,13106
J8D,13159
J8D,13353
J8D,13364
J8D,13389
J8D,13439
J8D,13531
J8D,13598
J8D,13678
J8D,13737
J8D,13806
J8D,13864
J8D,13973
J8D,14096
J8D,14164
J8D,14787
J8D,14886
J8D,14942
J8D,15008
4KL,3898
4KL,6427
4KL,12882
4KL,12890
4KL,12924
4KL,12941
4KL,12998
4KL,13000
4KL,13030
4KL,13057
4KL,13064
4KL,13105
4KL,13162
4KL,13354
4KL,13363
4KL,13388
4KL,13917
4KL,13922
4KB,4954
4KB,8875
4KB,8964
4KB,8996
4KB,12672
4KB,12879
4KB,12889
4KB,12932
4KB,12950
4KB,12983
4KB,12994
4KB,13034
4KB,13061
4KB,13077
4KB,13108
4KB,13157
4KB,13351
4KB,13366
4KB,13391
4KB,13436
4KB,13553
4KB,13614
4KB,13693
4KB,13751
4KB,13820
4KD,4954
4KD,8875
4KD,8964
4KD,8996
4KD,12667
4KD,12878
4KD,12887
4KD,12930
4KD,12948
4KD,12988
4KD,12997
4KD,13031
4KD,13058
4KD,13075
4KD,13106
4KD,13159
4KD,13353
4KD,13364
4KD,13389
4KD,13439
4KD,13531
4KD,13598
4KD,13678
4KD,13737
4KD,13806
5DJ,3900
YS3,3901
YS3,3909
YS3,3920
YS3,6467
YS3,10443
YS3,10566
YS3,10568
YS3,10570
YS3,10572
YS3,11402
YS3,11405
YS3,13142
YS3,13144
YS3,13148
YS3,13152
YS3,13153
YS3,13154
YS3,14049
JT5,5502
JT5,5637
JT5,5670
JT5,6668
JT5,9849
JT5,11383
JT5,11389
JT5,11749
JT5,11751
JT5,11756
JT5,11762
JT5,12637
JT5,12652
JT5,12655
JT5,12659
JT5,12660
JT5,12684
JT5,12692
JT5,12707
JT5,12730
JT5,12732
JT5,12743
JT5,12750
JT5,12772
JT5,12782
JT5,12784
JT5,12810
JT5,12813
JT5,12828
JT5,12839
JT5,12966
JT5,13021
JT5,13051
JT5,13069
JT5,13082
JT5,13092
JT5,13120
JT5,13135
JT5,13149
JT5,13622
JT5,13627
JT5,13781
1M9813,3921
1T7,3930
1T7,10175
1T7,15104
1T7,21418
1T7,21419
1T7,21420
1T7,21421
1T7,28336
1T7,28402
1T8,3930
1T8,10175
1T8,15104
1T8,21418
1T8,21419
1T8,21420
1T8,21421
1T8,28336
1T8,28402
5P0,3926
5P0,10173
5P0,28336
5P0,28403
1J2,7231
1J2,7265
1J2,7694
1J2,7782
1J2,10799
1J2,10959
1J2,10961
1J2,10964
1J2,10982
1J3,7326
1J3,7424
1J3,7524
1J3,7551
1J3,7694
1J3,7782
1J3,10800
1J3,10959
1J3,10961
1J3,10964
1J3,10966
1J3,10971
1J3,10982
5RX,3923
5RX,10408
5RX,10611
5RX,19742
5RX,22053
5RX,24190
5RX,26418
1J7,6695
1J7,6941
1J7,6957
1J7,6970
1J7,6977
1J7,7231
1J7,7265
1J7,7326
1J7,7424
1J7,7524
1J7,7551
1J7,7694
1J7,7782
1J7,8123
1J7,8131
1J7,8225
1J7,8239
1J7,8242
1J7,8247
1J7,10959
1J7,10961
1J7,10964
1J7,10966
1J7,10971
1J7,10982
1J7,14263
1J7,14277
1J7,14291
1J7,14297
1J7,14325
1J7,14331
1J7,14349
1J7,14355
1J8,3846
1J8,3887
1J8,3908
1J8,4579
1J8,7326
1J8,7424
1J8,7524
1J8,7551
1J8,7694
1J8,7782
1J8,10789
1J8,10959
1J8,10961
1J8,10964
1J8,10966
1J8,10971
1J8,10982
1J8,12649
2J4,6695
2J4,6941
2J4,6957
2J4,6970
2J4,6977
2J4,7231
2J4,7265
2J4,7694
2J4,7782
2J4,8123
2J4,8131
2J4,8225
2J4,8239
2J4,8242
2J4,8247
2J4,10959
2J4,10961
2J4,10964
2J4,10982
2J4,12955
2J4,14222
2J4,14223
2J4,14224
2J4,14236
2J4,14237
2J4,14238
2J4,14241
2J4,14258
2J4,14259
2J4,14260
2J4,14263
2J4,14286
2J4,14287
2J4,14288
2J4,14291
2J4,14320
2J4,14321
2J4,14322
2J4,14325
2J4,14344
2J4,14345
2J4,14346
2J4,14349
2J4,14362
2J4,14408
2J4,14409
2J6,6695
2J6,6941
2J6,6957
2J6,6970
2J6,6977
2J6,7231
2J6,7265
2J6,7326
2J6,7424
2J6,7524
2J6,7551
2J6,7694
2J6,7782
2J6,8123
2J6,8131
2J6,8225
2J6,8239
2J6,8242
2J6,8247
2J6,10959
2J6,10961
2J6,10964
2J6,10966
2J6,10971
2J6,10982
3J4,6695
3J4,6941
3J4,6957
3J4,6970
3J4,6977
3J4,7231
3J4,7265
3J4,7694
3J4,7782
3J4,8123
3J4,8131
3J4,8225
3J4,8239
3J4,8242
3J4,8247
3J4,10959
3J4,10961
3J4,10964
3J4,10982
3J4,12955
3J4,14222
3J4,14223
3J4,14224
3J4,14236
3J4,14237
3J4,14238
3J4,14241
3J4,14258
3J4,14260
3J4,14263
3J4,14286
3J4,14288
3J4,14291
3J4,14320
3J4,14322
3J4,14325
3J4,14344
3J4,14349
3J4,14362
3J4,14408
3J4,14409
3J6,6695
3J6,6941
3J6,6957
3J6,6970
3J6,6977
3J6,7231
3J6,7265
3J6,7326
3J6,7424
3J6,7524
3J6,7551
3J6,7694
3J6,7782
3J6,8123
3J6,8131
3J6,8225
3J6,8239
3J6,8242
3J6,8247
3J6,10959
3J6,10961
3J6,10964
3J6,10966
3J6,10971
3J6,10982
5KE,3925
5KE,3936
5KE,10728
5KE,17780
5KE,19745
5KE,22533
5KE,25733
SA9202,3933
SA9202,25331
4FV,3934
4FV,15819
4FV,26675
57W,3935
4XT,3937
4XT,6883
4XT,6884
4XT,10095
1SU,3938
4P1,3939
4P1,8359
4P1,10085
4P1,10086
4P1,10087
4P1,10176
4P1,17791
4P1,18050
4P1,27467
SA9A11,3940
4T9076,3944
1Z9283,3941
SA9J00,3942
SA9J00,28154
1K9274,3948
1V9178,3951
1N9084,3953
1N9084,5001
1N9084,10156
1N9084,10166
1N9084,10167
1N9084,10186
1N9084,10187
1N9084,15275
1N9084,20657
1N9084,23059
1N9084,26444
1N9084,26445
2M9182,3955
564,3957
564,16136
4T9145,3956
1T9958,3958
1J9405,3961
1Z9308,3964
1A9753,3965
4C9298,3966
5HN,3967
5HN,10057
1R9590,3969
15G,3968
15G,13155
15G,27770
15G,28793
4C9246,3972
1A9776,3971
1A9776,3973
1A9776,3975
1A9776,11568
1C9555,3974
1C9555,12708
1C9555,15311
4C9264,3976
1P9073,3978
1P9073,6702
1P9073,9192
1P9073,12337
NLT,3979
NLT,10204
NLT,11435
NLT,13498
NLT,23874
NLT,27158
1A9953,3980
4C9337,3995
1A9756,3981
1A9781,3982
4RK,3983
4RK,6592
4RK,10188
4RK,10189
4RK,17149
4RK,22864
4RK,22868
4RK,22869
4RK,22872
4RK,25418
4RK,28616
1A9817,3984
1A9818,3985
1A9727,3986
1A9799,3987
1C9126,3990
46G,3968
46G,13155
46G,27770
46G,28793
2EV,3996
4C9238,3997
4C9090,4004
4C9121,4015
1A9935,4016
1K9311,4017
1C9939,4025
1C9939,18535
4C9149,4020
1A9815,4021
1C4,2470
1C4,3994
1C4,4029
1C4,4041
1C4,4139
1C4,4140
1C4,4245
1C4,4297
1C4,4370
1C4,4372
1C4,4374
1C4,6510
1C4,6536
1C4,6695
1C4,6941
1C4,6965
1C4,6970
1C4,6978
1C4,7231
1C4,7248
1C4,7326
1C4,7408
1C4,7524
1C4,7543
1C4,8123
1C4,8128
1C4,8225
1C4,8238
1C4,8242
1C4,8246
1C4,10952
1C4,10954
1C4,10961
1C4,10964
1C4,12305
1C4,12955
1C4,14210
1C4,14229
1C4,14241
1C4,14252
1C4,14263
1C4,14281
1C4,14291
1C4,14315
1C4,14325
1C4,14349
1C4,14363
1C4,14385
1C4,14452
1C4,14479
1C4,14509
1C4,14536
1C4,15063
1C4,16436
1C4,20386
1C4,20700
1C4,21287
1C4,21870
1C4,23021
1C4,24249
1C4,25175
1C4,25176
1C4,25565
1C4,25809
1C4,26050
1C4,26053
1C4,26848
1C4,27162
1C4,27181
1C4,27199
1C4,27354
1C4,27461
1C4,27473
1C4,27474
1C4,27475
1C4,27476
1C4,27477
1C4,27478
1C4,27479
1C4,27480
1C4,27481
1C4,27482
1C4,27483
1C4,27484
1C4,27520
1C4,27521
1C4,27523
1C4,27528
1C4,27529
1C4,27543
1C4,27544
1C4,27545
1C4,27546
1C4,27547
1C4,27549
1C4,28299
1C4,28359
1C4,28635
1C4,28636
1C6,2470
1C6,3994
1C6,4029
1C6,4041
1C6,4139
1C6,4140
1C6,4245
1C6,4297
1C6,4370
1C6,4372
1C6,4374
1C6,6510
1C6,6536
1C6,6695
1C6,6941
1C6,6965
1C6,6970
1C6,6978
1C6,7231
1C6,7248
1C6,7326
1C6,7408
1C6,7524
1C6,7543
1C6,7768
1C6,8123
1C6,8128
1C6,8225
1C6,8238
1C6,8242
1C6,8246
1C6,11017
1C6,11021
1C6,11029
1C6,12305
1C6,16436
1C6,20386
1C6,20700
1C6,21287
1C6,21870
1C6,23021
1C6,24249
1C6,25176
1C6,25485
1C6,26053
1C6,26075
1C6,26330
1C6,27181
1C6,27275
1C6,27539
1C6,27540
1C6,27541
1C6,27542
1C6,28148
1C6,28468
1C7,2470
1C7,3994
1C7,4029
1C7,4041
1C7,4139
1C7,4140
1C7,4245
1C7,4297
1C7,4370
1C7,4372
1C7,4374
1C7,6510
1C7,6536
1C7,6695
1C7,6941
1C7,6965
1C7,6970
1C7,6978
1C7,7231
1C7,7326
1C7,7408
1C7,7524
1C7,7543
1C7,8123
1C7,8128
1C7,8225
1C7,8238
1C7,8242
1C7,8246
1C7,12305
1C7,16436
1C7,20386
1C7,20700
1C7,21287
1C7,21870
1C7,23021
1C7,24249
1C7,25176
1C7,25486
1C7,26054
1C7,26331
1C7,27178
2C4,2470
2C4,3994
2C4,4029
2C4,4041
2C4,4139
2C4,4140
2C4,4245
2C4,4297
2C4,4370
2C4,4372
2C4,4374
2C4,6510
2C4,6536
2C4,6695
2C4,6941
2C4,6965
2C4,6970
2C4,6978
2C4,7231
2C4,7248
2C4,7326
2C4,7408
2C4,7524
2C4,7543
2C4,8123
2C4,8128
2C4,8225
2C4,8238
2C4,8242
2C4,8246
2C4,10952
2C4,10954
2C4,10961
2C4,10964
2C4,12305
2C4,12955
2C4,14210
2C4,14229
2C4,14241
2C4,14252
2C4,14263
2C4,14281
2C4,14291
2C4,14315
2C4,14325
2C4,14349
2C4,14363
2C4,14385
2C4,14452
2C4,14479
2C4,14509
2C4,14536
2C4,16436
2C4,20386
2C4,20700
2C4,21287
2C4,21870
2C4,23021
2C4,24249
2C4,25176
2C4,25821
2C4,26057
2C4,27177
2C4,27182
2C4,27510
2C4,27511
2C4,27513
2C4,27515
2C4,27516
2C4,27517
2C4,27518
2C4,28243
2C6,2470
2C6,3994
2C6,4029
2C6,4041
2C6,4139
2C6,4140
2C6,4245
2C6,4297
2C6,4370
2C6,4372
2C6,4374
2C6,6510
2C6,6536
2C6,6695
2C6,6941
2C6,6965
2C6,6970
2C6,6978
2C6,7231
2C6,7248
2C6,7326
2C6,7408
2C6,7524
2C6,7543
2C6,7768
2C6,8123
2C6,8128
2C6,8225
2C6,8238
2C6,8242
2C6,8246
2C6,11017
2C6,11021
2C6,11029
2C6,12305
2C6,16436
2C6,20386
2C6,20700
2C6,21287
2C6,21870
2C6,23021
2C6,24249
2C6,25176
2C6,25950
2C6,26057
2C7,2470
2C7,3994
2C7,4029
2C7,4041
2C7,4139
2C7,4140
2C7,4245
2C7,4297
2C7,4370
2C7,4372
2C7,4374
2C7,6510
2C7,6536
2C7,7326
2C7,7408
2C7,7524
2C7,7543
2C7,9389
2C7,9391
2C7,9396
2C7,9717
2C7,9721
2C7,9729
2C7,12305
2C7,13192
2C7,13249
2C7,16436
2C7,17947
2C7,18263
2C7,18321
2C7,18323
2C7,18326
2C7,18328
2C7,20386
2C7,20700
2C7,21287
2C7,21870
2C7,23021
2C7,24249
2C7,25176
2C7,25952
2C7,26055
3C4,2470
3C4,3994
3C4,4029
3C4,4041
3C4,4139
3C4,4140
3C4,4245
3C4,4297
3C4,4370
3C4,4372
3C4,4374
3C4,6510
3C4,6536
3C4,6695
3C4,6941
3C4,6965
3C4,6970
3C4,6978
3C4,7231
3C4,7248
3C4,7326
3C4,7408
3C4,7524
3C4,7543
3C4,8123
3C4,8128
3C4,8225
3C4,8238
3C4,8242
3C4,8246
3C4,10952
3C4,10954
3C4,10961
3C4,10964
3C4,12305
3C4,12955
3C4,14210
3C4,14229
3C4,14241
3C4,14263
3C4,14291
3C4,14325
3C4,14349
3C4,14363
3C4,14385
3C4,14452
3C4,14479
3C4,14509
3C4,14536
3C4,15069
3C4,15962
3C4,16436
3C4,20386
3C4,20700
3C4,21287
3C4,21870
3C4,23021
3C4,24249
3C4,25176
3C4,25818
3C4,26058
3C4,26847
3C4,27455
3C4,27456
3C4,27457
3C4,27458
3C4,27459
3C4,27522
3C4,27624
3C4,28360
3C4,28422
3C4,28467
3C4,28842
3C6,2470
3C6,3994
3C6,4029
3C6,4041
3C6,4139
3C6,4140
3C6,4245
3C6,4297
3C6,4370
3C6,4372
3C6,4374
3C6,6510
3C6,6536
3C6,6695
3C6,6941
3C6,6965
3C6,6970
3C6,6978
3C6,7231
3C6,7248
3C6,7326
3C6,7408
3C6,7524
3C6,7543
3C6,7694
3C6,7768
3C6,8123
3C6,8128
3C6,8225
3C6,8238
3C6,8242
3C6,8246
3C6,10959
3C6,10961
3C6,10964
3C6,11017
3C6,11021
3C6,11029
3C6,12305
3C6,16436
3C6,20386
3C6,20700
3C6,21287
3C6,21870
3C6,23021
3C6,24249
3C6,25176
3C6,25949
3C6,26058
3C6,26336
3C6,27183
3C6,28149
3C6,28233
3C6,28235
3C6,28242
3C7,2470
3C7,3994
3C7,4029
3C7,4041
3C7,4139
3C7,4140
3C7,4245
3C7,4297
3C7,4370
3C7,4372
3C7,4374
3C7,6510
3C7,6536
3C7,6695
3C7,6941
3C7,6965
3C7,6970
3C7,6978
3C7,7231
3C7,7326
3C7,7408
3C7,7524
3C7,7543
3C7,8123
3C7,8128
3C7,8225
3C7,8238
3C7,8242
3C7,8246
3C7,12305
3C7,16436
3C7,20386
3C7,20700
3C7,21287
3C7,21870
3C7,23021
3C7,24249
3C7,25176
3C7,25951
3C7,26056
3C7,26334
3C7,27180
3C7,28234
3C7,28236
3C7,28237
3C7,28238
3C7,28240
4C9333,4024
4C9176,4033
1Z9366,4034
1C9896,4032
1C9896,9035
4C9060,4036
1Z9462,4035
431,4037
431,15314
4C9052,4038
4C9115,4040
1Z9303,4042
4C9071,4045
4C9071,20421
4C9071,20422
4C9224,4046
4MJ,4047
4MJ,15315
1M9752,4049
1A9985,4050
1N9175,6322
5VD,4055
4C9057,4057
6G1,4056
6G1,4203
6G1,4212
6G1,4218
6G1,4264
6G1,8685
6G1,8704
6G1,8717
4C9063,4054
1A9668,4060
4C9089,4058
4C9207,4062
1D9560,4061
4C9119,4063
1D9668,4065
4C9332,4064
3A9217,4067
3A9217,23133
1H9055,4066
4C9346,4068
4C9008,4069
1D9605,4070
1A9646,4071
57D,4072
1C9791,4073
1A9494,4074
4C9228,4076
1D9579,4077
1J9338,4078
4C9044,4080
1D9648,4081
4C9124,4083
5ZK,4085
4C9318,4086
54C,4089
54C,24285
54C,28111
54C,28112
4U7,4090
4U7,4120
4U7,4122
4U7,9036
1A9851,4096
4C9367,4097
1A9759,4099
4C9205,4110
4C9187,4111
5GG,4112
5GG,17258
1A9920,4113
1DA,4114
1DA,4126
473,4115
473,11438
1A9725,4116
4C9080,4117
1A9970,4118
4C9191,4119
4C9165,4121
1A9987,4123
4C9106,4124
1A9739,4127
1T9198,4128
1D9600,4129
1A9893,4130
3GG,4132
3GG,4359
3GG,8721
3GG,8750
3GG,15278
RFT,4134
RFT,15889
RFT,17275
5YX,4135
1D9689,4141
4C9142,4143
1D9677,4146
1D9286,4151
1D9672,4147
5TJ,4148
1D9155,4149
1D9155,15284
1D9155,15285
1D9155,18118
1CY,4152
1CY,4176
1CY,4202
1CY,4206
1CY,4209
1CY,9689
1CY,11626
1CY,12356
1CY,15705
1CY,15707
1CY,17981
1CY,23825
1CY,25085
1CY,28546
1D9714,4153
1D9727,4157
1D9610,4160
1D9590,4163
1D9590,4166
1D9644,4168
1D9663,4172
1A9875,4173
1A9822,4174
1A9822,4177
1D9564,4178
1D9724,4180
1D9707,4181
1D9707,28269
1D9615,4179
54D,4185
54D,4190
54D,4191
54D,4193
54D,8355
54D,12378
54D,12487
54D,20053
54D,21049
54D,22397
54D,22604
54D,22724
54D,23887
54D,25183
54D,26480
54D,27790
54D,28869
1D9595,4186
1D9597,4187
1D9597,4188
1D9739,4189
1D9746,4192
1D9746,21618
1D9549,4194
5WW,4197
1A9701,4200
1A9941,4204
1A9980,4207
576,4208
1D9637,4210
1D9637,4211
1D9498,4213
1D9583,4216
1D9302,4220
1D9636,4223
1D9702,4224
1D9702,10418
1A9423,4225
1A9423,16521
1A9841,4226
1U9148,4227
1U9148,10013
1B9860,4228
1A9810,4229
1B9856,4230
1A9870,4231
1A9833,4232
1A9833,8440
1A9816,4234
1A9816,4237
1B9277,4238
1B9277,19624
4LM,4239
4LM,4759
4LM,4775
4LM,10406
4LM,17319
4LM,21914
4LM,22920
1A9811,4240
1A9795,4241
4L5,4243
1A9898,4233
1A9898,20636
1A9697,4246
1A9277,4247
1A9932,4250
1A9809,4248
LA9BFC,4252
1A9695,4236
1A9801,4251
1A9801,4253
A5L,4255
1B9728,4256
1A9374,4258
1A9157,4260
1P9689,4261
1A9720,4262
2AE,4263
2AP,4268
4B9008,4266
1B9791,4267
1B9657,4269
1B9657,18668
1B9657,18704
1B9657,18864
1A9843,4270
16J,4271
1A9718,4272
1B9800,4273
1A9736,4274
1A9948,4275
5UZ,4277
KL1,4203
KL1,4219
KL1,4264
KL1,4430
KL1,4487
KL1,4644
KL1,4648
KL1,5063
KL1,5079
KL1,5080
KL1,5253
KL1,5258
KL1,5276
KL1,8685
KL1,8704
KL1,8718
KL1,8774
KL1,8777
KL1,8782
KL1,8849
KL1,8850
KL1,8911
KL1,8931
KL1,8932
KL1,9016
KL1,9046
KL1,21939
KL1,23992
KL1,23993
KL1,24004
KL1,24012
1A9872,4276
1A9804,4278
1D9670,4280
1D9670,21913
4B9057,4283
1D9548,4282
1A9967,4281
1A9967,20407
1A9956,4242
1B9867,4285
5A3,4284
5A3,16520
1D9667,4286
1D9711,4287
1D9568,4289
4C9200,4290
1D9603,4292
1D9643,4294
4YN,4295
1D9640,4296
52B,4298
4C9281,4299
5RJ,4300
5UF,4302
4C9328,4301
LA8,4303
3C9116,4304
3A9050,4305
3A9050,22899
3A9050,24601
1A9828,4307
5ZL,4308
1B9988,4310
4C9208,4309
1B9803,4311
1B9803,24284
LDF,4312
LDF,10457
5LB,4313
4B9061,4314
1B9435,4315
4C9380,4316
1E9366,4317
3E9034,4318
1E9473,4319
4C9385,4320
1E9286,4321
1E9286,18726
1E9503,4322
1E9519,4323
1E9519,25008
52E,4325
1A9820,4324
1E9421,4326
1E9064,4327
1E9064,19502
1B9642,4328
52T,4329
52T,4654
1E9351,4330
1E9351,16009
5XV,4331
4V0,4335
4V0,8730
4V0,10681
4V0,17475
4C9078,4334
53A,4337
4B9023,4338
1E9460,4339
1E9222,4341
1E9222,8855
1A9708,4340
1E9462,4342
1E9434,4343
1E9506,4344
5YH,4346
1ZE,4367
1ZE,19191
1ZE,19192
1ZE,19193
1ZE,19800
1ZE,20103
1ZE,23165
RG1,4349
5YL,4350
1B9947,4348
ZA9K49,4351
1P9677,4357
11V,4354
11V,11480
11V,17153
11V,17772
11V,20523
11V,21894
11V,25293
1A9751,4361
ZD3,4362
ZD3,22873
ZD3,22875
ZD3,22876
ZD3,24080
ZD3,24087
ZD3,25186
ZD3,28423
1A9692,4366
1A9692,4369
5YN,17509
5YN,20077
5YN,21364
5YN,21906
5YN,23961
1E9494,4368
1A9884,4376
1B9930,4378
541,4384
4C9214,4388
53X,7779
1A9939,4394
1C9803,4395
1C9803,17265
1A9791,4397
1A9791,17645
3G0,4402
3G0,8721
3G0,8757
3G0,15150
3G0,20233
3G0,20879
3G0,21707
1A9664,4403
4C9376,4404
4C9271,4405
10R,4406
10R,4412
10R,4413
10R,11388
10R,20426
10R,25594
10R,26797
10R,27231
4C9381,4407
4C9381,16933
1E9449,4408
RK1,4411
RK1,4414
RK1,11810
RK1,11811
RK1,11815
RK1,11839
RK1,11921
RK1,18419
1A9909,4410
1D9561,4418
4C9305,4415
4C9305,26570
1A9814,4416
1A9788,4420
5YC,4422
5YC,20774
5YC,22143
1D9679,4423
4C9100,4424
1D9639,4421
1D9619,4425
1D9619,4427
CBC,4426
4C9003,4429
1D9728,4433
1E9560,4438
1E9560,11741
1E9560,27820
1F9317,4437
1D9589,4435
LSG,4221
LSG,4436
LSG,4584
LSG,4627
LSG,4648
LSG,4665
LSG,5074
LSG,5080
LSG,5256
LSG,5276
LSG,8845
LSG,8853
LSG,20218
W08,4439
W08,4600
W08,4648
W08,5076
W08,5080
W08,5276
W08,8774
W08,8782
W08,8784
W08,8808
W08,8845
W08,8849
W08,8854
1D9593,4440
1F9326,4441
1F9370,4442
1E9472,4444
58X,4446
1D9602,4447
1D9601,4448
3F9001,4449
3F9001,4460
4C9257,4450
1D9396,4453
1D9567,4454
AA9HN1,4455
47C,4457
47C,4516
1D9669,4458
1D9586,4459
1F9376,4461
1F9349,4462
1F9371,4463
1F9327,4464
1F9336,4465
1F9396,4466
515,4467
1B9970,4468
1C9891,4469
1F9386,4470
1F9204,4471
1F9406,4472
1D9748,4473
1F9339,4474
1D9625,4475
1F9335,4476
1F9254,4477
1F9254,11877
1D9686,4478
1F9364,4479
LA9FCC,4480
1F9385,4481
1D9662,4482
1F9290,4483
1F9290,15958
1F9290,18650
1F9305,4484
1D9693,4485
1F9388,4486
1F9341,4488
4GB,4489
4GB,19450
1F9302,4490
1F9351,4491
1F9351,4492
1F9351,4496
1D9654,4493
1D9655,4494
1E9465,4520
7DL,4498
5YU,4499
1F9382,4500
1D9665,4501
1D9665,4512
1D9665,4515
1F9264,4502
1E9541,4503
1E9541,4506
1F9384,4504
LFP,4508
2G9086,4509
1F9314,4511
4C9092,4510
4C9145,4513
4C9145,17963
4FG,4514
4FG,15382
4C9002,4517
1F9414,4518
1G9413,4521
1F9330,4522
1F9330,4526
1E9283,4523
LD5,8613
2C1,4487
2C1,4648
2C1,5063
2C1,5080
2C1,5253
2C1,5276
2C1,8774
2C1,8777
2C1,8781
2C1,8911
2C1,8931
2C1,8932
2C1,9016
2C1,9046
2C1,9060
2C1,9065
2C1,9080
2C1,9106
2C1,9111
2C1,9119
2C1,9150
2C1,9155
2C1,9162
2C1,9205
2C1,9212
2C1,9213
2C1,9239
2C1,9240
2C1,9247
2C1,9275
2C1,9277
2C1,9285
2C1,9299
2C1,9300
2C1,9308
2C1,9334
2C1,9335
2C1,9347
2C1,9389
2C1,9390
2C1,9396
2C1,9717
2C1,9719
2C1,12832
2C1,12838
2C1,12999
2C1,13249
2C1,13360
2C1,13437
2C1,18256
2C1,18263
2C1,18264
2C1,18266
2C1,18323
2C1,18330
2C1,18350
2C1,18381
2C1,23992
2C1,24001
2C1,24012
2C1,24014
2C1,24015
2C1,24016
2C1,24023
2C1,24024
2C1,24025
2C1,24027
1E9401,4527
1G9423,4528
1F9387,4529
52D,4530
1F9358,4531
5ZW,4532
5ZW,4542
5ZW,4544
5ZW,11579
1F9438,4533
4C9062,4534
52Y,4535
52Y,26386
4B9070,4536
1D9736,4537
1G9392,4539
1F9377,4540
1F9377,21992
3C9143,4543
1B9780,4545
1D9592,4546
1E9377,4548
4C9229,4549
1G9393,4550
4C9021,4551
1D9628,4552
2V8,4293
2V8,4554
2V8,10789
1G9420,4555
1G2,4417
1G2,4557
1G2,4648
1G2,5068
1G2,5080
1G2,5254
1G2,5276
1G2,8774
1G2,8781
1G2,8786
1G2,8848
1G2,8851
1G2,8911
1G2,8930
1G2,8934
1G2,9018
1G2,9037
1G2,9047
1G2,9057
1G2,9066
1G2,9071
1G2,9080
1G2,9104
1G2,9113
1G2,9119
1G2,9148
1G2,9156
1G2,9162
1G2,9205
1G2,9211
1G2,9214
1G2,9238
1G2,9241
1G2,9247
1G2,9276
1G2,9278
1G2,9285
1G2,9298
1G2,9301
1G2,9308
1G2,9332
1G2,9336
1G2,9347
1G2,9388
1G2,9391
1G2,9396
1G2,9713
1G2,9721
1G2,9729
1G2,11800
1G2,12829
1G2,12832
1G2,12844
1G2,12999
1G2,13009
1G2,13192
1G2,13249
1G2,13310
1G2,13360
1G2,13407
1G2,13437
1G2,13445
1G2,13466
1G2,13535
1G2,13640
1G2,13766
1G2,13836
1G2,13892
1G2,13900
1G2,17929
1G2,17930
1G2,17931
1G2,17940
1G2,17941
1G2,17942
1G2,17943
1G2,17944
1G2,17945
1G2,17946
1G2,17947
1G2,18276
1G2,18283
1G2,18293
1G2,18296
1G2,18299
1G2,18320
1G2,18321
1G2,18322
1G2,18323
1G2,18483
1G2,21941
2G2,4430
2G2,4557
2G2,4648
2G2,5068
2G2,5080
2G2,5254
2G2,5276
2G2,8774
2G2,8781
2G2,8786
2G2,8848
2G2,8851
2G2,8911
2G2,8931
2G2,8934
2G2,9018
2G2,9037
2G2,9046
2G2,9060
2G2,9066
2G2,9071
2G2,9080
2G2,9106
2G2,9113
2G2,9119
2G2,9150
2G2,9156
2G2,9162
2G2,9205
2G2,9211
2G2,9213
2G2,9239
2G2,9241
2G2,9247
2G2,9275
2G2,9278
2G2,9285
2G2,9299
2G2,9301
2G2,9308
2G2,9334
2G2,9336
2G2,9347
2G2,9389
2G2,9391
2G2,9396
2G2,9717
2G2,9721
2G2,9729
2G2,11800
2G2,12832
2G2,12844
2G2,12999
2G2,13009
2G2,13192
2G2,13249
2G2,13310
2G2,13360
2G2,13407
2G2,13437
2G2,13445
2G2,13466
2G2,13535
2G2,13640
2G2,13766
2G2,13836
2G2,13892
2G2,13900
2G2,17929
2G2,17930
2G2,17931
2G2,17940
2G2,17941
2G2,17942
2G2,17943
2G2,17944
2G2,17945
2G2,17946
2G2,17947
2G2,18263
2G2,18276
2G2,18283
2G2,18293
2G2,18296
2G2,18299
2G2,18320
2G2,18321
2G2,18322
2G2,18323
2G2,18483
2G2,21941
52G,4558
52G,4593
3G2,4430
3G2,4557
3G2,4648
3G2,5068
3G2,5080
3G2,5254
3G2,5276
3G2,8774
3G2,8781
3G2,8786
3G2,8789
3G2,8848
3G2,8851
3G2,8911
3G2,8931
3G2,8934
3G2,9018
3G2,9037
3G2,9046
3G2,9060
3G2,9066
3G2,9071
3G2,9080
3G2,9106
3G2,9113
3G2,9119
3G2,9150
3G2,9156
3G2,9162
3G2,9205
3G2,9211
3G2,9213
3G2,9239
3G2,9241
3G2,9247
3G2,9275
3G2,9278
3G2,9285
3G2,9299
3G2,9301
3G2,9308
3G2,9334
3G2,9336
3G2,9347
3G2,9389
3G2,9391
3G2,9396
3G2,9717
3G2,9721
3G2,9729
3G2,11800
3G2,12832
3G2,12844
3G2,12868
3G2,12999
3G2,13009
3G2,13192
3G2,13249
3G2,13310
3G2,13360
3G2,13407
3G2,13437
3G2,13445
3G2,13466
3G2,13535
3G2,13640
3G2,17929
3G2,17930
3G2,17931
3G2,17940
3G2,17941
3G2,17942
3G2,17943
3G2,17944
3G2,17945
3G2,17946
3G2,17947
3G2,18276
3G2,18283
3G2,18293
3G2,18296
3G2,18299
3G2,18320
3G2,18321
3G2,18322
3G2,18323
3G2,18483
3G2,21941
KL2,4430
KL2,4557
KL2,4648
KL2,5068
KL2,5080
KL2,5254
KL2,5276
KL2,6525
KL2,8774
KL2,8782
KL2,8786
KL2,8849
KL2,8851
KL2,8911
KL2,8931
KL2,8934
KL2,9018
KL2,9037
KL2,9046
KL2,9334
KL2,9336
KL2,9347
KL2,9389
KL2,9391
KL2,9396
KL2,9717
KL2,9721
KL2,9729
KL2,11800
KL2,12832
KL2,12844
KL2,12868
KL2,12999
KL2,13009
KL2,13192
KL2,13249
KL2,13310
KL2,13360
KL2,13407
KL2,13437
KL2,13445
KL2,13466
KL2,13535
KL2,13640
KL2,17929
KL2,17930
KL2,17931
KL2,17946
KL2,17947
KL2,18276
KL2,18283
KL2,18293
KL2,18296
KL2,18299
KL2,18320
KL2,18321
KL2,18322
KL2,18323
KL2,18483
1F9389,4564
1F9301,4565
1F9307,4566
1F9381,4567
1F9381,4568
LVW,4569
1F9397,4570
YH4,4571
514,4572
1UN,4573
1UN,5240
1UN,12250
1UN,14759
1UN,18753
1UN,20539
1F9424,4574
3CW,4575
1E9388,4576
1E9486,4583
1F9432,4577
1F9412,4580
1F9412,4582
1F9412,18620
552,4581
1F9FCL,4585
1B9631,4589
1B9631,4591
1B9631,8614
1B9631,18738
1E9338,4587
1F9393,4588
1F9415,4594
1E9416,4595
1F9437,4596
1E9562,4597
1P9640,4599
1E9425,4601
1G8,4417
1G8,4600
1G8,4648
1G8,5076
1G8,5080
1G8,5257
1G8,5276
1G8,8774
1G8,8781
1G8,8784
1G8,8808
1G8,8845
1G8,8848
1G8,8854
1G8,8911
1G8,8930
1G8,8937
1G8,9044
1G8,9045
1G8,9047
1G8,9057
1G8,9068
1G8,9080
1G8,9104
1G8,9117
1G8,9118
1G8,9119
1G8,9148
1G8,9160
1G8,9161
1G8,9162
1G8,9205
1G8,9206
1G8,9207
1G8,9214
1G8,9238
1G8,9245
1G8,9246
1G8,9247
1G8,9276
1G8,9282
1G8,9283
1G8,9285
1G8,9298
1G8,9306
1G8,9307
1G8,9308
1G8,9332
1G8,9342
1G8,9345
1G8,9347
1G8,9388
1G8,9395
1G8,9416
1G8,9713
1G8,9727
1G8,9728
1G8,12829
1G8,12832
1G8,12858
1G8,12999
1G8,13249
1G8,14076
1G8,14078
1G8,14079
1G8,14080
1G8,14099
1G8,14100
1G8,14101
1G8,14104
1G8,14106
1G8,14125
1G8,14133
1G8,14149
1G8,14151
1G8,14152
1G8,14153
1G8,14168
1G8,14169
1G8,14170
1G8,14173
1G8,14174
1G8,14178
1G8,14189
1G8,14192
1G8,14772
1G8,14774
1G8,14775
1G8,14776
1G8,14791
1G8,14792
1G8,14794
1G8,14795
1G8,14796
1G8,14799
1G8,14812
1G8,14815
1G8,14876
1G8,14889
1G8,14890
1G8,14892
1G8,14893
1G8,14894
1G8,14897
1G8,14909
1G8,14932
1G8,14945
1G8,14946
1G8,14948
1G8,14949
1G8,14950
1G8,14953
1G8,14998
1G8,15011
1G8,15012
1G8,15014
1G8,15015
1G8,15018
1G8,18323
1G8,26691
4CG,4602
4CG,4683
1E9454,4603
ZD4,4640
ZD4,10442
ZD4,10449
ZD4,10450
ZD4,10451
ZD4,11878
ZD4,11884
ZD4,11890
ZD4,11891
ZD4,11906
ZD4,12131
ZD4,12133
ZD4,21004
ZD4,22645
ZD4,22646
ZD4,22647
ZD4,22649
ZD4,24448
ZD4,24449
ZD4,24450
ZD4,26332
ZD4,27463
1F9418,4606
1F9418,4607
1F9309,4608
1G9454,4609
5VL,4608
1F9369,4610
1F9369,4611
1F9345,4613
1F9319,4615
1F9293,4617
1F9293,4618
1F9286,4619
1F9286,4621
1F9286,4622
1B9880,4623
1B9880,8669
1E9504,4624
5GD,4417
5GD,4627
5GD,4648
5GD,5080
5GD,5276
5GD,21309
1E9546,4625
1B9899,4632
1B9853,4633
1B9853,4635
1B9962,4628
2C2,4648
2C2,5080
2C2,5276
2C2,8774
2C2,8781
2C2,8911
2C2,8931
2C2,8934
2C2,9018
2C2,9037
2C2,9046
2C2,9060
2C2,9066
2C2,9071
2C2,9080
2C2,17929
2C2,17930
2C2,17931
1F9407,4629
1B9927,4636
5MK,4630
5MK,4933
5MK,18959
4G5,9205
4G5,9206
4G5,9208
4G5,9214
4G5,9238
4G5,9244
4G5,9246
4G5,9247
4G5,9276
4G5,9281
4G5,9283
4G5,9285
4G5,9298
4G5,9305
4G5,9307
4G5,9308
1B9993,4641
1B9993,4642
1B9854,4631
5KD,4616
5TH,4637
4C9215,4638
3B9022,4643
4C9103,4645
1E9524,4646
54L,4651
1B9793,4655
1B9817,4657
1B9903,4659
1B9832,4661
1E9457,4649
1B9977,4708
1B9977,4710
4DH,4662
4DH,16666
4B9015,4692
1E9430,4652
1E9495,4653
5JP,4654
5ZC,4654
5ZC,8956
4C9196,4664
1GE,4443
1GE,4665
1GE,4894
1GE,4911
1GE,4954
1GE,5249
1GE,8685
1GE,8837
1GE,8875
1GE,9713
1GE,9726
1GE,10803
1GE,11075
1GE,11096
1GE,11127
1GE,11229
1GE,11366
1GE,12829
1GE,12856
1GE,12976
1GE,13068
1GE,13255
1GE,13339
1GE,13372
1GE,13427
1GE,13437
1GE,13438
1GE,13502
1GE,13507
1GE,13564
1GE,13570
1GE,13571
1GE,13771
1GE,13843
1GE,13905
1GE,15637
1GE,15639
1GE,15640
1GE,15642
1GE,15643
1GE,18478
1GE,18481
1GE,18542
1GE,22688
1GE,24076
1GE,25384
1GE,26617
1GE,26618
1GE,26881
1GE,28639
1GM,4665
1GM,4836
1GM,4894
1GM,5180
1GM,5249
1GM,5325
1GM,5339
1GM,5340
1GM,8873
1GM,8875
1GM,8885
1GM,8944
1GM,8946
1GM,8961
1GM,8964
1GM,8996
1GM,8999
1GM,9008
1GM,9014
1GM,9081
1GM,9086
1GM,9090
1GM,9091
1GM,9127
1GM,9136
1GM,9142
1GM,9143
1GM,9163
1GM,9169
1GM,9179
1GM,9181
1GM,9195
1GM,9197
1GM,9200
1GM,9204
1GM,9249
1GM,9250
1GM,9251
1GM,9252
1GM,9264
1GM,9286
1GM,9288
1GM,9289
1GM,9290
1GM,9292
1GM,9309
1GM,9311
1GM,9312
1GM,9313
1GM,9321
1GM,9357
1GM,9360
1GM,9368
1GM,9377
1GM,9380
1GM,9397
1GM,9399
1GM,9401
1GM,9402
1GM,9405
1GM,9731
1GM,9733
1GM,9734
1GM,9735
1GM,9737
1GM,10977
1GM,11013
1GM,11061
1GM,11082
1GM,11107
1GM,13472
1GM,13477
1GM,13480
1GM,13482
1GM,13484
1GM,13486
1GM,13488
1GM,13575
1GM,13577
1GM,13578
1GM,13579
1GM,13580
1GM,13583
1GM,13655
1GM,13657
1GM,13658
1GM,13659
1GM,13660
1GM,13662
1GM,13716
1GM,13718
1GM,13719
1GM,13720
1GM,13721
1GM,13723
1GM,13785
1GM,13787
1GM,13788
1GM,13789
1GM,13790
4GL,4665
4GL,5211
4GL,5241
4GL,5249
4GL,5339
4GL,5340
4GL,8944
4GL,8946
4GL,8964
4GL,8996
4GL,8999
4GL,9012
4GL,9014
4GL,9081
4GL,9089
4GL,9090
4GL,9091
4GL,9127
4GL,9141
4GL,9142
4GL,9143
4GL,9163
4GL,9170
4GL,9171
4GL,9179
4GL,9181
4GL,11317
4GL,11351
4GL,15696
4GL,15698
4GL,15699
4GL,15700
2CG,4665
2CG,4894
2CG,5241
2CG,5332
2CG,5339
2CG,5340
2CG,8816
2CG,8837
2CG,8838
2CG,8843
2CG,8931
2CG,8944
2CG,8946
2CG,8961
2CG,8995
2CG,8999
2CG,9008
2CG,9014
2CG,9081
2CG,9086
2CG,9090
2CG,9092
2CG,9127
2CG,9136
2CG,9142
2CG,9144
2CG,9163
2CG,9169
2CG,9179
2CG,9185
2CG,9194
2CG,9197
2CG,9200
2CG,9204
2CG,9248
2CG,9250
2CG,9251
2CG,9252
2CG,9264
2CG,9287
2CG,9288
2CG,9289
2CG,9290
2CG,9292
2CG,9310
2CG,9311
2CG,9312
2CG,9313
2CG,9321
2CG,9358
2CG,9360
2CG,9368
2CG,9377
2CG,9380
2CG,9398
2CG,9399
2CG,9401
2CG,9402
2CG,9405
2CG,9732
2CG,9733
2CG,9734
2CG,9735
2CG,9737
2CG,11096
2CG,13478
2CG,13480
2CG,13482
2CG,13484
2CG,13486
2CG,13576
2CG,13577
2CG,13578
2CG,13579
2CG,13580
2CG,13656
2CG,13657
2CG,13658
2CG,13659
2CG,13660
2CG,13717
2CG,13718
2CG,13719
2CG,13720
2CG,13721
2CG,13786
2CG,13787
2CG,13788
2CG,13789
2CG,13790
2CG,13850
2CG,13960
2CG,14133
2CG,14192
2CG,14812
1G5,4417
1G5,4665
1G5,4836
1G5,4894
1G5,4954
1G5,5180
1G5,5249
1G5,5325
1G5,5339
1G5,5340
1G5,8873
1G5,8875
1G5,8885
1G5,8944
1G5,8946
1G5,8961
1G5,8964
1G5,9081
1G5,9086
1G5,9090
1G5,9091
1G5,12829
1G5,13407
1G5,14076
1G5,14078
1G5,14079
1G5,14080
1G5,14088
1G5,14089
1G5,14091
1G5,14092
1G5,14094
1G5,14131
1G5,14133
1G5,14149
1G5,14151
1G5,14152
1G5,14153
1G5,14156
1G5,14157
1G5,14159
1G5,14160
1G5,14162
1G5,14191
1G5,14192
1G5,14772
1G5,14774
1G5,14775
1G5,14776
1G5,14779
1G5,14780
1G5,14783
1G5,14785
1G5,14812
1G5,14813
1G5,14876
1G5,14879
1G5,14880
1G5,14882
1G5,14884
1G5,14907
1G5,14932
1G5,14935
1G5,14936
1G5,14938
1G5,14940
1G5,14962
1G5,14998
1G5,15001
1G5,15002
1G5,15004
1G5,15006
1G5,15025
1G5,18283
2GB,4451
2GB,4665
2GB,4894
2GB,5339
2GB,5340
2GB,8816
2GB,8837
2GB,8838
2GB,8843
2GB,8873
2GB,8876
2GB,8878
2GB,8944
2GB,8945
2GB,8946
2GB,8955
2GB,8965
2GB,8995
2GB,8999
2GB,9012
2GB,9014
2GB,9081
2GB,9089
2GB,9090
2GB,9092
2GB,9127
2GB,9129
2GB,9142
2GB,9144
2GB,9163
2GB,9167
2GB,9171
2GB,9179
2GB,9185
2GB,9194
2GB,9197
2GB,9198
2GB,9202
2GB,9204
2GB,9248
2GB,9250
2GB,9251
2GB,9252
2GB,9264
2GB,9287
2GB,9288
2GB,9289
2GB,9290
2GB,9292
2GB,9310
2GB,9311
2GB,9312
2GB,9313
2GB,9321
2GB,9358
2GB,9360
2GB,9368
2GB,9377
2GB,9380
2GB,9398
2GB,9399
2GB,9402
2GB,9405
2GB,9732
2GB,9733
2GB,9734
2GB,9735
2GB,9737
2GB,10750
2GB,10772
2GB,13430
2GB,13478
2GB,13480
2GB,13482
2GB,13484
2GB,13486
2GB,13516
2GB,13520
2GB,13551
2GB,13562
2GB,13576
2GB,13577
2GB,13578
2GB,13579
2GB,13580
2GB,13612
2GB,13618
2GB,13656
2GB,13657
2GB,13658
2GB,13659
2GB,13660
2GB,13691
2GB,13697
2GB,13717
2GB,13718
2GB,13719
2GB,13720
2GB,13721
2GB,13749
2GB,13753
2GB,13786
2GB,13787
2GB,13788
2GB,13789
2GB,13790
2GB,13822
2GB,13848
2GB,13850
2GB,13851
2GB,13852
2GB,13875
2GB,13878
2GB,13901
2GB,13959
2GB,13960
2GB,13961
2GB,13962
2GB,13983
2GB,13985
2GB,13992
2GB,13995
2GB,14078
2GB,14079
2GB,14080
2GB,14109
2GB,14115
2GB,14118
2GB,14133
2GB,14151
2GB,14152
2GB,14153
2GB,14176
2GB,14179
2GB,14182
2GB,14192
2GB,14774
2GB,14775
2GB,14776
2GB,14798
2GB,14800
2GB,14803
2GB,14812
2GB,14876
2GB,14896
2GB,14898
2GB,14932
2GB,14952
2GB,14954
2GB,14957
2GB,14966
2GB,14998
2GB,15017
2GB,15019
2GB,15021
2GB,15132
2GB,15232
2GB,15309
2GB,15313
2GB,15320
2GB,15322
2GB,15339
2GB,15588
2GB,15604
2GB,15605
2GB,20211
2GB,20213
2GB,23110
2GB,23135
2GB,23147
2GB,23150
2GB,23183
2GB,23185
2GB,23193
2GB,23194
2GB,23197
2GC,4451
2GC,4665
2GC,4894
2GC,5306
2GC,5339
2GC,5340
2GC,8816
2GC,8837
2GC,8838
2GC,8843
2GC,8873
2GC,8876
2GC,8944
2GC,8946
2GC,8955
2GC,8965
2GC,8995
2GC,8999
2GC,9014
2GC,9081
2GC,9090
2GC,9092
2GC,9127
2GC,9129
2GC,9142
2GC,9144
2GC,9163
2GC,9167
2GC,9179
2GC,9185
2GC,9194
2GC,9197
2GC,9202
2GC,9204
2GC,9248
2GC,9250
2GC,9251
2GC,9252
2GC,9264
2GC,9287
2GC,9288
2GC,9289
2GC,9290
2GC,9292
2GC,9310
2GC,9311
2GC,9312
2GC,9313
2GC,9321
2GC,9358
2GC,9360
2GC,9368
2GC,9377
2GC,9380
2GC,9398
2GC,9399
2GC,9402
2GC,9405
2GC,9732
2GC,9733
2GC,9734
2GC,9735
2GC,9737
2GC,10750
2GC,10769
2GC,10997
2GC,11331
2GC,11364
2GC,13424
2GC,13478
2GC,13480
2GC,13482
2GC,13484
2GC,13486
2GC,13511
2GC,13519
2GC,13550
2GC,13551
2GC,13554
2GC,13576
2GC,13577
2GC,13578
2GC,13579
2GC,13580
2GC,13610
2GC,13612
2GC,13615
2GC,13656
2GC,13657
2GC,13658
2GC,13659
2GC,13660
2GC,13690
2GC,13691
2GC,13717
2GC,13718
2GC,13719
2GC,13720
2GC,13721
2GC,13748
2GC,13749
2GC,13786
2GC,13787
2GC,13788
2GC,13789
2GC,13790
2GC,13817
2GC,13848
2GC,13850
2GC,13851
2GC,13852
2GC,13874
2GC,13875
2GC,13901
2GC,13959
2GC,13960
2GC,13961
2GC,13962
2GC,13976
2GC,13978
2GC,13980
2GC,13982
2GC,13983
2GC,13991
2GC,13995
2GC,14013
2GC,14078
2GC,14079
2GC,14080
2GC,14099
2GC,14101
2GC,14103
2GC,14114
2GC,14118
2GC,14125
2GC,14133
2GC,14151
2GC,14152
2GC,14153
2GC,14168
2GC,14170
2GC,14172
2GC,14174
2GC,14178
2GC,14182
2GC,14189
2GC,14192
2GC,14774
2GC,14775
2GC,14776
2GC,14792
2GC,14794
2GC,14799
2GC,14803
2GC,14812
2GC,14815
2GC,14876
2GC,14890
2GC,14892
2GC,14897
2GC,14909
2GC,14932
2GC,14946
2GC,14948
2GC,14953
2GC,14998
2GC,15012
2GC,15018
2GC,15046
2GC,15131
2GC,15233
2GC,15296
2GC,15298
2GC,15299
2GC,15301
2GC,15303
2GC,15312
2GC,15319
2GC,15321
2GC,15589
2GC,15604
2GC,15605
2GC,20212
2GC,20214
2GC,23135
2GC,23147
2GC,23183
2GC,23185
2GC,23193
2GC,23194
2GC,25673
2GC,25674
2GC,25676
2GC,25679
2GC,25684
2GC,25687
2GC,26894
2GC,26899
2GC,27699
2GC,27703
2GC,27730
2GD,4451
2GD,4665
2GD,5241
2GD,5332
2GD,5339
2GD,5340
2GD,8944
2GD,8945
2GD,8946
2GD,8965
2GD,8995
2GD,8999
2GD,9012
2GD,9014
2GD,9081
2GD,9082
2GD,9089
2GD,9090
2GD,9092
2GD,9127
2GD,9141
2GD,9142
2GD,9144
2GD,9163
2GD,9171
2GD,9179
2GD,9185
2GD,9248
2GD,9250
2GD,9251
2GD,9252
2GD,9264
2GD,9287
2GD,9288
2GD,9289
2GD,9290
2GD,9292
2GD,9310
2GD,9311
2GD,9312
2GD,9313
2GD,9321
2GD,9358
2GD,9360
2GD,9368
2GD,9377
2GD,9380
2GD,9398
2GD,9399
2GD,9402
2GD,9405
2GD,9732
2GD,9733
2GD,9734
2GD,9735
2GD,9737
2GD,10750
2GD,13478
2GD,13480
2GD,13482
2GD,13484
2GD,13486
2GD,13491
2GD,13513
2GD,13576
2GD,13577
2GD,13578
2GD,13579
2GD,13580
2GD,13586
2GD,13591
2GD,13595
2GD,13656
2GD,13657
2GD,13658
2GD,13659
2GD,13660
2GD,13666
2GD,13671
2GD,13717
2GD,13718
2GD,13719
2GD,13720
2GD,13721
2GD,13725
2GD,13730
2GD,13786
2GD,13787
2GD,13788
2GD,13789
2GD,13790
2GD,13794
2GD,13799
2GD,13848
2GD,13850
2GD,13851
2GD,13852
2GD,13854
2GD,13858
2GD,13901
2GD,13959
2GD,13960
2GD,13961
2GD,13962
2GD,13963
2GD,13967
2GD,13995
2GD,14078
2GD,14079
2GD,14080
2GD,14086
2GD,14090
2GD,14095
2GD,14118
2GD,14133
2GD,14151
2GD,14152
2GD,14153
2GD,14154
2GD,14158
2GD,14163
2GD,14182
2GD,14192
2GD,14774
2GD,14775
2GD,14776
2GD,14777
2GD,14781
2GD,14786
2GD,14803
2GD,14812
2GD,14876
2GD,14877
2GD,14881
2GD,14885
2GD,14932
2GD,14933
2GD,14937
2GD,14941
2GD,14961
2GD,14998
2GD,14999
2GD,15003
2GD,15007
2GD,15024
2GD,15146
2GD,15393
2GD,15517
2GD,15526
2GD,15535
2GD,15537
2GD,15560
2GD,15565
2GD,15567
2GD,20228
2GD,20229
2GD,23116
2GD,23124
2GD,23127
2GD,23131
2GD,23136
2GD,23139
2GD,23143
2GD,23148
2GD,23181
2GD,23184
2GD,23192
2GD,23196
2GT,4451
2GT,4665
2GT,4701
2GT,4894
2GT,5241
2GT,5339
2GT,5340
2GT,8816
2GT,8823
2GT,8837
2GT,8838
2GT,8843
2GT,8873
2GT,8876
2GT,8944
2GT,8946
2GT,8965
2GT,8995
2GT,8999
2GT,9014
2GT,9081
2GT,9082
2GT,9090
2GT,9092
2GT,9127
2GT,9142
2GT,9144
2GT,9163
2GT,9179
2GT,9185
2GT,9194
2GT,9197
2GT,9204
2GT,9248
2GT,9250
2GT,9251
2GT,9252
2GT,9264
2GT,9287
2GT,9288
2GT,9289
2GT,9290
2GT,9292
2GT,9310
2GT,9311
2GT,9312
2GT,9313
2GT,9321
2GT,9358
2GT,9360
2GT,9368
2GT,9377
2GT,9380
2GT,9398
2GT,9399
2GT,9402
2GT,9405
2GT,9732
2GT,9733
2GT,9734
2GT,9735
2GT,9737
2GT,10754
2GT,11096
2GT,13478
2GT,13480
2GT,13482
2GT,13484
2GT,13486
2GT,13497
2GT,13504
2GT,13538
2GT,13539
2GT,13576
2GT,13577
2GT,13578
2GT,13579
2GT,13580
2GT,13587
2GT,13590
2GT,13600
2GT,13656
2GT,13657
2GT,13658
2GT,13659
2GT,13660
2GT,13667
2GT,13670
2GT,13680
2GT,13717
2GT,13718
2GT,13719
2GT,13720
2GT,13721
2GT,13726
2GT,13729
2GT,13739
2GT,13786
2GT,13787
2GT,13788
2GT,13789
2GT,13790
2GT,13795
2GT,13797
2GT,13808
2GT,13848
2GT,13850
2GT,13851
2GT,13852
2GT,13855
2GT,13857
2GT,13865
2GT,13901
2GT,13959
2GT,13960
2GT,13961
2GT,13962
2GT,13964
2GT,13966
2GT,13974
2GT,13989
2GT,13995
2GT,14078
2GT,14079
2GT,14080
2GT,14087
2GT,14097
2GT,14118
2GT,14131
2GT,14133
2GT,14151
2GT,14152
2GT,14153
2GT,14155
2GT,14159
2GT,14165
2GT,14182
2GT,14191
2GT,14192
2GT,14774
2GT,14775
2GT,14776
2GT,14778
2GT,14788
2GT,14801
2GT,14803
2GT,14812
2GT,14813
2GT,14876
2GT,14878
2GT,14887
2GT,14899
2GT,14907
2GT,14932
2GT,14934
2GT,14939
2GT,14943
2GT,14955
2GT,14962
2GT,14998
2GT,15000
2GT,15005
2GT,15009
2GT,15025
2GT,15147
2GT,15385
2GT,15387
2GT,15392
2GT,15454
2GT,15468
2GT,15500
2GT,15502
2GT,15510
2GT,15511
2GT,15515
2GT,15517
2GT,15522
2GT,15526
2GT,15529
2GT,15530
2GT,15534
2GT,15536
2GT,15559
2GT,15564
2GT,15566
2GT,20227
2GT,20229
2GT,25629
2GT,25632
2GT,25633
2GT,25645
2GT,25647
2GT,25651
2GT,26901
2GT,26906
2GT,27721
2GT,27734
3GK,4452
3GK,4665
3GK,4894
3GK,5241
3GK,5339
3GK,5340
3GK,8721
3GK,8756
3GK,8816
3GK,8823
3GK,8837
3GK,8838
3GK,8843
3GK,8873
3GK,8876
3GK,8944
3GK,8946
3GK,8955
3GK,8965
3GK,8995
3GK,8999
3GK,9014
3GK,9081
3GK,9082
3GK,9090
3GK,9092
3GK,9127
3GK,9142
3GK,9144
3GK,9163
3GK,9179
3GK,9185
3GK,9194
3GK,9197
3GK,9204
3GK,9248
3GK,9250
3GK,9251
3GK,9252
3GK,9264
3GK,9287
3GK,9288
3GK,9289
3GK,9290
3GK,9292
3GK,9310
3GK,9311
3GK,9312
3GK,9313
3GK,9321
3GK,9358
3GK,9360
3GK,9368
3GK,9377
3GK,9380
3GK,9398
3GK,9399
3GK,9402
3GK,9405
3GK,10754
3GK,10766
3GK,10803
3GK,10991
3GK,10996
3GK,11025
3GK,11027
3GK,11069
3GK,11071
3GK,11089
3GK,11093
3GK,11096
3GK,11116
3GK,11161
3GK,11191
3GK,11222
3GK,11258
3GK,11292
3GK,11329
3GK,11362
3GK,15148
3GK,15278
3GK,15517
3GK,15526
3GK,15529
3GK,15539
3GK,20230
3GK,20869
3GK,21875
3GK,22701
3GK,25955
3GK,25956
3GK,27309
3GK,27723
1VW,4293
1VW,4666
1VW,4739
1VW,4946
1VW,5348
1VW,8398
1VW,12321
1VW,12945
1VW,12956
1VW,12962
1VW,12963
1VW,12969
1VW,13844
1VW,13849
1VW,18182
1VW,20272
1VW,20489
1VW,20490
1VW,20590
1VW,20900
1VW,21379
1VW,21380
1VW,23173
1VW,23458
1VW,24381
1VW,24530
1VW,24609
3GM,4452
3GM,4665
3GM,4894
3GM,5332
3GM,5339
3GM,5340
3GM,8944
3GM,8945
3GM,8946
3GM,8955
3GM,8965
3GM,8995
3GM,8999
3GM,9012
3GM,9014
3GM,9081
3GM,9089
3GM,9090
3GM,9092
3GM,9127
3GM,9129
3GM,9141
3GM,9142
3GM,9144
3GM,9163
3GM,9167
3GM,9171
3GM,9179
3GM,9185
3GM,9194
3GM,9197
3GM,9198
3GM,9202
3GM,9204
3GM,9248
3GM,9250
3GM,9251
3GM,9252
3GM,9264
3GM,15604
3GM,15605
3G5,4452
3G5,4665
3G5,5211
3G5,5241
3G5,5339
3G5,5340
3G5,8944
3G5,8946
3G5,8965
3G5,8995
3G5,8999
3G5,9014
3G5,9081
3G5,9090
3G5,9092
3G5,9127
3G5,9142
3G5,9144
3G5,9163
3G5,9170
3G5,9171
3G5,9179
3G5,9185
3G5,9194
3G5,9197
3G5,9198
3G5,9204
3G5,11208
3G5,11245
3G5,11279
3G5,11312
3G5,11348
3G7,4452
3G7,4665
3G7,4836
3G7,4894
3G7,5180
3G7,5325
3G7,5339
3G7,5340
3G7,8873
3G7,8876
3G7,8885
3G7,8944
3G7,8946
3G7,8965
3G7,8995
3G7,8999
3G7,9014
3G7,9081
3G7,9090
3G7,9092
3G7,9127
3G7,9136
3G7,9142
3G7,9144
3G7,9163
3G7,9179
3G7,9185
3G7,9194
3G7,9197
3G7,9200
3G7,9204
3G7,11178
3G7,11207
3G7,11244
3G7,11278
3G7,11311
1GG,4665
1GG,4894
1GG,5249
1GG,5339
1GG,5340
1GG,8873
1GG,8875
1GG,8944
1GG,8945
1GG,8946
1GG,8964
1GG,8996
1GG,8999
1GG,9012
1GG,9014
1GG,9081
1GG,9089
1GG,9090
1GG,9091
1GG,9127
1GG,9141
1GG,9142
1GG,9143
1GG,9163
1GG,9171
1GG,9179
1GG,9181
1GG,9195
1GG,9197
1GG,9204
1GG,9249
1GG,9250
1GG,9251
1GG,9252
1GG,9264
1GG,9286
1GG,9288
1GG,9289
1GG,9290
1GG,9292
1GG,9309
1GG,9311
1GG,9312
1GG,9313
1GG,9321
1GG,9357
1GG,9360
1GG,9368
1GG,9377
1GG,9380
1GG,10974
1GG,11009
1GG,11059
1GG,11080
1GG,11148
1GG,11346
1GG,20799
1GG,20800
2CC,9163
2CC,9179
2CC,9185
2CC,11196
2CC,15711
2CC,15714
2CC,15717
1F9303,4667
1F9380,4668
13N,4669
13N,4671
13N,27043
5TR,4670
5SV,4671
5SV,4673
5SV,27044
1E9523,4678
1F9436,4674
16V,4675
16V,4679
16V,21458
16V,23566
16V,26788
1F9372,4676
5J3,4677
1F9348,4680
1E9537,4681
1F9306,4682
4CS,4683
1E9415,4684
4C9296,4685
2CT,3825
2CT,4203
2CT,4345
2CT,4665
2CT,4894
2CT,5241
2CT,5332
2CT,5339
2CT,5340
2CT,8721
2CT,8756
2CT,8816
2CT,8823
2CT,8837
2CT,8838
2CT,8843
2CT,8944
2CT,8945
2CT,8946
2CT,8965
2CT,8995
2CT,8999
2CT,9012
2CT,9014
2CT,9081
2CT,9082
2CT,9089
2CT,9090
2CT,9092
2CT,9127
2CT,9141
2CT,9142
2CT,9144
2CT,9163
2CT,9171
2CT,9179
2CT,9185
2CT,9194
2CT,9197
2CT,9204
2CT,9248
2CT,9250
2CT,9251
2CT,9252
2CT,9264
2CT,9287
2CT,9288
2CT,9289
2CT,9290
2CT,9292
2CT,9310
2CT,9311
2CT,9312
2CT,9313
2CT,9321
2CT,9358
2CT,9360
2CT,9368
2CT,9377
2CT,9380
2CT,9398
2CT,9399
2CT,9402
2CT,9405
2CT,9732
2CT,9733
2CT,9734
2CT,9735
2CT,9737
2CT,10754
2CT,11096
2CT,13478
2CT,13480
2CT,13482
2CT,13484
2CT,13486
2CT,13576
2CT,13577
2CT,13578
2CT,13579
2CT,13580
2CT,13656
2CT,13657
2CT,13658
2CT,13659
2CT,13660
2CT,13717
2CT,13718
2CT,13719
2CT,13720
2CT,13721
2CT,13786
2CT,13787
2CT,13788
2CT,13789
2CT,13790
2CT,15277
2CT,15357
2CT,15359
2CT,15517
2CT,15526
2CT,15529
2CK,4451
2CK,4665
2CK,4836
2CK,4894
2CK,5180
2CK,5325
2CK,5339
2CK,5340
2CK,8873
2CK,8876
2CK,8885
2CK,8944
2CK,8946
2CK,8961
2CK,8965
2CK,8995
2CK,8999
2CK,9008
2CK,9014
2CK,9081
2CK,9086
2CK,9090
2CK,9092
2CK,9127
2CK,9136
2CK,9142
2CK,9144
2CK,9163
2CK,9169
2CK,9179
2CK,9185
2CK,9194
2CK,9197
2CK,9200
2CK,9204
2CK,9248
2CK,9250
2CK,9251
2CK,9252
2CK,9264
2CK,9287
2CK,9288
2CK,9289
2CK,9290
2CK,9292
2CK,9310
2CK,9311
2CK,9312
2CK,9313
2CK,9321
2CK,9358
2CK,9360
2CK,9368
2CK,9377
2CK,9380
2CK,9398
2CK,9399
2CK,9401
2CK,9402
2CK,9405
2CK,9732
2CK,9733
2CK,9734
2CK,9735
2CK,9737
2CK,11337
2CK,13478
2CK,13480
2CK,13482
2CK,13484
2CK,13486
2CK,13576
2CK,13577
2CK,13578
2CK,13579
2CK,13580
2CK,13656
2CK,13657
2CK,13658
2CK,13659
2CK,13660
2CK,13661
2CK,13717
2CK,13718
2CK,13719
2CK,13720
2CK,13721
2CK,13722
2CK,13786
2CK,13787
2CK,13788
2CK,13789
2CK,13790
5SN,4686
5SN,5951
5SN,5952
5SN,5953
5SN,5960
2CN,3825
2CN,4203
2CN,4345
2CN,4381
2CN,4451
2CN,4665
2CN,4894
2CN,5339
2CN,5340
2CN,8721
2CN,8816
2CN,8837
2CN,8838
2CN,8843
2CN,8873
2CN,8876
2CN,8878
2CN,8944
2CN,8946
2CN,8965
2CN,8995
2CN,8999
2CN,9014
2CN,9081
2CN,9090
2CN,9092
2CN,9127
2CN,9129
2CN,9142
2CN,9144
2CN,9163
2CN,9167
2CN,9179
2CN,9185
2CN,9194
2CN,9197
2CN,9204
2CN,9248
2CN,9250
2CN,9251
2CN,9252
2CN,9264
2CN,9287
2CN,9288
2CN,9289
2CN,9290
2CN,9292
2CN,9310
2CN,9311
2CN,9312
2CN,9313
2CN,9321
2CN,9358
2CN,9360
2CN,9368
2CN,9377
2CN,9380
2CN,9398
2CN,9399
2CN,9402
2CN,9405
2CN,9732
2CN,9733
2CN,9734
2CN,9735
2CN,9737
2CN,10750
2CN,10772
2CN,10989
2CN,10994
2CN,11001
2CN,11023
2CN,11026
2CN,11032
2CN,11074
2CN,11097
2CN,11123
2CN,11167
2CN,11196
2CN,11227
2CN,11262
2CN,11296
2CN,11302
2CN,11336
2CN,13473
2CN,13476
2CN,13478
2CN,13480
2CN,13482
2CN,13484
2CN,13486
2CN,13517
2CN,13521
2CN,13576
2CN,13577
2CN,13578
2CN,13579
2CN,13580
2CN,13582
2CN,13656
2CN,13657
2CN,13658
2CN,13659
2CN,13660
2CN,13661
2CN,13717
2CN,13718
2CN,13719
2CN,13720
2CN,13721
2CN,13722
2CN,13786
2CN,13787
2CN,13788
2CN,13789
2CN,13790
2CN,15231
2CN,15249
2CN,15252
2CN,15263
2CN,15277
2CN,15604
2CN,15605
4GD,4665
4GD,4894
4GD,5241
4GD,5249
4GD,5332
4GD,5339
4GD,5340
4GD,8944
4GD,8945
4GD,8946
4GD,8964
4GD,8996
4GD,8999
4GD,9012
4GD,9014
4GD,9081
4GD,9082
4GD,9089
4GD,9090
4GD,9091
4GD,9163
4GD,9171
4GD,9179
4GD,9181
4GD,9249
4GD,9250
4GD,9251
4GD,9252
4GD,9264
4GD,9286
4GD,9288
4GD,9289
4GD,9290
4GD,9292
4GD,9309
4GD,9311
4GD,9312
4GD,9313
4GD,9321
4GD,10803
4GD,10978
4GD,11016
4GD,11062
4GD,11096
4GD,15517
4GD,15526
1F9394,4687
4NU,4665
4NU,4850
4NU,4894
4NU,5234
4NU,5241
4NU,5249
4NU,5339
4NU,5340
4NU,8873
4NU,8875
4NU,8944
4NU,8946
4NU,8964
4NU,8996
4NU,8999
4NU,9014
4NU,9081
4NU,9090
4NU,9091
4NU,11096
4NU,11240
4NU,11272
4NU,11306
4NU,11341
1F9355,4688
1F9408,4689
56N,4690
5S3,4852
5S3,4894
5S3,5235
5S3,5249
5S3,5339
5S3,5340
5S3,8873
5S3,8875
5S3,8946
5S3,8964
5S3,11307
5S3,11342
5S3,20771
5GR,4665
5GR,4848
5GR,4894
5GR,5230
5GR,5249
5GR,5339
5GR,5340
5GR,8816
5GR,8836
5GR,8837
5GR,8838
5GR,8840
5GR,8873
5GR,8875
5GR,8887
5GR,8944
5GR,8946
5GR,8964
5GR,8996
5GR,8999
5GR,9014
5GR,9081
5GR,9091
5GR,11256
5GR,11290
5GR,11327
5GR,11359
5GT,4665
5GT,4848
5GT,4894
5GT,5230
5GT,5249
5GT,5339
5GT,5340
5GT,8816
5GT,8836
5GT,8837
5GT,8838
5GT,8840
5GT,8873
5GT,8875
5GT,11343
5GT,20789
5GZ,4665
5GZ,4843
5GZ,4894
5GZ,5219
5GZ,5249
5GZ,5339
5GZ,5340
5GZ,8835
5GZ,8837
5GZ,8838
5GZ,8840
5GZ,8873
5GZ,8875
5GZ,8886
5GZ,8944
5GZ,8946
5GZ,8964
5GZ,8996
5GZ,8999
5GZ,9014
5GZ,9081
5GZ,9090
5GZ,9091
5GZ,9127
5GZ,9139
5GZ,9142
5GZ,9143
5GZ,9163
5GZ,9171
5GZ,9179
5GZ,9181
5GZ,11230
5GZ,11232
5GZ,11265
5GZ,11299
5GZ,11318
5GZ,11335
5GZ,11352
1A9748,4691
1B9252,4693
1E9451,4694
LB5,4695
LB5,10708
LB5,21212
1B9838,4697
1A9974,4699
1E9209,4700
2GX,4702
1D9741,4698
56E,4703
56E,10730
1E9512,4704
4C9043,4705
RPG,4706
584,4707
1B9879,4709
1A9752,4711
56A,4712
1F9403,4713
1F9403,24196
1E9553,4714
1F9361,4715
4B9001,4716
4B9001,4719
4B9001,12486
1F9356,4717
1E9511,4718
1F9413,4720
4C9259,4732
3B9007,10790
3B9007,10791
1F9308,4724
4B9029,4755
4B9074,4750
1B9864,4753
1B9912,4767
1A9767,4722
1A9767,27568
1B9957,4723
1B9772,4769
1B9772,10637
5UE,4725
5DE,4726
5DE,4728
5DE,18486
2CP,4727
1B9960,4776
1F9332,4729
1B9786,4778
1A9772,4730
1E9532,4731
1E9532,10723
1B9939,4781
1D9738,4721
1B9776,4733
1F9346,4734
1A9891,4735
1F9315,4762
2C9197,4737
2C9197,21083
1A9876,4740
1E9362,4742
1E9362,8928
1E9362,21109
1E9362,24844
1A9823,4745
1E9039,4746
1A9900,4747
4C9047,4748
1E9531,4749
1E9403,4751
1A9813,4752
1A9813,4873
1T9718,4754
LVC,4757
1F9350,4763
4B9009,4760
1B9951,4761
1B9951,4765
4C9351,4764
1F9421,4766
1J9286,4768
1J9286,7592
1J9286,11910
1F9312,4770
4B9055,4772
1B9794,4771
4EP,4773
1F9342,4774
1F9321,4777
1D9358,4780
4B9027,4779
KLP,4782
4WF,4783
1G9461,4785
1D9755,4784
1D9750,4786
5SW,4788
1F9537,22823
1A9951,4791
1A9951,9989
1A9951,18676
1A9951,22101
1D9721,4790
1A9830,4792
1A9844,4794
1G9442,4793
XMK,4796
1A9802,4795
1B9923,4801
4C9017,4797
LGX,4817
1A9762,4798
1A9762,4800
1A9762,4803
1A9762,19969
5VT,4824
5VT,4830
1A9861,4802
2A9177,4804
1A9734,4805
4C9249,4806
1B9975,4807
1B9975,4809
1B9975,20309
1A9585,4808
1A9585,10669
1A9760,4810
1B9948,4813
1D9737,4811
4C9219,4812
1A9050,4814
4C9171,4815
1A9961,4816
1E9500,4818
1A9910,4820
1C9271,4819
1C9271,11635
1A9968,4821
1A9685,4822
1E9390,4823
1A9849,4826
1E9479,4825
4C9258,4827
4C9158,4828
1E9520,4829
4C9368,4831
4C9368,23855
4C9026,4833
51S,4840
4C9324,4837
4C9028,4844
1E9402,4832
4C9275,4846
3A9220,4834
1E9440,4835
1E9369,4838
1E9127,4841
4NT,4665
4NT,4843
4NT,4894
4NT,8873
4NT,8875
4NT,8886
4NT,8944
4NT,8945
4NT,8946
4NT,8964
4NT,8996
4NT,9091
4C9180,4847
4C9313,4849
4C9366,4853
4C9202,4854
572,4855
572,28030
572,28033
1E9380,4845
4JU,4856
4JU,8676
4JU,8677
4C9146,4922
1E9195,4851
4C9241,4927
1W9531,4934
4C9266,4936
1E9550,4858
1E9505,4859
1E9505,20116
1E9505,22963
1E9505,27857
1E9375,4860
1E9478,5360
1E9407,4861
1E9409,4862
1F9395,4863
1E9428,4864
1F9353,4865
51Y,4866
51Y,4871
51Y,8615
51Y,8616
51Y,14199
51Y,19741
1F9373,4867
5WK,4868
5WK,10389
SBD,4869
1A9890,4870
1A9890,10692
1B9915,4872
4C9260,4875
1B9814,4874
1P9654,4876
1B9932,4877
1B9810,4878
1A9901,4879
1D9587,4880
1E9360,4881
WBK,4882
WBK,20892
52S,4883
1A9730,4884
1D9612,4885
1A9698,4886
1D9664,4887
1A9726,4888
5WF,4889
5WF,16937
5WF,24028
5V4,4891
5V4,4909
5V4,4913
5V4,4925
5V4,11769
5V4,12836
5V4,18008
5V4,21360
5V4,26020
5V4,27824
1E9521,4890
1J9167,4898
1J9167,15286
4GT,3898
4GT,6427
4GT,12882
4GT,12890
4GT,12924
4GT,12941
4GT,12998
4GT,13000
4GT,13030
4GT,13057
4GT,13064
4GT,13105
4GT,13162
4GT,13354
4GT,13363
4GT,13388
4GT,13917
4GT,13922
1E9474,4895
1D9627,4896
1A9963,4897
1A9855,4899
5T0,4902
1E9393,4900
1D9680,4903
5VC,4901
5VC,4910
5VC,4915
5VC,4930
5VC,12830
5VC,20045
5VC,21363
5VC,26019
5VC,27822
1A9702,4904
1D9720,4906
4ET,4905
4ET,12094
1A9757,4912
ZCH,4914
ZCH,4917
1D9611,4918
1D9715,4921
184,4916
53N,4277
53N,4923
53N,4928
53N,25689
1E9123,4926
1E9133,4920
1E9133,16799
1D9607,4932
1D9594,4937
1E9412,4938
1D9674,4939
VS9031,4940
1D9678,4941
516,4943
516,12845
516,20044
516,21360
1D9582,4944
1D9718,4945
597,4947
1E1,4948
1E1,11643
573,4949
573,4962
573,10116
573,11571
573,16623
573,19209
573,22538
573,23954
573,25572
573,28493
1D9609,4950
1D9609,4952
1D9609,4956
1G9433,4951
1S9895,4953
1E9408,4957
1D9646,4958
2D9007,4959
5CU,4961
1G9446,4964
4B9006,4965
1B9762,4966
4C9378,4967
1G9412,4968
1B9815,4970
1G9503,4969
1G9503,26491
1B9824,4971
1E9397,4972
4C9169,4973
1G9356,4974
5P5,4977
1E9441,4975
1B9818,4978
1B9946,4979
1E9445,4976
1E9563,4980
1G9500,4981
4C9094,4983
1E9370,4982
1E9530,4985
1D9363,4986
1D9363,28068
4TE,4988
1G9358,4990
1B9796,4991
1B9825,4992
1B9825,4993
1B9825,28136
1E9498,4987
LRY,6010
2DM,4995
1D9688,4996
1D9688,5000
1D9688,20438
1D9688,20697
1E9458,4998
1E9458,5043
1E9443,4999
PF9001,5002
1GR,5008
1GR,12150
1GR,12357
1GR,12359
1GR,20358
1E9444,5003
5RK,5004
4C9111,5005
1D9588,5007
LSR,5006
LSR,5017
4C9302,5009
4C9302,13089
4C9302,23666
1D9638,5010
4C9105,5011
1D9657,5012
2C9005,5013
2C9005,16350
1VH,5015
1VH,10031
1VH,16537
2B1,5015
2B1,10031
2B1,15087
2B1,16537
2B1,16538
2B1,19891
57V,5014
57V,21788
2BA,5015
2BA,10031
2BA,15087
2BA,16537
2BA,16538
2BA,19891
5XB,5016
1G9372,5018
1E9466,5019
LYE,5022
1E9267,5020
1B9607,5026
1B9934,5024
4B9036,5023
4B9036,17214
1D9558,5025
1E9456,5028
1E9477,5029
1G9497,5030
LLC,6280
LLC,9126
LLC,18278
LLC,26840
LLC,27834
1E9373,5032
513,5035
1E9487,5034
1G9348,5036
LWG,5038
LWG,19957
1G9444,5039
5VK,5040
5VK,5042
1G9427,5046
1G9427,5048
1E9394,5050
1G9389,5051
1G9377,5053
3G9031,5054
3G9031,11734
3G9031,22981
3G9031,23095
3G9031,24514
5UJ,5057
5PS,5055
1G9402,5058
1G9426,5299
1E9400,5060
1D9027,5061
5LZ,5062
5LZ,5064
5LZ,5065
5LZ,5066
51D,5067
LTB,5069
LTB,15889
1E9551,5070
LRP,5072
LB4,5125
LB4,5143
LB4,26634
LP6,5073
LP6,21239
42E,5075
42E,16701
W0L,4222
W0L,4439
W0L,4627
W0L,5077
W0L,5080
1B9811,5081
1B9808,5082
1B9848,5083
1B9858,5084
1A9714,5085
1A9779,5086
1A9852,5087
1A9869,5088
1A9869,26678
1A9871,5089
1A9877,5090
1A9773,5091
1A9857,5092
1B9908,5093
1A9438,5094
1D9717,5095
1A9798,5096
1A9840,5098
1A9895,5099
LE8,5100
LE8,16013
LE8,20916
1A9917,5101
1A9766,5102
1G9373,5103
1A9836,5104
4B9026,5107
4C9268,5131
5A7,5133
5A7,5135
1B9882,5108
1B9882,5118
1A9845,5105
1E9368,5106
1D9614,5109
UJG,5110
UJG,22127
UJG,25135
1J9172,5111
1G9000,5112
1E9540,5113
1G9485,5114
1A9854,5115
1A9854,5116
1E9385,5117
4C9058,5119
54R,5120
1E9533,5121
LP5,5123
LP5,5130
53W,5124
4C9117,5126
1A9829,5129
1G9410,5132
5XW,5134
1G9269,17507
1G9269,28119
X89AC5,5137
1B9806,5139
1B9919,5141
1G9404,5138
1B9953,5145
5RL,5140
4C9221,5144
1A9825,5142
5SJ,5146
1G9381,5147
1D9385,5148
1D9585,5149
1A9731,5150
4C9181,5151
1G9424,5154
1A9729,5157
1A9729,26619
4C9155,5158
1G9425,5159
1A9850,21377
1A9850,27751
LC2,5344
LC2,5999
LC2,10279
LC2,20580
LC2,23089
4C9199,5162
53J,5163
522,5165
1D9573,5166
1D9596,5168
4C9110,5167
1A9650,5169
5JX,5170
5JX,5172
5JX,12079
5JX,18807
5JX,21716
5JX,25537
4C9226,5171
1A9747,5173
1C9943,5174
1A9241,5175
1A9793,5177
1B9943,5187
1B9943,23309
4C9068,5176
1B9742,5185
1A9949,5178
1B9892,5183
1A9940,5179
5ZU,5181
4DJ,5182
1A9710,5184
4C9151,5186
1A9896,5188
1A9837,5189
4C9072,5190
1F9715,5192
4B9043,5194
1B9893,5193
4C9290,5206
4C9290,10677
4C9272,5195
4C9272,5203
1G9445,5196
1G9233,5197
1G9233,9120
1G9233,16205
3B9021,5199
3B9021,24996
3B9021,28836
1B9952,5200
1B9285,5201
1B9285,5208
1B9285,8635
53Y,5198
53Y,10012
1B9829,5202
1DS,5205
1DS,5218
1DS,5222
1DS,5225
1DS,10126
1DS,14577
1DS,14614
1DS,14615
1DS,14616
1DS,15925
1DS,18151
1DS,20089
1DS,20375
1DS,21227
1DS,22109
1DS,23491
1DS,24614
1DS,26025
1DS,27359
1DS,28529
1G9378,5207
537,5209
4C9020,5210
5UL,5212
4C9364,5213
4C9364,10385
4C9364,11695
4C9364,14194
4C9364,18804
4C9364,20628
5R6,5214
LCE,5215
LCE,5248
LCE,24351
LCE,25036
LCE,25309
LCE,25310
LCE,26632
LCE,28150
LCE,28685
LCE,28692
1H9631,5217
1H9631,6318
1H9631,10112
1H9631,10747
1H9631,16088
1H9631,21119
1H9631,22514
3BZ,5365
1B9781,5220
4C9136,5223
1G9334,5221
1G9334,15980
1G9350,5226
1G9350,5228
1Z9361,5229
4C9345,5231
4C9345,10733
1F9682,5233
1H9613,5237
4C9032,5238
4C9032,19785
5PA,5239
5PA,16130
5PA,24185
527,5242
1D9661,5243
1D9661,5269
1D9661,5270
1E9419,5244
2C9201,5245
1H9523,5246
1H9616,5250
3G4,4430
3G4,8774
3G4,8781
3G4,8784
3G4,8798
3G4,8911
3G4,8931
3G4,8935
3G4,9018
3G4,9041
3G4,9046
3G4,9060
3G4,9070
3G4,9071
3G4,9080
3G4,9106
3G4,9115
3G4,9118
3G4,9119
3G4,9299
3G4,9304
3G4,9307
3G4,9308
3G4,9334
3G4,9340
3G4,9345
3G4,9347
3G4,9389
3G4,9393
3G4,9395
3G4,9396
3G4,9717
3G4,9725
3G4,9728
3G4,9729
3G4,12827
3G4,12832
3G4,12861
3G4,12868
3G4,12976
3G4,12999
3G4,13054
3G4,13237
3G4,13249
3G4,13255
3G4,13324
3G4,13360
3G4,13372
3G4,13437
3G4,13438
3G4,13496
3G4,13560
3G4,13571
3G4,13653
3G4,18276
3G4,18323
3G4,18413
3G4,18528
3G4,21940
3G4,26616
4C9102,5251
1G7,4417
1G7,8930
1G7,12829
1G7,13192
1G7,13310
1G7,13360
1G7,13407
1G7,13437
1G7,13445
1G7,13466
1G7,13535
1G7,13640
1G7,13766
1G7,18276
1G7,18283
1G7,18293
1G7,18296
1G7,18299
1G7,18316
1G7,18318
1G7,18319
1G7,18320
1G7,18321
RF4,5252
RF4,8914
5GN,5249
5GN,8816
5GN,8836
5GN,8837
5GN,8838
5GN,8840
5GN,8873
5GN,8875
5GN,20788
3GS,4452
3GS,4665
3GS,4843
3GS,4894
3GS,8835
3GS,8837
3GS,8838
3GS,8840
3GS,8873
3GS,8876
3GS,8886
5HA,5259
1H9529,5260
1H9765,5261
1H9642,5262
1B9924,5263
1B9956,5264
1D9692,5271
4B9034,5265
4B9034,20555
4B9034,23872
4B9034,26042
4B9034,26518
1A9873,5272
ZKH,5266
ZKH,5275
ZKH,5619
ZKH,5634
ZKH,10618
19B,5273
1D9651,5274
1D9705,5277
1B9963,5278
1D9757,5279
1B9859,5267
1D9571,5280
1B9909,5283
4C9347,5282
1B9872,5281
4B9046,5284
1G9365,5285
LWE,5291
4C9177,5286
1B9821,5287
1A2,7694
1A2,10799
1A2,10959
4B9042,5290
1A3,7694
1A3,10800
1A3,10959
1A3,10961
1A6,7694
1A6,10959
1A6,10964
1A7,7694
1A7,10959
1A8,3846
1A8,3887
1A8,3893
1A8,4579
1A8,7694
1A8,7699
1A8,10789
1A8,10798
1A8,10956
1A8,10959
1A8,12649
1D2,7326
1D2,7524
1D2,7548
1D2,7694
1D2,7768
1D2,7772
1D2,10799
1D2,10921
1D2,10959
1D2,10961
1D2,10964
1D2,11012
1D2,11014
1D2,11015
1D2,11021
1D2,11029
1D2,20947
1B9778,5292
1B9778,5298
LDW,5293
1B9874,5294
1D3,3846
1D3,3887
1D3,3950
1D3,3962
1D3,4579
1D3,7326
1D3,7399
1D3,7524
1D3,7548
1D3,7694
1D3,7768
1D3,7772
1D3,10800
1D3,10959
1D3,10961
1D3,10964
1D3,11012
1D3,11014
1D3,11015
1D3,11017
1D3,11021
1D3,11029
1D3,11036
1D3,12649
1D9653,5300
1D8,3846
1D8,3887
1D8,4579
1D8,7326
1D8,7399
1D8,7524
1D8,7694
1D8,10768
1D8,10789
1D8,10872
1D8,10959
1D8,10961
1D8,10964
1D8,10984
1D8,10992
1D8,11005
1D8,11007
1D8,11041
1D8,12649
1Z2,3846
1Z2,3887
1Z2,7694
1Z2,10799
1Z2,10959
1Z2,10961
1Z2,10964
1Z3,3846
1Z3,3887
1Z3,7694
1Z3,7786
1Z3,10800
1Z3,10959
1Z3,10961
1Z3,10964
1Z4,2409
1Z4,2410
1Z4,2426
1Z4,2435
1Z4,2436
1Z4,3846
1Z4,3887
1Z4,7694
1Z4,10959
1Z4,10961
1Z4,10964
1Z6,3887
1Z6,7694
1Z6,10959
1Z6,10961
1Z6,10964
1Z8,3846
1Z8,3887
1Z8,7694
1Z8,10789
1Z8,10959
1Z8,10961
1Z8,10964
4C9295,5302
1C9977,5304
4C9006,5305
4B9072,5307
1B9958,5310
1B9835,5308
1B9798,5309
1B9275,5268
1B9849,5312
4B9062,5314
51R,5313
52P,5315
1B9823,5316
1G9367,5317
1D9716,5319
1G9484,5321
4C9323,5322
1B9779,5324
4C9113,5323
16S,5333
1M9897,5335
RL7,5336
3BY,5337
1B9774,5338
3C9039,17218
4C9042,5346
1B9982,5350
542,5353
1A9805,5352
1A9758,5354
1B9833,5356
1M9596,18828
10B,5357
10B,8960
10B,11591
10B,17977
10B,18711
10B,25003
1A9754,5361
1A9754,5363
4B9025,5362
4B9058,5364
4C0,5370
4C0,13710
5VF,5369
5TA,5372
5TA,26574
1H9621,5373
1B9955,5374
1G9471,5371
1B9857,5375
1A9737,5377
1V9116,7864
1V9116,12439
1B9940,5380
51P,5379
5L5,5384
5L5,5390
4C9082,5383
4B9031,5385
5R3,16567
4B9032,5391
1B9941,5387
1H9667,5388
1H9573,5392
4C9128,5395
4C9322,5394
4C9256,5396
1B9979,5393
4C9242,5397
1H9560,5398
2GL,5399
2GL,8908
L5X,5423
L5X,5426
L5X,17715
L5X,20557
L5X,22734
5BS,5400
5BS,14244
5BS,17764
4C9247,5401
1B9945,5402
1B9945,5424
1B9945,12172
5UU,5403
1H9620,5404
1B9950,5405
4B9041,5406
1B9900,5407
5BX,5408
5BX,26510
1B9799,5409
4C9027,5410
4C9027,5413
1H9600,5412
1CD,5411
4C9053,5414
1B9929,5415
1A9860,5416
1B9788,5417
4C9350,5418
1H9629,5419
520,5420
1H9648,5422
1H9648,18943
1H9658,5427
1H9658,26942
56L,5428
19L,5708
19L,5709
1H9601,5452
1H9601,5737
1Z9383,5453
1Z9383,20758
1Z9383,25582
2TX,5454
1Z9312,5455
1Z9312,9978
1Z9426,5456
1Z9426,5745
1Z9372,5457
1Z9259,5458
3A9205,5459
1Z9406,5460
3A9019,5461
3A9216,5462
3A9216,5739
1H9530,5463
1H9544,5464
1Z9334,5465
1Z9385,5466
2C9212,5467
1Z9370,5468
1Z9014,5469
1Z9159,18223
1Z9352,5471
1Z9321,5472
1B9769,5473
4C9170,5475
4C9175,5478
4C9065,5479
1B9755,5481
1B9755,27900
4C9253,5480
55J,5482
4C9183,5484
1B9976,5485
1F9420,5486
1B9750,5487
4C9204,5490
4C9051,5492
4C9167,5494
1B9789,5496
1A9975,5500
5UC,5501
1Z9278,5503
4C9030,5508
1C9257,5512
1C9257,11639
1C9257,27404
LA9ATC,5511
5RH,5510
4C9233,5509
1Z9377,5513
4C9162,5514
4C9227,5516
1B9280,5518
1B9280,10755
1B9280,16609
1B9280,19372
1B9280,22513
1B9928,5519
1Z9427,5521
4C9064,5524
4C9251,5523
4C9201,5588
4C9245,5522
1B9729,5526
4C9156,5529
4C9107,5530
4C9194,5534
1C9077,5537
1C9077,20999
4C9289,5538
1C9895,5536
4C9203,5539
4C9109,5540
1B9965,5541
4TA,5533
4TA,5672
4TA,5691
4TA,11371
4TA,13080
4TA,13090
4TA,13098
5RS,5542
5RS,5546
5RS,20901
1ZW,5366
1ZW,5525
1ZW,5543
1ZW,8667
1ZW,9453
1ZW,9455
1ZW,9476
1ZW,9481
1ZW,9530
1ZW,9531
YYC,5366
YYC,5525
YYC,5543
YYC,6100
4C9387,5548
4C9387,25350
4C9056,5551
1H9664,5553
1H9484,5560
1H9598,5562
1H9598,5565
1H9598,5567
53M,5569
1H9572,5572
1H9575,5577
1H9575,5580
1H9646,8316
1Z9430,5582
1Z9247,5583
1Z9247,9075
1Z9399,5584
1Z9429,5585
1Z9270,5586
1B9890,5587
5YA,5589
5YA,5676
5YA,5680
5YA,5684
4C9013,5590
56K,5688
56K,5702
56K,11449
56K,14196
56K,16802
56K,20963
56K,21182
56K,21956
56K,22735
56K,24737
56K,25837
56K,26724
56K,28724
4C9120,5592
4C9284,5593
1W9488,5594
555,5596
1MH,5525
1MH,5543
1MH,7131
1MH,7138
1MH,7439
1MH,9455
1MH,9476
1MH,9531
1MH,9542
1MH,9564
1MH,9567
1MH,9606
1MH,9607
1MH,9627
1MH,12598
1MH,12753
1MH,14736
4C9356,5598
4C9356,10702
4C9356,20063
4C9356,28760
4C9363,5597
53G,5599
53G,5612
53G,9690
2FB,5525
2FB,7131
2FB,7138
2FB,7439
2FB,9455
2FB,9468
2FB,9476
2FB,9511
2FB,9531
2FB,9542
2FB,9564
2FB,9567
2FB,9606
2FB,9607
2FB,9627
2FB,9634
2FB,11996
2FB,12598
2FB,12753
2FB,14663
2FB,14664
2FB,14666
2FB,14680
2FB,14681
2FB,14683
2FB,14687
2FB,14689
2FB,14690
2FB,14709
2FB,14711
2FB,14712
2FB,14729
2FB,14730
2FB,14731
2FB,14736
2FB,14753
2FB,14754
2FB,14755
2FB,14767
2FB,14768
2FB,14769
2FB,22757
2FB,22768
1B9656,5601
1H9593,5602
3FB,5525
3FB,7131
3FB,9455
3FB,9476
3FB,9531
3FB,9564
3FB,9627
3FB,11996
4B9065,5604
3FE,5525
3FE,7131
3FE,9455
3FE,9468
3FE,9476
3FE,9499
3FE,9501
3FE,9511
3FE,9514
3FE,9519
3FE,9531
3FE,9537
3FE,9542
3FE,9543
3FE,9564
3FE,9607
3FE,9627
3FE,9629
3FE,9634
3FE,9639
3FE,10226
3FE,11996
3FE,12208
3FE,12222
3FE,12231
3FE,12234
3FE,12235
3FE,12238
3FE,12240
3FE,12242
3FE,14626
3FE,15111
3FM,5474
3FM,5489
3FM,5525
3FM,7137
3FM,7436
3FM,9455
3FM,9466
3FM,9468
3FM,9476
3FM,9510
3FM,9511
3FM,9521
3FM,9531
3FM,9537
3FM,9542
3FM,9546
3FM,9564
3FM,9566
3FM,9567
3FM,9576
3FM,9627
3FM,9629
3FM,9634
3FM,12209
3FM,12222
3FM,12230
3FM,12235
3FM,12237
3FM,12240
3FM,12598
3FM,12629
3FM,12729
3FM,12753
3FM,12774
3FM,12777
3FM,12787
3FM,12788
3FM,12797
3FM,12798
3FM,12805
3FM,12806
3FM,14619
3FM,14626
3FM,14653
3FM,14663
3FM,14680
3FM,14687
3FM,14709
3FM,14729
3FM,14736
3FM,14753
3FM,14767
3FM,21677
3FM,22474
3FM,23630
3FM,23649
3FM,24469
3FM,24475
3FM,26188
3FM,26351
3FM,27329
3FM,27642
3FM,28774
3FM,28775
1H9513,5606
4M3,7131
4M3,9455
4M3,9476
4M3,9606
4M3,9607
4M3,12598
4M3,12753
4M3,14736
4N2,5474
4N2,5489
4N2,5525
4N2,7137
4N2,7436
4N2,9455
4N2,9466
4N2,9476
4N2,9503
4N2,9510
4N2,9521
4N2,9531
4N2,9537
4N2,9542
4N2,9546
4N2,9564
4N2,9566
4N2,9567
4N2,9606
4N2,9607
4N2,9627
4N2,9629
4N2,11984
4N2,12209
4N2,12222
4N2,12230
4N2,12235
4N2,12237
4N2,12937
4N2,21542
4B9024,5614
4N3,7131
4N3,9455
4N3,9476
4N3,9531
4N3,9542
4N3,9564
4N3,9567
4N3,9606
4N3,9607
4N3,9627
4C9045,5616
1B9944,5618
1B9944,17483
4C9319,5620
1B9752,5622
4C9143,5623
1C9725,5624
1C9725,5626
1C9725,5628
1C9725,8981
1C9725,17257
1C9725,17891
1C9725,18499
4C9096,5625
4B9021,5631
4C9123,5627
4C9147,5629
1B9984,5632
4C9329,5636
4C9329,5641
1B9974,5640
1C9237,5646
1C9237,11641
1H9668,5643
1Z9265,5647
1Z9374,5644
5FC,5650
5FC,10407
5FC,17976
5FC,19775
5FC,20651
5FC,25101
5FC,28013
1Z9417,5659
3A9168,5665
1Z9398,5662
1Z9436,5663
4C9287,5658
1B9913,5661
4B9051,5668
L37,5669
L37,5683
L37,5693
L37,23503
4N4,5489
4N4,9455
4N4,9476
4N4,9531
4N4,9542
4N4,9543
4N4,9564
4N4,9567
4N4,9578
4N4,9606
4N4,9607
4N4,9627
4N4,12937
4M4,5474
4M4,5489
4M4,9455
4M4,9476
4M4,9510
4M4,9531
4M4,9537
4M4,9542
4M4,9543
4M4,9564
4M4,9566
4M4,9567
4M4,9578
4M4,9606
4M4,9607
4M4,9627
4M4,12598
4M4,12629
4M4,12729
4M4,12753
4M4,12774
4M4,12777
4M4,14736
544,5685
4C9081,5686
55N,5703
1Z9275,5704
1Z9281,5705
1Z9104,5706
1Z9104,11899
1Z9104,11907
1Z9104,18104
1Z9104,19493
1G9397,5707
1G9391,5747
1Z9274,5710
1Z9274,5712
YST,5713
4C9274,5714
4C9036,5715
AAW,5716
5WR,5717
1Z9450,5720
1Z9448,5721
4C9282,5718
4C9087,5722
4C9076,5728
4C9041,5729
1Z9348,5730
4C9018,5731
4C9276,5732
4C9095,5738
4C9211,5740
4C9384,5743
4C9197,5744
4C9127,5746
4C9386,5748
4C9049,5750
1G9460,5751
1G9460,26534
1M9284,5752
LKK,5791
LL8,5792
LL8,11834
LL8,12374
LL8,20149
L3J,5793
L3J,9064
L3J,22028
LYX,5794
LXE,5795
LXE,5926
LXE,24905
1G9409,5766
JR2,2371
JR2,5771
JR2,9905
JR2,9910
JR2,9913
WAP,5790
LXR,5799
LXR,10735
LXR,16919
LXR,20699
LXR,25010
LA9JXK,5800
LA9JXK,19731
1J9267,5801
1J9267,11915
44L,5802
44L,11473
1J944L,5803
JCB,5804
1J9418,5796
1J9434,5805
LAE,5808
LAE,6295
LAE,7011
LAE,10734
LAE,17317
LAE,17321
LAE,17322
LV7,5809
LJC,10795
LJC,10796
1J9432,5821
1J9354,5822
L5N,5820
LC3,9949
A5T,5812
4C9255,5797
1C9770,5798
55Y,5807
4C9237,5806
49T,5810
49T,19141
49T,20926
49T,23022
49T,23063
4C9070,5813
4C9231,5814
4C9067,5816
4AP,15797
58M,5819
1T9473,5823
5RR,5825
1K9347,5826
JW6,5830
JW6,5857
JW6,6042
JW6,6062
JW6,8478
JW6,8486
JW6,8492
JW6,13327
JW6,13343
JW6,13361
JW6,13382
JW6,13383
1RZ,5832
1K9277,5833
1K9240,5834
4C9193,5836
1K9291,5838
4C9014,5840
1J9378,5841
1J9357,5842
1L9199,5843
1L9199,5845
1L9199,5847
1L9199,17750
1K9341,5844
1K9317,5846
4C9179,5848
1L9245,5850
1L9245,16418
1D9616,8645
1L9524,5852
5WL,5855
1L9455,5858
1L9455,5860
JA7,6008
JA7,6014
JA7,13337
JA7,13347
JA7,13349
JA7,13396
JA7,13402
JA7,13405
JA7,22935
JA7,22936
JA7,22937
YT9007,5875
YT9007,12440
YT9007,22490
YT9007,27970
1K5,5876
1B9804,5877
1K9281,5878
1J9404,5879
1J9297,5880
1J9297,18940
1J9374,5881
1J9411,5896
1J9386,5895
1G9012,5894
1J9210,5893
1J9210,11918
1J9210,16452
1J9210,18746
1J9087,5892
3J9049,5891
JNM,5889
1J9416,5888
1J9328,5886
1J9407,5882
5DY,5885
5DY,9042
5DY,9296
5DY,18110
VME,5884
53B,5883
53B,5890
53B,15790
53B,20087
53B,21100
45J,20541
5F0,5897
5F0,15976
5F0,16024
5F0,17714
1G9239,5898
MD9101,5899
1K9279,5900
1K9339,5903
1K9289,5905
4DK,5907
LUV,5906
1J9425,5908
1K9313,5910
1G9190,5911
1K9276,5912
1K9307,5913
4ZH,5914
1G9418,5917
1L9517,5918
4DY,5922
4DY,16307
1J9358,5923
1L9419,5924
5VS,5925
1K9284,5928
1L9433,5929
LF3,8829
LF3,9379
LF3,17952
1G9398,5931
5VR,5933
RL8,5936
1G9475,5938
586,5939
1A9771,5948
1L9468,5949
1J9377,5980
1J9350,5981
3J9059,5982
1J9380,5983
1J9390,5984
1J9397,5985
1J9428,5987
1J9428,26070
1J9361,5989
1J9391,5990
1J9391,27622
1J9402,5991
1A9768,5950
1J9326,5968
1J9326,9098
1J9371,5967
1J9332,5966
1J9408,5964
1J9400,5963
1J9376,5962
1J9339,5961
1J9401,5959
1J9319,5958
1J9351,5957
1J9398,5955
4Z3,5956
4Z3,6011
4Z3,6038
4Z3,6044
4Z3,10628
4Z3,12883
4Z3,24084
4Z3,24085
1L9458,5965
5YB,5969
52H,5970
1AF,5971
1AF,5973
1AF,5996
1AF,6001
1AF,6011
1AF,6038
1AF,6044
5SX,5972
5SX,5995
5SX,6000
5SX,6002
5SX,6011
5SX,6038
5SX,6044
1L9426,5974
X8J,5978
X8J,9053
X8J,23408
X8J,23411
RFB,5976
RFB,10117
RFB,10676
RFB,18100
RFB,20579
RFB,22499
RFB,22502
RFB,27653
RFB,28835
1L9413,5979
1A9749,6006
4EZ,6009
4EZ,14144
4EZ,19743
4EZ,22539
4EZ,24978
4EZ,26015
4EZ,27380
4EZ,28558
1L9421,6015
1L9421,10400
LC0,6018
LC0,10001
LC0,20511
LC0,21680
LC0,23459
LC0,26037
1L9482,6017
1L9473,6019
1L9428,6020
6MM,6022
6MM,6061
6MM,6203
6MM,8429
6MM,8475
6MM,8480
6MM,13330
6MM,16670
6MM,23592
1L9496,6021
LA9CJC,6024
1J9325,6028
1J9325,6036
1K9304,6026
1N9310,6025
1L9453,6027
L0H,6030
L0H,11483
1C9951,6032
1C9951,15943
1L9401,6033
1C9158,6034
4C9303,6037
4RY,6039
1L9444,6040
1L9444,9189
1L9488,6041
1L9486,6045
1L9487,6046
2SS,6047
2SS,9752
2SS,13229
5Z7,6048
1L9376,6049
1L9438,6050
JW7,6051
JW7,6066
WD6,6068
WD6,10028
WD7,10028
1D9514,6075
587,6076
X8H,6085
1K9288,6086
1K9327,6087
1K9246,6089
1K9246,6093
1K9246,6094
1L9521,6077
1K9323,6078
5Z8,22820
1K9263,6081
1L9041,6083
1L9041,12256
1L9041,13094
1L9041,16918
1L9041,23923
1L9041,25106
1L9041,28586
3K9003,6084
3K9003,19936
1AB,6079
1AB,6095
1AB,6097
1AB,6098
1AB,11658
2L9139,6082
1L9312,6088
1L9312,9274
1L9394,6090
1L9518,6091
1L9437,6092
1L9437,6123
1L9437,17671
5XJ,6096
1L9513,6099
1ST,6101
1ST,6102
1ST,6103
1ST,6104
1ST,11658
1ST,11685
1ST,19739
1ST,22534
1ST,26379
1SC,6105
1SC,6106
1SC,6107
1SC,6108
1SC,11658
1SC,11685
1SC,22535
1SC,26380
45Z,6109
45Z,6110
45Z,6112
45Z,6113
4UJ,6114
4UJ,6115
4UJ,6116
4UJ,6118
1FL,6111
1L9371,9273
1SM,6119
1SM,6120
1SM,6121
1SM,6122
1SM,22536
1SM,26378
4C9073,6126
4C9073,6127
1L9388,6124
1L9408,6140
1L9408,6143
4C9023,6129
1C9792,6130
1C9792,17974
1C9792,18516
1C9792,22480
1L9479,6134
5YE,6133
4C9086,6135
4C9086,6136
1K9312,6167
1K9338,6165
1K9243,6174
1K9299,6163
1K9292,6161
1K9303,6160
1KK,6159
4G4,6155
1K9260,6154
1K9260,21961
1K9260,22860
1L9379,6138
1L9375,6146
56D,6148
56D,14141
1L9511,6149
4C9317,6150
4C9317,6152
57C,6153
4C9054,6157
1C9680,6162
14D,6166
14D,6170
1L9381,6172
4C9339,6177
4C9339,10384
4C9338,6179
4C9338,10383
4C9340,6175
4C9340,10382
1L9094,6176
1L9407,6178
1L9441,6180
1L9441,21606
1L9476,6181
1L9282,6183
1L9282,9237
1L9282,22794
1L9282,24367
1L9387,6185
1L9387,6188
LHJ,6187
LHJ,8785
LHJ,14747
LHJ,26397
6J4,6195
1K9269,6193
1K9310,6191
1K9286,6190
JL7,6071
1L9494,6200
LBX,6211
LBX,6212
1K9283,6213
5YW,6214
1L9447,6215
1L9336,6216
1K9268,6233
4XB,6235
4XB,15652
517,6234
1K9308,6237
1K9266,6238
1K9331,6239
1K9278,6231
1K9336,6230
1K9271,6228
1K9293,6227
1K9309,6226
1K9330,6221
1K9345,6223
1L9432,6218
56Y,6219
56Y,18621
1K9342,6225
52J,6229
1L9448,6232
1L9410,6246
4ZE,6247
4ZE,17812
1L9483,6254
1L9510,6249
1L9472,6252
1L9489,6261
1L9449,6256
1L9493,6259
1H9628,6264
1L9345,6265
1L9509,6266
1L9509,9990
1L9509,23252
5VY,6267
5VY,9265
1L9497,6268
1L9440,6272
1LH,6274
1LH,12264
1LH,12345
1LH,15737
1LH,15738
1LH,16614
1LH,19975
1LH,19976
1LH,19977
1LH,19978
1LH,20033
1LH,21161
1LH,22951
1LH,24797
1LH,26443
1LH,28340
1M9753,6275
1M9753,6276
1M9768,6277
1M9735,6278
1M9991,6279
JAA,6321
JAA,6326
JAA,6338
JAA,6533
JAA,13561
JAA,13921
JAA,13935
JAA,13946
JAA,13950
JAA,13999
JAA,14031
JAA,14040
JAA,14058
JAB,13222
JAB,13223
JAB,13421
JAB,13457
JAB,13458
JAB,13460
JAB,13461
JAB,13631
JAB,13632
JAB,13633
JAC,6321
JAC,6326
JAC,6338
JAC,6395
JAC,6401
JAC,6406
JAC,6408
JAC,6410
JAC,6416
JAC,6421
JAC,6425
JAC,6426
JAC,6533
JAC,9895
JAC,9906
JAC,9916
JAC,13561
JAC,13921
JAC,13935
JAC,13946
JAC,13950
JAC,13999
JAC,14031
JAM,6533
JAM,14008
JAM,14036
JAM,14053
J81,6321
J81,6533
J81,9335
J81,9347
J81,9390
J81,9396
J81,9717
J81,9719
J81,12832
J81,12841
J81,12868
J81,12999
J81,13249
J81,13360
J81,13437
J81,13441
J81,13449
J81,13525
J81,13635
J81,18256
J81,18264
J81,18266
J81,18274
J81,18323
J81,18330
J81,18350
J81,18388
J81,24023
J81,24024
J81,24025
J81,24027
J87,6321
J87,6533
J87,12832
J87,12867
J87,12868
J87,12999
J87,13249
J87,13360
J87,13437
J87,13458
J87,13466
J87,13535
J87,13640
J87,18266
J87,18293
J87,18296
J87,18299
J87,18320
J87,18321
J87,18323
J87,18483
4S1,6321
4S1,6326
4S1,6338
4S1,13561
4S1,13921
4S1,13935
4S1,13946
4S1,13950
4S1,13999
4S2,6321
4S2,6326
4S2,6338
4S2,6395
4S2,6401
4S2,6406
4S2,6408
4S2,6410
4S2,6416
4S2,6421
4S2,6425
4S2,6426
4S2,6533
4S2,9895
4S2,9906
4S2,9916
4S2,13561
4S2,13921
4S2,13935
4S2,13946
4S2,13950
4S2,13999
MCU,6281
MCV,6283
5VA,6309
1M9906,6308
1M9805,6306
1M9842,6305
1M9750,6304
1M9748,6303
3A1,6301
1M9822,6300
1M9896,6298
1M9831,6360
1C9878,6294
1M9861,6293
1M9830,6292
1M9782,6290
1M9912,6284
1M9887,6289
1M9867,6288
1M9867,6366
1M9687,6287
1M9874,6285
LZP,6286
LZP,18446
5XK,6291
1L9399,6299
1M9907,6302
1M9907,28304
1C9883,6310
1C9883,6312
1C9883,6313
1C9883,11674
1C9883,17442
1C9883,18654
1C9883,27892
1L9416,6311
52K,6315
1H9627,6316
4S5,6321
4S5,6533
4S6,6321
4S6,6326
4S6,6346
4S6,6395
4S6,6402
4S6,6406
4S6,6408
4S6,6412
4S6,6425
4S6,6533
4S6,9899
4S6,9907
4S6,9917
533,6317
1H9558,6319
1H9524,6320
1H9666,6324
1L9383,6325
1L9389,6327
LCA,6328
LCA,6332
LCA,6334
LCA,11689
LCA,13359
1H9543,6329
1H9602,6331
1H9512,7294
1H9582,6337
1H9542,6339
1H9550,6341
1H9490,6342
1H9503,6344
1L9418,6345
1H9655,6347
1H9637,6348
1H9507,6349
1N9334,6967
1H9139,6352
1H9525,6354
1H9591,6356
1N9240,6357
1L9463,6361
1N9253,6362
1N9253,26420
1H9508,6364
1L9515,6365
1H9495,6368
1H9614,6369
1L9492,6371
1N9305,6370
1L9372,6373
1H9020,6374
1L9485,6375
1H9496,6377
1L9393,6378
1P9452,6376
1P9452,18444
1H9626,6380
1H9626,27773
1L9423,6381
1H9570,6382
57T,6384
1H9619,6385
1H9645,6388
1L9501,6389
5RT,6390
5RT,20906
1H9355,6392
1E9353,6394
1L9256,6396
1L9256,17220
1H9545,6397
1N9344,6386
1L9464,6398
5UP,6400
JAE,6395
JAE,6403
JAE,6533
JAE,9900
JAE,9908
JAE,9918
1G9453,6405
4S9059,6409
1N9209,6411
1N9209,11943
1N9271,6417
1N9250,6422
1N9NRH,6429
1H9494,6436
1H9494,17302
1M9680,6451
1M9736,6450
3M9054,6449
3M9054,22878
3M9054,24282
3M9054,26536
1M9982,6448
1M9921,6447
1M9349,6445
1M9349,15759
1M9926,6444
59G,6443
1M9770,6442
55D,6441
1M9104,19749
1M9104,19750
1M9878,6438
1M9860,6437
1L9380,6439
1L9398,6446
1L9422,6452
LAT,9263
LAT,13103
1L9498,6454
1L9439,6455
1L9507,6456
1L9397,6458
1H9521,6460
1L9391,6459
1H9635,6461
5XR,6462
5XR,6463
1L9519,6464
1M9733,6465
1M9870,6466
1M9965,6470
1N9268,6468
1H9510,6469
1H9441,6471
1M9846,6472
1N9298,6473
1H9472,6474
1L9356,6475
1H9492,6476
1J9409,6478
1H9622,6480
1H9568,6482
1N9339,6481
1N9339,11490
1L9465,6485
1L9465,21566
5SF,6484
5SF,6489
5SF,6491
5SF,6495
5SF,10699
5SF,12233
5SF,16432
5SF,19746
5SF,22586
5SF,23967
5WU,6488
5WU,26374
1L9445,6490
1L9999,6492
SBM,6506
SBM,21328
SBM,23841
SBM,25562
SBM,26482
SBM,27125
SBM,27910
1L9414,6497
1L9414,6501
1M9806,6504
1M9984,6503
1M9843,6499
1N9326,6498
1H9536,6502
1H9608,6508
SLN,6507
1N9318,6509
1D9151,6512
1L9459,6514
2L9069,6515
1L9484,6516
1H9539,6517
1H9486,6518
1N9314,6519
1H9502,6520
KLA,10682
KLA,14276
KLA,19766
KLA,19768
KL5,6521
KL5,26651
1N9323,6522
1N9323,19911
1N9329,6523
1J9343,6529
1J9330,6530
LXD,6537
LXD,10454
LXD,10743
LXD,16127
LXD,24809
LXD,26538
SAY,6538
1M9838,6539
1M9791,6540
1M9568,6541
1M9931,6559
1M9764,6558
1M9718,6557
1M9974,6555
1M9880,6556
1M9747,6554
1M9913,6553
58L,6552
58L,20241
1M9211,6551
1M9211,6570
1M9211,18436
1M9211,18461
1MT,6550
525,6549
1M9762,6548
1M9613,6564
1M9613,18903
1M9815,6546
1M9022,6545
LA9HBC,6543
1M9839,6544
1H9483,6560
1H9483,6561
8C9287,6562
1N9317,6563
5HT,6565
5HT,12236
5HT,16390
5HT,20056
1M9872,6566
L5M,6567
4S9136,6568
1M9829,6569
1M9739,6571
1M9886,6572
1H9561,6574
ZAC,2466
ZAC,10610
ZAC,10950
ZAC,16622
ZAC,20381
ZAC,20954
ZAC,22064
ZAC,23552
ZAC,24573
ZAC,24920
ZAC,25173
ZAC,27098
1L9434,6577
1Z9305,6576
1Z9305,15570
1Z9305,26162
580,6579
XZ1,6580
1Z9332,6581
1H9576,6582
1L9469,6583
1H9654,6584
1L9400,6587
LVN,6586
1D9749,6585
2NV,6592
2NV,10190
2NV,22871
2NV,23580
1R0,6588
1R0,16859
4S9034,6589
1L9406,6590
1L9395,6591
1L9451,6593
1H9399,6595
1L9477,6596
1H9657,6599
1H9517,6600
1L9478,6601
1L9528,6603
3A9116,6604
1L9369,6605
1Z9466,6606
1N9306,6597
5JW,6607
5JW,6610
5JW,15769
5JW,19967
5JW,21068
5JW,23873
5JW,25084
5JW,26662
5JW,28404
4B3,6613
4B3,6655
4B3,6930
4B3,6931
4B3,7197
4B3,7283
4B3,7286
4B3,7555
4B3,7558
4B3,10804
4B3,13226
4B3,13253
4B3,13260
4B3,13266
4B3,13280
4B3,13291
4B3,13294
4B3,13298
4B3,13305
4B3,13315
4B3,13326
4B3,13332
4B3,13348
4B3,13387
4B3,13400
4B3,14027
4B3,14060
4B3,14063
4B3,14066
4B3,14073
4B3,14074
4B3,14075
4B3,14373
4B3,26481
JB3,6613
JB3,6655
JB3,6930
JB3,6931
JB3,13226
JB3,13248
JB3,13253
JB3,13260
JB3,13266
JB3,13280
JB3,13291
JB3,13294
JB3,13298
JB3,13305
JB3,13315
JB3,13326
JB3,13332
JB3,13348
JB3,13376
JB3,13387
JB3,13400
JB3,13410
JB3,13423
JB3,14027
JB3,14060
JB3,14063
JB3,14066
JB3,14073
JB3,14074
JB3,14075
JB3,14373
JB3,14404
JB3,26481
4C3,6613
4C3,6856
4C3,6930
4C3,7283
4C3,7285
4C3,7556
4C3,7558
4C3,8137
4C3,13209
1Z9485,6608
4E3,6613
4E3,6667
4E3,6930
4E3,6935
4E3,13226
4E3,13242
4E3,13247
4E3,13253
4E3,13260
4E3,13264
4E3,13266
4E3,13283
4E3,13290
4E3,13294
4E3,13308
4E3,21532
1H9552,6609
JE3,6613
JE3,6667
JE3,6930
JE3,13226
JE3,13242
JE3,13253
JE3,13264
JE3,13266
JE3,13283
JE3,13290
JE3,13294
JE3,13308
JE3,13426
JE3,15586
JE3,21532
JE3,21539
ME3,7903
ME3,22637
ME3,22638
ME3,22639
ME3,22640
ME3,28466
MN3,13226
MN3,13242
MN3,13253
MN3,13264
MN3,13266
MN3,13283
MN3,13290
MN3,13294
MN3,13308
MN3,13426
MN3,21532
MN3,21539
LUA,6611
LUA,6612
MP3,13251
MP3,13253
MP3,13266
MP3,13270
MP3,13292
MP3,13294
MP3,13315
MP3,13318
MP3,13332
MP3,13340
MP3,13387
MP3,13393
MP3,13411
MP3,14027
MP3,14028
MP3,14060
MP3,14062
MP3,14063
MP3,14064
MP3,14065
MP3,14066
MP3,19545
MP3,21535
MP3,21540
1Z9378,6602
51W,6615
51W,17068
51W,20621
1N9311,6614
1Z9359,6616
1Z9359,6664
1N9322,6617
1N9269,6620
5V0,6621
5V0,6622
59H,6623
1NW,6624
1NW,9351
1NW,11602
1NW,16654
1NW,19153
1Z9469,6625
1Z9469,23714
1Z9469,25493
1N9244,6627
5WV,6626
1Z9331,6628
1Z9342,6630
1N9285,6629
1Z9432,6631
5SM,6632
1N9251,6633
1M9818,6646
1M9818,26808
4PG,6645
4PG,17080
4PG,19675
1M9835,6644
1M9641,6643
1M9987,6642
1M9866,6641
1M9763,6640
1M9746,6639
1M9821,6638
109135,6637
109135,19114
1M9684,6636
1M9756,6635
1M9888,6634
1Z9379,6649
1Z9280,6650
1Z9243,6651
1Z9412,6652
1Z9230,6653
1K9248,5902
3N9005,6656
1Z9232,6657
1Z9232,18658
1Z9232,18702
RFL,6658
RFL,6661
RFL,12575
RFL,16753
RFL,18265
1Z9250,6659
1Z9369,6660
1A9960,6662
1A9960,6663
1Z9341,6665
1KB,6666
1KB,16337
1KB,16804
1KB,16805
5XM,6669
5XM,6671
1Z9389,6670
1Z9257,6674
1N9273,6673
3P9000,6676
55C,6678
55C,16641
1N9279,6677
57N,6680
1B4,6695
1B4,6941
1B4,6970
1B4,6979
1B4,7231
1B4,7244
1B4,7326
1B4,7399
1B4,7524
1B4,7694
1B4,8123
1B4,8129
1B4,8225
1B4,8242
1B4,8244
1B4,10872
1B4,10913
1B4,10938
1B4,10959
1B4,11005
1B4,11007
1B4,12955
1B4,14215
1B4,14230
1B4,14241
1B4,14253
1B4,14263
1B4,14282
1B4,14291
1B4,14316
1B4,14325
1B4,14327
1B4,14340
1B4,14343
1B4,14349
1B4,14353
1B4,14367
1B4,14376
1B4,14377
1B4,14385
1B4,14387
1B4,14389
1B4,14418
1B4,14447
1B4,14452
1B4,14454
1B4,14479
1B4,14509
1B4,14510
1B4,14511
1B4,14514
1B4,14533
1B4,14536
1B4,14537
1B4,14538
1B4,14540
1B4,14541
1B4,14557
1B4,14559
1B4,14560
1B4,14562
1B4,14563
1B4,14580
1B4,14584
1B4,14585
1B4,14587
1B4,14597
1B4,14601
1B4,14602
1B4,14603
4S9309,6681
1B5,6695
1B5,6941
1B5,6970
1B5,6979
1B5,7231
1B5,7244
1B5,7326
1B5,7399
1B5,8123
1B5,8129
1B5,8225
1B5,8242
1B5,8244
1B5,10913
1B5,10938
1B5,12955
1B5,14241
1B5,14263
1B5,14291
1B5,14325
1B5,14349
1B5,14385
1B5,14452
1B5,14479
1B5,14509
1B5,14536
1B5,14537
1B5,14557
1B5,14559
1B5,14580
1B5,14584
1B5,14587
1B5,14597
1B5,14601
1B5,14603
4K0,6682
4K0,11603
4K0,16339
1B6,6695
1B6,6941
1B6,6970
1B6,7231
1B6,7326
1B6,8123
1B6,8225
1B6,8242
1B6,10887
1B6,10893
1B6,10898
1B6,10914
1B6,10917
1B6,10921
1B6,10939
1B6,10941
1B6,12955
1B6,14216
1B6,14217
1B6,14219
1B6,14231
1B6,14232
1B6,14241
1B6,14246
1B6,14248
1B6,14253
1B6,14254
1B6,14255
1B6,14263
1B6,14266
1B6,14268
1B6,14283
1B6,14291
1B6,14294
1B6,14296
1B6,14313
1B6,14317
1B6,14325
1B6,14328
1B6,14330
1B6,14333
1B6,14341
1B6,14349
1B6,14352
1B6,14354
1B6,14357
1B6,14367
1B6,14385
1B6,14388
1B6,14393
1B6,14411
1B6,14416
1B6,14418
1B6,14452
1B6,14455
1B6,14458
1B6,14461
1B6,14462
1B6,14479
1B6,14482
1B6,14488
1B6,14509
1B6,14510
1B6,14512
1B6,14517
1B6,14536
1B6,14537
1B6,14539
1B6,14541
1B6,14544
1B6,14545
1B6,14557
1B6,14559
1B6,14561
1B6,14563
1B6,14565
1B6,14580
1B6,14582
1B6,14584
1B6,14585
1B6,14588
1B6,14597
1B6,14599
1B6,14601
1B6,14602
1B6,14604
1B7,6695
1B7,6941
1B7,6970
1B7,6979
1B7,7231
1B7,7244
1B7,7326
1B7,7399
1B7,8123
1B7,8129
1B7,8225
1B7,8242
1B7,8244
1B7,10913
1B7,10938
1B7,12955
1B7,14217
1B7,14218
1B7,14220
1B7,14232
1B7,14235
1B7,14241
1B7,14243
1B7,14247
1B7,14255
1B7,14257
1B7,14263
1B7,14265
1B7,14267
1B7,14283
1B7,14285
1B7,14291
1B7,14293
1B7,14295
1B7,14317
1B7,14319
1B7,14325
1B7,14327
1B7,14329
1B7,14341
1B7,14343
1B7,14349
1B7,14351
1B7,14353
1B7,14367
1B7,14376
1B7,14379
1B7,14385
1B7,14387
1B7,14389
1B7,14410
1B7,14418
1B7,14448
1B7,14452
1B7,14454
1B7,14456
1B7,14462
1B7,14479
1B7,14481
1B7,14483
1B7,14503
1B7,14509
1B7,14510
1B7,14511
1B7,14513
1B7,14518
1B7,14536
1B7,14537
1B7,14538
1B7,14540
1B7,14545
1B7,14550
1B7,14554
1B7,14557
1B7,14559
1B7,14560
1B7,14562
1B7,14564
1B7,14568
1B7,14580
1B7,14581
1B7,14583
1B7,14584
1B7,14586
1B7,14587
1B7,14597
1B7,14598
1B7,14600
1B7,14601
1B7,14603
1B7,14613
1C5,6695
1C5,6941
1C5,6970
1C5,6978
1C5,7231
1C5,7326
1C5,8123
1C5,8225
1C5,8242
1H9566,6683
1Z9368,6684
1J5,6695
1J5,6941
1J5,6957
1J5,6970
1J5,6977
1J5,7231
1J5,7326
1J5,8123
1J5,8131
1J5,8225
1J5,8239
1J5,8242
1J5,8247
1P4,6695
1P4,6777
1P4,6941
1P4,6948
1P4,6970
1P4,6975
1P4,8123
1P4,8130
1P4,8225
1P4,8237
1P4,8242
1P4,8245
1P4,12955
1P4,14227
1P4,14239
1P4,14240
1P4,14241
1P4,14261
1P4,14262
1P4,14263
1P4,14289
1P4,14290
1P4,14291
1P4,14323
1P4,14324
1P4,14325
1P4,14347
1P4,14348
1P4,14349
1P4,14383
1P4,14384
1P4,14385
1P4,14450
1P4,14452
1P4,14479
1P4,14509
1P4,14536
1P4,14557
1P4,14580
1P4,14597
1P4,14607
1P5,6695
1P5,6941
1P5,6948
1P5,6970
1P5,6975
1P5,8123
1P5,8225
1P5,8242
1P5,8245
1P5,14580
1P5,14590
1P5,14597
1P6,6695
1P6,6941
1P6,6948
1P6,6970
1P6,6975
1P6,8123
1P6,8130
1P6,8225
1P6,8237
1P6,8242
1P6,8245
1P7,6695
1P7,6941
1P7,6948
1P7,6970
1P7,6975
1P7,8123
1P7,8130
1P7,8225
1P7,8237
1P7,8242
1P7,8245
1P7,14262
1P7,14263
1P7,14291
1P7,14325
1P7,14349
1P7,14385
1P7,14452
1P7,14479
1P7,14509
1P7,14536
1P7,14557
1P7,14578
1P7,14580
1P7,14597
2C5,6695
2C5,6941
2C5,6970
2C5,6978
2C5,7231
2C5,7326
2C5,8123
2C5,8225
2C5,8242
2J5,6695
2J5,6941
2J5,6957
2J5,6970
2J5,6977
2J5,7231
2J5,7326
2J5,8123
2J5,8131
2J5,8225
2J5,8239
2J5,8242
2J5,8247
2P4,6695
2P4,6941
2P4,6948
2P4,6970
2P4,6975
2P4,8123
2P4,8130
2P4,8225
2P4,8237
2P4,8242
2P4,8245
2P4,12955
2P4,14225
2P4,14226
2P4,14239
2P4,14241
2P4,14261
2P4,14263
2P4,14289
2P4,14291
2P4,14323
2P4,14325
2P4,14347
2P4,14349
2P4,14383
2P4,14385
2P4,14450
2P4,14452
2P4,14478
2P4,14479
2P4,14508
2P4,14509
2P4,14535
2P4,14536
2P4,14556
2P4,14557
2P4,14580
2P4,14590
2P4,14597
2P4,14606
LBB,6685
LBB,10643
LBB,10655
LBB,15835
LBB,22452
LBB,23987
LBB,24858
LBB,24992
LBB,26437
LBB,27841
LBB,28206
2P5,6695
2P5,6941
2P5,6948
2P5,6970
2P5,6975
2P5,8123
2P5,8225
2P5,8242
2P5,8245
2P5,14556
2P5,14557
2P5,14580
2P5,14590
2P5,14597
2P5,14606
2P6,6695
2P6,6941
2P6,6948
2P6,6970
2P6,6975
2P6,8123
2P6,8130
2P6,8225
2P6,8237
2P6,8242
2P6,8245
1Z9168,6687
2P7,6695
2P7,6941
2P7,6948
2P7,6970
2P7,6975
2P7,8123
2P7,8130
2P7,8225
2P7,8237
2P7,8242
2P7,8245
2P7,14383
2P7,14385
2P7,14450
2P7,14452
2P7,14479
2P7,14509
2P7,14535
2P7,14536
2P7,14556
2P7,14557
2P7,14580
2P7,14597
2P7,14606
1RF,6688
1RF,12385
1RF,15437
1RF,18836
1RF,22410
1RF,22411
3B4,6695
3B4,6941
3B4,6970
3B4,6979
3B4,7231
3B4,7244
3B4,7326
3B4,7399
3B4,7524
3B4,7694
3B4,8123
3B4,8129
3B4,8225
3B4,8242
3B4,8244
3B4,10872
3B4,10913
3B4,10938
3B4,10959
3B4,11005
3B4,11007
3B4,12952
3B4,12955
3B4,14221
3B4,14241
3B4,14242
3B4,14263
3B4,14264
3B4,14280
3B4,14291
3B4,14292
3B4,14298
3B4,14325
3B4,14326
3B4,14332
3B4,14349
3B4,14350
3B4,14356
3B4,14370
3B4,14385
3B4,14392
3B4,14447
3B4,14452
3B4,14457
3B4,14475
3B4,14479
3B4,14484
3B4,14506
3B4,14509
3B4,14514
3B4,14536
3B4,23156
3B5,6695
3B5,6941
3B5,6970
3B5,6979
3B5,7231
3B5,7244
3B5,7326
3B5,7399
3B5,8123
3B5,8129
3B5,8225
3B5,8242
3B5,8244
3B5,10913
3B5,10938
3B5,12955
3B5,14241
3B5,14263
3B5,14291
3B5,14317
3B5,14325
3B5,14349
3B5,14385
3B5,14452
3B5,14479
3B5,14509
3B5,14536
3B6,6695
3B6,6941
3B6,6970
3B6,7231
3B6,7326
3B6,8123
3B6,8225
3B6,8242
3B6,10887
3B6,10893
3B6,10898
3B6,10914
3B6,10917
3B6,10921
3B6,10939
3B6,10941
3B6,12955
3B6,14241
3B6,14263
3B6,14291
3B6,14325
3B6,14349
3B6,14385
3B6,14452
3B6,14479
3B6,14509
3B6,14536
3B7,6695
3B7,6941
3B7,6970
3B7,6979
3B7,7231
3B7,7244
3B7,7326
3B7,7399
3B7,8123
3B7,8129
3B7,8225
3B7,8242
3B7,8244
3B7,10913
3B7,10938
3B7,12955
3B7,14217
3B7,14218
3B7,14220
3B7,14235
3B7,14241
3B7,14243
3B7,14247
3B7,14257
3B7,14263
3B7,14265
3B7,14267
3B7,14285
3B7,14291
3B7,14293
3B7,14295
3B7,14317
3B7,14319
3B7,14325
3B7,14327
3B7,14329
3B7,14343
3B7,14349
3B7,14351
3B7,14353
3B7,14367
3B7,14385
3B7,14387
3B7,14389
3B7,14410
3B7,14452
3B7,14454
3B7,14456
3B7,14479
3B7,14481
3B7,14483
3B7,14503
3B7,14509
3B7,14511
3B7,14513
3B7,14536
3B7,14538
3B7,14540
3C5,6695
3C5,6941
3C5,6970
3C5,6978
3C5,7231
3C5,8123
3C5,8225
3C5,8242
1H9597,6689
3J5,6695
3J5,6941
3J5,6957
3J5,6970
3J5,6977
3J5,7231
3J5,8123
3J5,8131
3J5,8225
3J5,8239
3J5,8242
3J5,8247
3P4,6695
3P4,6941
3P4,6948
3P4,6970
3P4,6975
3P4,8123
3P4,8130
3P4,8225
3P4,8237
3P4,8242
3P4,8245
3P4,12955
3P4,14241
3P4,14263
3P4,14291
3P4,14325
3P4,14349
3P4,14385
3P4,14452
3P4,14479
3P4,14509
3P4,14536
3P5,6695
3P5,6941
3P5,6948
3P5,6970
3P5,6975
3P5,8123
3P5,8225
3P5,8242
3P5,8245
3P6,6695
3P6,6941
3P6,6948
3P6,6970
3P6,6975
3P6,8123
3P6,8130
3P6,8225
3P6,8237
3P6,8242
3P6,8245
3P7,6695
3P7,6941
3P7,6948
3P7,6970
3P7,6975
3P7,8123
3P7,8130
3P7,8225
3P7,8237
3P7,8242
3P7,8245
1M9900,6694
1M9954,6696
5BB,6698
5BB,10797
5BB,11938
5BB,11939
5BB,17698
5BB,17975
1H9519,6693
1M9795,6699
1M9715,6701
1M9715,21484
1M9715,21485
1M9715,21486
1M9715,21487
1M9715,21488
1M9715,21489
1H9592,6697
1Z9170,6700
1Z9170,6706
1Z9170,6707
1Z9170,17653
1N9266,6703
1H9515,6704
1N9243,6708
1Z9353,6709
2B4,6695
2B4,6941
2B4,6970
2B4,6979
2B4,7231
2B4,7244
2B4,7326
2B4,7399
2B4,7524
2B4,7694
2B4,8123
2B4,8129
2B4,8225
2B4,8242
2B4,8244
2B4,10872
2B4,10913
2B4,10938
2B4,10959
2B4,11005
2B4,11007
2B4,12952
2B4,12955
2B4,14221
2B4,14241
2B4,14242
2B4,14263
2B4,14264
2B4,14280
2B4,14291
2B4,14292
2B4,14298
2B4,14317
2B4,14325
2B4,14326
2B4,14332
2B4,14341
2B4,14349
2B4,14350
2B4,14356
2B4,14367
2B4,14370
2B4,14377
2B4,14385
2B4,14386
2B4,14418
2B4,14447
2B4,14452
2B4,14453
2B4,14475
2B4,14479
2B4,14480
2B4,14489
2B4,14506
2B4,14509
2B4,14510
2B4,14533
2B4,14536
2B4,14537
2B4,14545
2B4,14557
2B4,14559
2B4,14580
2B4,14584
2B4,14597
2B4,14601
2B4,23151
2B4,23155
2B4,23156
2B4,23157
2B5,6695
2B5,6941
2B5,6970
2B5,6979
2B5,7231
2B5,7244
2B5,7326
2B5,7399
2B5,8123
2B5,8129
2B5,8225
2B5,8242
2B5,8244
2B5,10913
2B5,10938
2B5,12952
2B5,12955
2B5,14241
2B5,14242
2B5,14263
2B5,14264
2B5,14291
2B5,14292
2B5,14325
2B5,14326
2B5,14341
2B5,14349
2B5,14350
2B5,14370
2B5,14385
2B5,14386
2B5,14452
2B5,14453
2B5,14479
2B5,14480
2B5,14509
2B5,14510
2B5,14533
2B5,14536
2B5,14537
2B5,14557
2B5,14559
2B5,14580
2B5,14584
2B5,14597
2B5,14601
2B6,6695
2B6,6941
2B6,6970
2B6,7231
2B6,7326
2B6,8123
2B6,8225
2B6,8242
2B6,10887
2B6,10893
2B6,10898
2B6,10914
2B6,10917
2B6,10921
2B6,10939
2B6,10941
2B6,12952
2B6,12955
2B6,14217
2B6,14232
2B6,14241
2B6,14242
2B6,14255
2B6,14263
2B6,14264
2B6,14283
2B6,14291
2B6,14292
2B6,14317
2B6,14325
2B6,14326
2B6,14341
2B6,14349
2B6,14350
2B6,14367
2B6,14370
2B6,14385
2B6,14418
2B6,14452
2B6,14453
2B6,14462
2B6,14472
2B6,14479
2B6,14480
2B6,14489
2B6,14496
2B6,14506
2B6,14509
2B6,14510
2B6,14518
2B6,14524
2B6,14536
2B6,14537
2B6,14545
2B6,14550
2B6,14557
2B6,14559
2B6,14580
2B6,14581
2B6,14584
2B6,14597
2B6,14598
2B6,14601
2B6,23565
2B7,6695
2B7,6941
2B7,6970
2B7,6979
2B7,7231
2B7,7244
2B7,7326
2B7,7399
2B7,8123
2B7,8129
2B7,8225
2B7,8242
2B7,8244
2B7,10913
2B7,10938
2B7,12952
2B7,12955
2B7,14217
2B7,14218
2B7,14220
2B7,14232
2B7,14235
2B7,14241
2B7,14242
2B7,14255
2B7,14257
2B7,14263
2B7,14264
2B7,14283
2B7,14285
2B7,14291
2B7,14292
2B7,14317
2B7,14319
2B7,14325
2B7,14326
2B7,14341
2B7,14343
2B7,14349
2B7,14350
2B7,14367
2B7,14370
2B7,14376
2B7,14377
2B7,14379
2B7,14385
2B7,14386
2B7,14410
2B7,14418
2B7,14447
2B7,14448
2B7,14452
2B7,14453
2B7,14462
2B7,14472
2B7,14475
2B7,14479
2B7,14480
2B7,14489
2B7,14496
2B7,14503
2B7,14506
2B7,14509
2B7,14510
2B7,14518
2B7,14524
2B7,14533
2B7,14536
2B7,14537
2B7,14545
2B7,14550
2B7,14557
2B7,14559
2B7,14564
2B7,14580
2B7,14581
2B7,14583
2B7,14584
2B7,14597
2B7,14598
2B7,14600
2B7,14601
1Z9288,6711
1Z9397,6712
1Z9397,6722
1Z9397,6725
1Z9397,19772
1H9670,6713
58T,6714
58T,23334
58T,23383
58T,24940
58T,25464
58T,26995
58T,28250
1H9599,6716
1N9NPM,6715
1Z9453,6719
1Z9258,6717
1Z9258,6726
545,6721
1Z9269,6723
1H9482,6724
1H9661,6728
1Z9279,6732
1N9261,6730
1H9578,6733
40L,6755
40L,15994
1Z9306,6734
4FP,6774
4FP,15994
1Z9446,6735
1Z9404,6736
1Z9404,7245
1Z9285,6737
1P9684,6738
1P9631,6739
1M9903,6760
1M9942,6759
1M9942,26818
1M9832,6758
1M9918,6757
1M9856,6756
1M9853,6754
1M9814,6752
511,6751
511,27296
5MH,6750
5MH,18960
563,6749
1M9774,6747
101,6746
1M9851,6745
1M9851,21099
1M9809,6744
1M9809,6793
1M9809,20410
1M9816,6961
1M9816,6966
1M9816,9984
1M9816,20507
1M9909,6742
1M9455,6741
1M9883,6740
1P9687,6748
57R,6761
1Z9407,6762
1Z9407,6763
1Z9407,6766
1Z9328,6764
1Z9384,6767
ZGZ,6768
ZGZ,6772
1Z9292,6770
4P2,9981
4P2,15994
47Z,9980
47Z,15994
1N9275,6773
5VZ,6786
1P9700,6781
1P9700,10108
1P9700,22444
1N9260,6775
1P9587,6778
1N9346,6779
1P9563,6783
ZCG,6784
ZCG,6818
ZCG,14269
ZCG,14360
ZCG,17953
ZCG,17979
ZCG,20514
ZCG,20676
ZCG,22907
ZCG,26317
1P9489,6785
1P9489,17616
2P9009,6788
2N9038,6787
1N9309,6790
53P,6791
1P9427,6792
1P9427,6795
4K1,6794
4K1,6800
4K1,6801
4K1,19446
4K1,20540
1P9522,6796
1N9324,6797
1P9618,6798
5UG,6799
1P9624,6823
1P9679,6802
1P9597,6803
558,6813
558,21734
1N9288,6805
1P9607,6806
1P9676,6807
51Z,6810
1N9331,6808
1P9603,6817
1P9644,6819
51T,6820
1P9610,6821
1P9667,6822
1M9794,6824
1P9590,6825
1M9766,6826
2P9039,6827
1M9989,6829
1N9299,7019
1N9248,6830
1M9828,6835
1J9352,6831
5UY,6832
5UY,6837
5UY,19968
5UY,20979
1P9569,6833
55T,6834
55T,9987
1M9796,6838
4AJ,6839
4AJ,19603
1M9890,6840
3P9034,6842
1N9286,6841
1M9981,6843
1J9406,6844
SNZ,6845
1P9685,6846
1P9417,6847
1M9618,6848
1M9618,17330
1E9490,6849
L81,6850
8A90ME,6851
1E3,6855
1E3,6859
1E3,8104
1E3,8132
1E3,12516
1E3,13225
1E3,13242
1E3,13248
1E3,13262
1E3,13265
1E3,13282
1E3,13285
1E3,13289
1E3,13307
1E3,13329
1E3,13362
1E3,13381
1E3,13425
1E3,13915
1E3,14030
1E3,14035
1E3,14045
1E3,21533
1E3,21670
1P3,6855
1P3,6860
1P3,7061
1P3,7069
1P3,7173
1P3,7195
1P3,7880
1P3,8104
1P3,8111
1P3,8132
1P3,8135
1P3,8140
1P3,12516
1P3,13225
1P3,13228
1P3,13248
1P3,13250
1P3,13265
1P3,13267
1P3,13285
1P3,13286
1P3,13299
1P3,13314
1P3,13316
1P3,13329
1P3,13334
1P3,13355
1P3,13362
1P3,13381
1P3,13385
1P3,13406
1P3,13915
1P3,14021
1P3,14030
1P3,14035
1P3,14045
1P3,14052
1P3,14054
1P3,14055
1P3,21534
1P3,21666
1P9650,6852
2E3,6667
2E3,6855
2E3,6859
2E3,8104
2E3,8132
2E3,12516
2E3,13225
2E3,13242
2E3,13248
2E3,13262
2E3,13265
2E3,13282
2E3,13285
2E3,13289
2E3,13307
2E3,13329
2E3,13362
2E3,13381
2E3,13425
2E3,13915
2E3,14030
2E3,14035
2E3,14045
2E3,15587
2E3,21533
2E3,21670
2P3,6855
2P3,6860
2P3,7061
2P3,7069
2P3,7173
2P3,7195
2P3,8104
2P3,8111
2P3,8132
2P3,8135
2P3,8140
2P3,12516
2P3,13225
2P3,13248
2P3,13265
2P3,13285
2P3,13299
2P3,13314
2P3,13329
2P3,13362
2P3,13381
2P3,13915
2P3,14030
2P3,14035
2P3,14045
2P3,14052
2P3,14054
2P3,14055
2P3,21534
5SB,6853
3E3,6855
3E3,6859
3E3,8104
3E3,8132
3E3,12516
3E3,13225
3E3,13242
3E3,13248
3E3,13262
3E3,13265
3E3,13282
3E3,13285
3E3,13289
3E3,13307
3E3,13329
3E3,13362
3E3,13381
3E3,13425
3E3,13915
3E3,14030
3E3,14035
3E3,14045
3E3,21533
3E3,21670
3P3,6855
3P3,6860
3P3,7061
3P3,7069
3P3,7173
3P3,7195
3P3,7880
3P3,8104
3P3,8111
3P3,8132
3P3,8135
3P3,8140
3P3,12516
3P3,13225
3P3,13228
3P3,13248
3P3,13250
3P3,13265
3P3,13267
3P3,13285
3P3,13286
3P3,13299
3P3,13314
3P3,13316
3P3,13329
3P3,13334
3P3,13355
3P3,13362
3P3,13381
3P3,13385
3P3,13406
3P3,13915
3P3,14021
3P3,14030
3P3,14035
3P3,14045
3P3,14052
3P3,14054
3P3,14055
3P3,21534
3P3,21666
1P9662,6854
1P9472,6857
1P9472,18906
1Z9409,6862
1P9719,6865
1P9594,6868
1P9657,6873
1P9636,6876
1P9636,6878
1N9257,6879
2P9088,6880
2P9088,26778
1M9781,6885
1M9947,6886
1M9947,21895
1Z9380,6887
L0E,6888
LYS,6889
LYS,20119
LYS,24431
TDM,6890
1P9593,6891
LAY,6892
LAY,8678
1Z9413,6893
1N9179,6894
1N9179,18005
1N9287,6895
1N9287,6896
1F9245,6898
1N9254,6897
1H9595,6899
1N9264,6900
1N9307,6901
1NF,6902
1NF,6907
1NF,14646
1N9300,6903
1P9726,6904
1P9477,6905
1P9477,18915
1J9049,19843
1J9049,21483
1Z9477,6908
L4H,6909
L4H,11443
L4H,16882
L4H,21335
L4H,23657
1N9328,6910
L4G,6911
1N9265,6912
1M9717,6913
5D0,6914
1B9906,6915
1B9906,6916
1M9817,6917
1R9683,6918
1R9683,7081
1R9683,7082
1R9683,7084
LYH,6919
4A0,6920
4A0,16107
1R9562,6921
1N9283,6922
4MA,6923
4MA,11953
4MA,12147
4MA,15396
4MA,18647
4MA,18662
4MA,18705
4MA,18785
4MA,23320
4MA,23321
4MA,23322
1N9290,6924
1N9272,6925
1N9272,24681
1R9600,6926
1R9600,7093
1Z9263,6927
1R9625,6928
1R9318,6929
1R9318,15765
5KG,19767
56C,6933
56C,6934
1P9336,6936
1P9336,6939
1P9727,6937
1N9292,6938
1P9696,6940
1P9682,6942
1J9395,6943
1J9395,6947
1N9295,6944
5R0,6945
5R0,6949
5R0,6951
5R0,6952
5R0,6953
5R0,6954
5R0,6958
5R0,6959
1P9670,6946
1J9362,6950
1P9708,6955
1J9372,6956
1J9393,6960
1Z9335,6963
SA9231,6964
1N9336,6351
1N9335,6968
1P9626,6969
1P9626,6972
2PL,6971
2PL,6999
53U,6971
53U,6999
1P9675,6973
1R9621,6981
ZAP,6980
ZAP,22367
ZAP,22396
ZAP,22651
ZAP,22652
ZAP,22800
ZAP,22801
ZAP,22802
ZAP,22803
ZAP,22804
ZAP,22805
ZAP,22848
ZAP,22849
ZAP,22851
ZAP,22853
ZAP,22854
ZAP,22856
ZAP,26398
ZAP,26400
ZAP,26614
ZAP,26615
1R9640,10090
1J9403,6982
1M9859,6989
1M9859,26786
1M9850,6990
1M9850,6991
1J9410,6983
1M9759,6988
1M9759,9254
1M9924,6987
1M9778,6986
1M9833,6985
1M9833,26830
1M9943,6984
1M9943,19379
1Z9408,6992
LAW,6995
LAW,6998
LAW,9370
1H9489,6994
1H9518,6996
1M9527,7002
1M9527,9610
1H9535,7001
1H9498,7003
1P9098,7004
1P9098,14195
1P9098,20546
1P9098,22430
1P9098,26606
1P9746,7006
1H9676,7007
1H9676,10005
51U,7005
51V,7008
1P9663,7010
51X,7009
1H9674,7013
1H9674,10004
1P9712,7012
1P9581,7014
1P9581,11672
L4Y,7015
L4Y,21189
1M9808,7016
1M9732,7017
1P9678,7018
1F9797,7020
1P9668,7021
1Z9362,7022
1Z9311,7023
4S8,7025
4S8,16273
4S8,19231
1Z9356,7026
1P9688,7027
5P7,7028
1H9662,7029
1Z9319,7030
1P9620,7031
1H9564,7032
1Z9472,7033
1P9665,7035
1P9706,7036
1Z9322,7037
1P9742,7038
5LE,7039
5LE,11969
4S9146,7040
1M9751,7041
550,7042
550,21046
1P9566,7043
1P9566,18409
1H9594,7045
4S9171,7044
4S9171,7048
4S9171,7049
4S9171,7050
4S9171,20108
1P9535,7046
1P9535,7047
1H9479,7051
1Z9422,7052
1H9511,7053
1P9741,7054
4WX,7055
4WX,17310
1H9589,7056
1M9772,7057
1Z9475,7058
1Z9475,19210
1H9588,7059
1M9862,7060
1P9466,7871
1P9635,7065
1M9793,7067
5VW,7070
1Z9438,7071
1Z9438,7073
1Z9438,11590
1Z9438,11740
1P9608,7072
1R9767,7074
1R9767,7075
1P9681,7076
4S9084,7078
1R9593,7077
1R9593,7079
5XH,7080
1H9607,7083
1S9971,7085
1H9475,7086
1P9543,7087
1H9643,7088
1P9699,7089
42X,7090
1R9734,7091
1P9695,7092
1J9316,7094
1J9316,15947
4S9085,7098
1H9531,7095
55Z,7096
55Z,20376
1J9341,7097
1R9608,7099
1R9608,9382
5L4,7100
5L4,7108
5L4,7111
1J9419,7101
1R9637,7103
1H9554,7104
1R9689,7106
4S9370,7105
1R9652,7107
1J9345,7109
1R9550,7112
1S9959,7113
1R9487,7114
1P9634,7115
1R9628,7116
LA9SAN,7117
1R9534,7118
1P9738,7119
1R9774,7121
56B,7120
1P9600,7122
1L9460,7124
1S9994,7125
4S9045,7126
1P9622,7140
1R9601,7141
1H9477,7142
1R9610,7148
1H9516,7143
1R9629,7149
4C6,7150
4C6,18171
5PM,7144
1R9704,7152
3H9008,7154
3E9030,7156
1R9573,7157
1R9577,7159
3R9001,7160
3R9001,10313
4JM,7161
2RG,24925
W09R38,7162
W09R38,11585
W09R38,24776
W09R38,24912
W09R38,25181
1P9717,7146
1R9603,7163
TK9SD7,7164
1R9546,7165
1R9614,7166
3R9075,7168
3R9075,10727
3R9075,18645
1R9558,7169
1H9656,7147
1H9651,7151
1P9521,7153
5LV,7155
5LV,11894
58W,7158
58W,18820
5JY,7167
1R9586,7170
1R9705,7171
2SW,7172
2SW,16489
1S9966,7174
1P9609,7175
1R9713,7176
4S9226,7178
4WR,7179
1N9239,7188
1N9239,17308
4S9054,7181
536,7185
4S9202,7184
1S9929,7187
4S9225,7189
1N9301,7199
4S9316,7192
54B,7193
1R9714,7196
1N9343,7201
1S9977,7200
4S9018,7202
1N9267,7203
1P9723,7204
1G9438,7205
4S9048,7206
1G9441,7207
1R9553,7208
1G9408,7210
57H,7211
57H,24513
57H,28701
1R9612,7212
1G9376,7213
1G9376,18897
1G9452,7215
1R9491,7216
4S9323,7214
4S9323,20556
4S9323,21720
4S9323,24411
1G9371,7217
1R9721,7218
1G9309,7220
1G9309,18932
1G9380,7221
4S9027,7222
1S9964,7223
1G9384,7224
1P9545,7225
1R9616,7228
1G9474,7229
4S9273,7230
4S9219,7233
1R9615,7232
1P9471,7235
1P9471,19284
1G9502,7234
1B9462,7236
1R9658,7239
WGG,7240
1R9775,7242
2GR,7243
1R9695,7246
4S9138,7247
5ZR,7249
1P9854,7250
1R9732,7252
1M9728,7253
4S9022,7251
1M9852,7254
4S9249,7256
1M9911,7257
4S9247,7258
1M9927,7259
1G9369,7260
1R9676,7261
1M9810,7262
1M9810,20572
1G9419,7263
1R9855,7266
4B7,7267
1M9820,7269
5SL,7270
5SL,9988
5SL,11576
5SL,21387
1M9948,7271
1S9716,7268
1S9716,7278
1S9716,7279
1S9716,17982
1S9716,18698
1R9674,7272
4S9001,7273
1M9949,7274
4S9129,7275
1P9653,7276
1M9848,7277
1M9612,7280
1M9612,11926
1CA,10219
1CA,10283
1C8,7231
1C8,7248
1C8,7326
1C8,7408
1C8,7524
1C8,7543
1C8,10789
1C8,10798
1C8,10952
1C8,10954
1C8,10961
1C8,10964
2CA,7231
2CA,7248
1M9780,7281
1M9780,23942
2C8,7231
2C8,7248
2C8,7326
2C8,7408
2C8,7524
2C8,7543
2C8,10789
2C8,10798
2C8,10952
2C8,10954
2C8,10961
2C8,10964
3CA,7231
3CA,7248
3C8,7231
3C8,7248
3C8,7326
3C8,7408
3C8,7524
3C8,7543
3C8,10789
3C8,10798
3C8,10952
3C8,10954
3C8,10961
3C8,10964
1M9899,7282
1M9873,7284
1R9660,7293
1R9737,7292
1R9737,11577
1R9737,17628
1R9622,7291
1R9RSC,7290
1R9667,7289
1R9754,7288
1R9571,7287
1S9970,7296
4S9270,7297
1PM,7299
1PM,11557
1PM,20120
1PM,28821
1R9712,7300
1R9596,7301
1R9639,7302
1R9688,7303
1P9579,7304
1R9692,7305
4GJ,7306
4GJ,26782
4GJ,28087
4GJ,28634
1R9567,7307
598,7308
1M9940,7309
1M9895,7310
1P9589,7311
1M9801,7312
1M9801,21544
1H9610,7313
1M9932,7314
1P9718,7315
1S9402,7316
1S9402,7509
1S9402,7512
1S9402,15287
4GN,9988
4GN,11576
4GN,21387
1P9552,7320
566,7322
566,21148
566,22077
566,23446
566,25724
1R9606,8340
1R9675,7448
1R9664,7447
521,7446
1R9653,7444
1R9783,7443
1R9650,7357
1R9672,7359
1M9273,7323
1M9273,21721
1M9273,27863
1R9542,7360
1R9563,7362
4S9079,7324
1V9143,7363
1R9575,7364
1R9046,7366
1R9733,7367
1R9751,7325
1R9742,7327
4S9232,7328
4S9012,7329
1R9663,7330
4S9267,7331
5XE,7332
4S9296,7333
1B2,7326
1B2,10799
1B2,10921
1B8,7231
1B8,7244
1B8,7326
1B8,7399
1B8,10789
1C2,7326
1C2,7524
1C2,7543
1C2,10799
4S9028,7335
4S9028,10664
1D5,7326
1D5,7399
2B2,7326
2B2,10799
2B2,10921
2B8,7231
2B8,7244
2B8,7326
2B8,7399
2B8,10789
2D2,7326
2D2,7524
2D2,7548
2D2,7694
2D2,7768
2D2,7772
2D2,10799
2D2,10921
2D2,10959
2D2,10961
2D2,10964
2D2,11012
2D2,11014
2D2,11015
2D2,11021
2D2,11029
2D2,20947
5U0,7336
2D3,3887
2D3,3950
2D3,3962
2D3,4579
2D3,7326
2D3,7399
2D3,7524
2D3,7548
2D3,7694
2D3,7768
2D3,7772
2D3,10800
2D3,10959
2D3,10961
2D3,10964
2D3,11012
2D3,11014
2D3,11015
2D3,11017
2D3,11021
2D3,11029
2D3,11036
2D3,12649
2D5,7326
2D5,7399
2D6,2409
2D6,2426
2D6,2439
2D6,2441
2D6,3887
2D6,3950
2D6,3962
2D6,4579
2D6,7326
2D6,7524
2D6,7548
2D6,7694
2D6,7768
2D6,7772
2D6,10921
2D6,10959
2D6,10961
2D6,10964
2D6,11012
2D6,11014
2D6,11015
2D6,11021
2D6,11029
2D6,11036
2D6,12649
2D6,20947
2D7,3887
2D7,3950
2D7,3962
2D7,4579
2D7,7326
2D7,7399
2D7,7524
2D7,7548
2D7,7694
2D7,7768
2D7,7772
2D7,10959
2D7,10961
2D7,10964
2D7,11012
2D7,11014
2D7,11015
2D7,11017
2D7,11021
2D7,11029
2D7,11036
2D7,12649
2D8,3846
2D8,3887
2D8,4579
2D8,7326
2D8,7399
2D8,7524
2D8,7694
2D8,10768
2D8,10789
2D8,10872
2D8,10959
2D8,10961
2D8,10964
2D8,10984
2D8,10992
2D8,11005
2D8,11007
2D8,11041
2D8,12649
3B2,7326
3B2,10799
3B2,10921
1R9785,7337
3B8,7231
3B8,7244
3B8,7326
3B8,7399
3B8,10789
1R9718,7338
3C2,7326
3C2,7408
3C2,7524
3C2,7543
3C2,10799
3D2,3846
3D2,3887
3D2,3950
3D2,3962
3D2,4579
3D2,7326
3D2,7524
3D2,7548
3D2,7694
3D2,7768
3D2,7772
3D2,10799
3D2,10921
3D2,10959
3D2,10961
3D2,10964
3D2,11012
3D2,11014
3D2,11015
3D2,11021
3D2,11029
3D2,11036
3D2,12649
3D2,20947
3D3,3846
3D3,3887
3D3,3950
3D3,3962
3D3,4579
3D3,7326
3D3,7399
3D3,7524
3D3,7548
3D3,7694
3D3,7768
3D3,7772
3D3,10800
3D3,10959
3D3,10961
3D3,10964
3D3,11012
3D3,11014
3D3,11015
3D3,11017
3D3,11021
3D3,11029
3D3,11036
3D3,12649
3D5,7326
3D5,7399
3D8,3887
3D8,4579
3D8,7326
3D8,7399
3D8,7524
3D8,7694
3D8,10768
3D8,10789
3D8,10872
3D8,10959
3D8,10961
3D8,10964
3D8,10984
3D8,10992
3D8,11005
3D8,11007
3D8,11041
3D8,12649
1P9737,7339
1R9717,7341
4S9106,7340
4S9276,7342
1G9478,7343
1R9719,7344
1P9725,7346
1P9725,11488
1M9919,7348
4S9005,7347
1G9395,7349
4S9260,7351
1G9458,7352
1G9448,7353
1P9585,7354
1R9720,7355
1P9562,7356
1P9646,7358
1P9602,7365
1R9390,7368
1P9555,7369
1P9555,7376
2L9110,7370
2L9110,27793
2L9110,28700
1R9564,7371
1H9118,7373
1H9118,12302
1H9118,19521
4S9051,7377
1R9578,7375
1P9534,7378
1P9534,9293
4S9097,7382
1R9602,7383
1S9928,7385
1R9626,7386
4S9147,7387
1P9664,7388
1R9776,7389
4S9348,7390
1S9786,7394
1S9786,13540
1S9786,17658
1R9631,7392
1P9649,7393
52W,7395
52W,7398
1P9343,7396
1P9343,9295
1S9875,7397
1R9597,7380
1R9597,20970
4S9211,7400
4S9078,7402
1S9931,7403
1P9651,7404
1S9918,7405
1S9918,9430
1S9616,7406
1S9616,18837
1P9683,7407
4C9235,7410
4S9190,7411
1P9642,7412
4S9038,7413
4S9052,7414
1P9570,7416
1J9367,7417
1S9430,7418
1P9630,7419
3S9078,7420
3S9078,23660
4S9113,7421
4S9277,7423
4S9071,7422
1P9437,7425
1P9437,18791
1W9472,7427
4S9353,7426
1P9554,7428
45L,7429
1P9705,7430
1P9705,24604
4S9126,7431
4S9327,7432
4S9366,7435
4S9366,26114
1S9766,7440
1S9766,7497
1S9766,7498
1S9766,17311
1S9766,18168
1S9766,18651
1S9766,18742
5JN,7441
1J9420,7442
1J9412,7445
1J9342,7449
4S9342,7450
1P9588,7451
1S9901,7452
1S9901,18593
4S9298,7453
LX6,7454
1R9446,7464
1R9669,7466
1P9538,7455
1R9700,7468
1R9655,7470
4S9061,7456
1R9587,7472
1R9701,7473
1R9685,7474
5MU,7475
5KZ,7477
5KZ,11973
4S9165,7457
4S9014,7458
1P9743,7459
1P9743,18400
4S9311,7461
4S9297,7462
4S9338,7463
4S9337,7465
1P9619,7467
4S9108,7469
4S9135,7471
4S9149,7476
5Z0,7478
1P9629,7480
4S9315,7481
1P9673,7482
4S9188,7483
4S9042,7484
1P9591,7485
1P9591,7582
4S9072,7486
1S9999,7487
4S9167,7489
1P9617,7490
4S9324,7491
1P9652,7492
4M8,7493
4M8,16293
L82,7494
1P9655,7495
1P9733,7496
1P9733,12653
1P9733,14697
1P9733,22424
1P9733,28140
1P9558,7499
1P9692,7501
4S9218,7502
4S9119,7503
4S9023,7504
1P9556,7505
4S9263,7506
4S9091,7507
1P9601,7510
1P9714,7513
1P9714,20661
535,7514
1P9611,7515
1P9611,7519
4S9291,7518
4S9291,7520
4S9291,17995
L2B,7517
L2B,7527
L2B,16589
L2B,25100
3P9026,7522
3P9026,22179
3P9026,25009
4W8,7523
4W8,9582
3P9033,7525
1S9867,7531
1P9632,7528
4S9065,7529
RFG,7537
RFG,9165
RFG,9166
RFG,10599
RFG,18635
RFG,21228
RFG,24919
RFG,25044
4S9239,7533
1P9691,7534
1R9591,7536
1R9696,7538
L4F,7539
1P9572,7540
4S9261,7541
1R9741,7542
9UH,7544
4S9030,7545
4S9030,7547
1P9592,7546
1P9661,7549
5UH,7550
1R9707,7552
4S9SPB,7553
1P9301,7554
1P9301,8874
1P9301,10694
1P9301,16460
1P9301,16461
1P9301,17316
1P9301,18106
1R9659,7559
4S9062,7562
1R9749,7564
1R9644,7566
5WH,7567
1R9510,7568
4S9317,7570
1R9599,7573
4S9243,7575
1R9588,7576
1R9744,7577
5UR,7584
4S9046,7585
1T9925,7588
1T9883,7589
4S9081,7591
4S9081,7593
4S9169,7595
1T9939,7596
4S9240,7598
4S9240,20720
1G9480,7604
1G9487,7605
1G9470,7606
1G9336,7607
4S9162,7608
3S9092,7609
3S9092,24577
3T9138,7610
1T9984,7611
1T9921,7612
4T9084,7613
1R9668,7631
1R9568,7629
1R9715,7628
1R9595,7627
4T9009,7614
1R9693,7626
1R9747,7624
1R9726,7623
1R9638,7622
1R9716,7621
1R9296,7620
1T9971,7615
1R9702,7618
1R9698,7617
1T9852,7616
1T9895,7619
1S9976,7625
1S9976,7630
2P9004,7632
4S9152,7633
RKZ,7635
RKZ,12381
4S9221,7636
1S9724,7637
1S9724,9433
1S9724,17374
LTD,7638
LTD,17498
4S9244,7639
1T9902,7634
1SE,16220
1SE,16260
1SE,16267
1SE,16268
1SE,16719
1SV,16233
1SV,16259
1SV,16260
1SV,16267
1SV,16268
4S9128,7640
4S9128,10058
LDY,7641
LT4,7642
LT4,10651
LT4,16877
2A2,7694
2A2,10799
2A2,10959
2A3,14030
2A3,14032
2A3,14035
2A3,14037
2A3,14043
2A3,14045
2A6,7694
2A6,10959
2A7,7694
2A7,10959
2A8,3846
2A8,3887
2A8,3893
2A8,4579
2A8,7694
2A8,7699
2A8,10789
2A8,10798
2A8,10956
2A8,10959
2A8,12649
1T9982,7644
3T9208,7645
1T9540,7646
1T9540,15729
3T9014,7647
3T9014,20893
3T9014,24997
3A2,7694
3A2,10799
3A2,10959
3A3,7694
3A3,10800
3A3,10959
3A6,7694
3A6,10959
3A7,7694
3A7,10959
3A8,3846
3A8,3887
3A8,3893
3A8,4579
3A8,7694
3A8,7699
3A8,10789
3A8,10798
3A8,10956
3A8,10959
3A8,12649
3T9021,7648
1R9556,7649
1R9723,7653
4T9043,7652
3T9054,7651
1R9729,7654
4T9027,7655
1R9757,7656
1T9893,7657
1T9938,7658
1R9764,7659
1T9956,7660
4T9046,7661
1T9955,7662
L4T,7663
1R9743,7664
KNJ,7401
KNJ,7563
KNJ,7574
KNJ,7578
KNJ,7580
KNJ,7581
KNJ,7583
KNJ,9606
KNJ,9607
KNJ,9627
KNJ,9628
KNJ,10592
KNJ,12598
KNJ,12600
KNJ,12616
KNJ,12749
KNJ,12753
KNJ,12759
KNJ,12817
KNJ,12820
KNJ,12846
KNJ,12859
KNJ,12869
KNJ,12870
KNJ,12893
KNJ,13931
KNJ,13943
KNJ,13955
KNJ,14007
KNJ,14736
5BE,7666
4S9200,7665
4T9121,7667
5VM,7668
5J1,7669
3T9026,7670
3T9081,7674
4S9067,7676
1TK,7675
1TK,28329
1R9651,7678
1R9779,7679
1R9687,7680
1R9699,7681
1R9648,7682
1R9569,7683
4S9214,7677
1R9646,7685
1R9624,7686
1R9624,7730
1R9624,7731
1R9624,7732
1R9624,18165
3MA,7401
3MA,9586
3MA,9604
3MA,9605
3MA,9606
3MA,9607
3MA,12598
3MA,12600
3MA,12616
3MA,12749
3MA,12753
3MA,12759
3MA,12817
3MA,12820
3MA,12846
3MA,12859
3MA,12869
3MA,12870
3MA,12893
3MA,13931
3MA,13955
3MA,14007
3MA,14736
4S9055,7684
3T9206,7687
3T9206,20620
3T9206,26586
4C9220,7688
3TK,7675
4T9002,7689
4T9102,7690
57F,7691
4T9040,7692
4T9120,7693
530,7673
4S9121,7695
3T9064,7696
4S9286,7697
5ZY,7698
4T9016,7700
4T9038,7701
4T9073,7702
1T9906,7704
4C9213,7705
4T9080,7707
1T9831,7706
1T9930,7708
4T9152,7709
4ZP,7710
5TP,7712
532,7713
1T9922,7718
1T9838,7719
1T9987,7714
4T9041,7720
1T9934,7721
1T9934,7722
1S9791,7724
1S9791,7725
1S9791,9434
1S9791,11979
1S9791,17622
1R9295,7728
1R9295,12594
5RY,7727
1R9769,7729
1R9580,7734
1R9580,7735
1T9888,7736
1R9632,7740
1R9710,7741
1R9520,7742
1R9520,9325
4T9005,7737
1R9620,7743
1R9703,7744
1R9731,7747
1P9206,7738
1P9206,16617
SA9173,7748
4T9100,7739
1T9697,7745
1T9697,18405
1T9923,7746
1T9923,7750
4T9092,7749
4ZJ,7751
4T9035,7752
4T9154,7753
1T9908,7754
1T9391,7755
1T9391,7758
1T9391,11516
1T9391,15323
5ER,7756
4T9007,7757
4T9069,7759
1T9918,7760
4T9162,7761
4S9275,7762
4T9130,7763
4S9100,7764
4T9096,7765
4S9133,7766
RFC,7767
RFC,17191
RFC,22271
RFC,22593
RFC,22977
RFC,25607
585,7769
585,22743
4S9336,7770
1T9931,7773
1T9965,7774
4S9250,7775
4S9250,7776
4S9250,23483
1S9890,7777
1S9890,9423
4S9066,7778
1LP,7781
1S9991,7780
1S9771,7783
1S9771,7784
4T9021,7803
4T9021,7806
1A9274,7785
1A9274,21224
1A9274,24420
1A9274,26372
1A9274,28846
55H,7787
L69FYK,7788
1P9139,7789
1P9139,7793
4T9163,7790
L6K,7791
L6K,22811
4T9037,7792
4T9139,7794
4T9062,7795
4T9062,7810
4T9062,18622
1T9716,7796
1T9716,16162
55G,7797
4S9251,7799
1D9033,7800
1D9033,7801
1D9033,7807
1D9033,20137
4S9074,7802
1S9981,7804
5DG,7805
5DG,8515
4S9089,7808
4S9089,11594
4S9089,27786
4S9109,7809
1S9974,7811
SA9204,7812
3T9200,7813
1T9905,7814
4T9125,7815
5XG,7818
4T9049,7817
4T9049,7820
4T9049,9983
4T9049,13357
4T9049,23845
1E9417,7819
2FC,5525
2FC,7131
2FC,7138
2FC,7439
2FC,9455
2FC,9476
2FC,9606
2FC,9607
2FC,12598
2FC,12753
2FC,14663
2FC,14664
2FC,14666
2FC,14680
2FC,14681
2FC,14683
2FC,14687
2FC,14689
2FC,14690
2FC,14709
2FC,14711
2FC,14712
2FC,14729
2FC,14730
2FC,14731
2FC,14736
2FC,14753
2FC,14754
2FC,14755
2FC,14767
2FC,14768
2FC,14769
2FC,22768
3FC,5525
3FC,7138
3FC,7439
3FC,9455
3FC,9476
3FC,9511
3FC,9514
3FC,9531
3FC,9537
3FC,9543
3FC,9606
3FC,9607
3FC,9627
3FC,9634
3FC,9639
3FC,12222
3FC,12234
3FC,12235
3FC,12240
3FC,12242
3FC,12598
3FC,12725
3FC,12753
3FC,12779
3FC,12780
3FC,12790
3FC,12791
3FC,12801
3FC,12802
3FC,12808
3FC,12809
3FC,14623
3FC,14624
3FC,14626
3FC,14655
3FC,14656
3FC,14665
3FC,14666
3FC,14682
3FC,14683
3FC,14688
3FC,14690
3FC,14710
3FC,14712
3FC,14731
3FC,14732
3FC,14736
3FC,14755
3FC,14756
3FC,14769
3FC,14770
3FC,20714
ZLF,7821
5L3,7822
5L3,7824
4T9056,7823
1T9968,7825
1T9968,7827
4T9055,7826
4T9031,7828
3T9179,7830
1G9379,7831
3T1,7832
L9N,7833
L9N,7841
L9N,7842
L9N,11711
L9N,13533
L9N,20725
L9N,22715
L9N,23636
L9N,26038
L9N,26917
L9N,28247
4S9099,7834
4S9099,7837
4T9013,7835
4T9026,7836
1XT,12462
1XT,17794
1XT,17795
1XT,19928
1XT,19929
1T9904,7839
2FW,10046
2FW,10055
2FW,10456
2FW,20889
2FZ,10046
2FZ,10055
2FZ,10456
2FZ,20889
1T9848,7840
1V9190,7851
1V9190,19552
1V9190,21011
1V9VMM,7852
4E7,7854
1V9113,7855
1V9113,7898
1V9113,12599
1V9113,18574
1V9113,22501
1V9113,26956
1V9195,7861
4T9097,7843
1V9183,7860
SZC,7862
1T9979,7844
1T9979,7846
1V9167,7865
47G,7866
47G,19412
1R9926,7845
1V9188,7867
56S,7868
1V9148,7869
1G9455,7870
4T9171,7847
4T9006,7848
1T9825,7849
1T9825,24789
1T9054,7850
1T9054,12022
1T9054,14995
1T9054,15940
1T9054,19247
4T9023,7853
4T9023,7859
4T9023,16616
1TP,7856
1TP,7858
1TP,9982
1TP,10752
1TP,12460
1TP,15741
1TP,16702
1TP,19932
1TP,19934
1TP,20659
1TP,21718
1TP,26463
LYD,7863
LYD,7872
LYD,7873
LYD,8824
LYD,22110
LYD,23532
LYD,26602
1P9481,7871
1P9481,11959
1T9937,7874
1T9937,7875
1T9937,22024
4S9122,7876
4FB,7878
4FB,17033
4T9172,7879
5KK,10015
5KK,24670
5KK,24911
5KK,25345
5KK,25371
4S9041,7881
1T9879,7883
MBF,7882
5KJ,10015
5KJ,24670
5KJ,24911
5KJ,25345
5KJ,25346
5KJ,25367
5KJ,25371
523,7884
523,7885
L5Y,7887
L5Y,7892
L5Y,7895
L5Y,12214
L5Y,21467
L5Y,26013
L5Y,26567
L5Y,27197
L5Y,28637
L5Y,28798
4T9088,7886
1L9470,7888
1T9499,7889
1T9499,12175
1T9926,7890
4S9231,7891
53T,7893
4S9176,7894
4S9209,7896
1T9954,7897
6G2,4432
6G2,4557
6G2,5068
6G2,5254
6G2,5276
6G2,8849
6G2,8851
6G2,8911
6G2,8934
6G2,9018
6G2,9037
6G2,9066
6G2,9071
6G2,9080
6G2,9113
6G2,9119
6G2,11800
6G2,17929
6G2,17931
6G2,17943
6G2,21941
4T9033,7899
W04,8685
W04,8696
W04,8720
W04,10540
W04,10542
W04,10840
W04,15071
W04,16043
W04,16045
W04,20180
W04,20182
W04,20183
W04,20846
W04,20847
5TY,7900
1DW,7902
1DW,28492
4S9163,7901
4WY,7904
1T9846,7905
1T9846,7906
1T9846,7907
4S9037,7908
4S9060,7909
1T9989,7910
4S9025,7911
1T9970,7912
1T9845,7913
2T9011,7914
L13,7915
LSB,7917
LJ4,7918
LJ4,9755
LJ4,9766
4S9305,7919
4S9172,7920
4S9272,7921
1V9179,7928
1V9122,7927
1V9160,7926
1V9156,7924
1V9180,7923
1V9161,7922
4T9022,7929
1T9892,7930
UH2,7931
UH2,14272
4S9096,7933
1T9910,7934
RFR,7935
4S9373,7936
LEC,7937
LEC,7938
LEC,7939
LEC,7942
LEC,7943
4S9189,7940
4S9189,9573
5NZ,7941
4S9177,7950
1T9271,7945
4T9085,7947
4T9085,12311
1T9952,7946
5LF,7948
5LF,7955
5LF,12031
4F7,7988
1V9149,7985
1V9174,7982
1V9136,7981
1T9941,7949
1V9177,7980
1V9177,10275
1V9177,17958
1V9177,20577
1V9177,24130
4JV,7979
52L,7953
4T9034,7954
1T9649,7956
1T9649,9624
1T9649,9625
4S9105,7957
4T9140,7959
1Z9293,7962
5VV,7960
4T9105,7961
1T9988,7963
5VB,7964
5VB,7970
5VB,7973
5VB,13373
5VB,22541
4T9058,7965
W09F57,7966
4T9133,7967
WT9136,7969
4T9048,7975
4T9144,7976
MLP,7986
1V9162,7987
5KN,7989
4T9128,7990
1T9726,7992
1T9726,18745
1T9203,7993
LLA,7996
4T9065,7998
1T9951,7999
1T9882,8001
1T9884,8002
1T9915,8003
1T9890,8004
1T9890,8007
1T9900,8005
1T9900,8006
1T9900,24994
WP0,8009
WP0,8018
WP0,8021
WP0,8022
WP0,8025
WP0,8029
WP0,8033
WP0,8049
WP0,8056
WP0,8073
WP0,8076
WP0,8091
WP0,8109
WP0,8156
WP0,8166
WP0,8173
WP0,8179
WP0,8210
WP0,12510
WP0,12511
WP0,12685
WP0,12718
WP0,12720
WP0,14001
WP0,14003
WP0,14004
WP0,19960
WP0,19961
WP0,20365
WP0,20371
WP0,22328
WP0,22333
WP0,22337
WP0,23454
WP0,24132
WP0,25540
WP0,25544
WP0,25547
WP0,25552
WP0,26142
WP0,26649
WP0,27150
WP0,27151
WP0,27152
WP0,27153
WP0,27156
WP0,28123
WP0,28124
WP0,28125
1T9949,8011
5RZ,8010
5RZ,8012
LHA,8016
4T9112,8017
4T9078,8019
1T9967,8020
4T9010,8023
4T9119,8024
4T9153,8026
55M,8028
55M,24869
55M,27915
1T9881,8027
1T9891,8030
4T9086,8031
1T9849,8032
1T9919,8034
1T9050,11625
52A,8035
1T9889,8036
48X,8037
55K,8038
1T9960,8039
4T9165,8040
1T9977,8041
1T9013,8042
1T9013,18452
4T9017,8043
1T9917,8044
1V9146,8503
1B9831,8048
1W9530,8046
1W9530,25624
1W9534,8045
4S9210,8050
531,8051
1S9954,8052
4S9064,8053
1T9997,8054
4S9285,8055
5YP,8057
1W9493,8072
1W9492,8071
1W9491,8070
1W9399,8069
1W9450,8068
1W9429,8067
1W9555,8066
1W9518,8065
1W9457,8064
1W9507,8063
1W9529,8062
1W9519,8060
5XF,8059
WP1,8058
WP1,8105
WP1,8119
WP1,8165
WP1,8169
WP1,8171
WP1,8176
WP1,8205
WP1,8216
WP1,20366
WP1,20372
WP1,22329
WP1,22335
WP1,22337
WP1,23453
WP1,24133
WP1,25546
WP1,25548
WP1,27154
WP1,27155
WP1,27156
WP1,28126
WP1,28127
3T9210,8061
1T9913,8074
1T9948,8075
4S9341,8077
4S9193,8078
1T9656,8080
1T9656,18032
4S9333,8079
4S9082,8081
4S9145,8082
1T9936,8083
58N,8084
1L9430,8085
1T9966,8086
1S9969,8087
1S9984,8088
4S9020,8089
4S9241,8090
4S9241,17674
1T9962,8092
1S9949,8093
4S9002,8094
4T9004,8095
4S9224,8096
4S9354,8097
1T9572,8098
1T9572,8100
4T9030,8099
4T9066,8101
1U9116,8102
4T9036,8107
1T9957,8112
4T9131,8114
4T9131,25260
1T9978,8115
4T9149,8116
4T9138,8118
1U9126,8120
54S,15196
1T9969,8122
1T9940,8124
1T9991,8125
4T9115,8126
3T9049,8127
4S9141,8141
4S9141,11677
4S9112,8142
4S9204,8143
4S9053,8144
4S9199,8145
4S9284,8146
3S9088,8147
1S9080,8148
4S9140,8149
1U3,9577
1U3,11556
1U3,19147
4S9352,8151
4S9015,8152
4S9004,8153
1ZJ,8162
1ZJ,8163
1ZJ,28357
1W9474,8161
1W9447,8160
1W9525,8159
5UW,8158
1W9148,8157
1W9455,8155
1W9423,8154
5UV,8164
1M9374,21312
51L,8167
4T9157,8168
4TG,8170
1T9981,8172
4T9044,8174
1W9515,8190
1W9451,8191
1W9451,8218
1W9273,8217
1M9771,8194
1W9459,8195
5HR,8196
5HR,18227
1W9494,8198
1W9548,8199
1W9548,10417
1W9548,21491
1W9537,8200
1W9537,23895
1W9470,8201
1W9411,8203
1W9478,8206
4T9083,8175
1T9873,8177
1T9873,8178
1S9979,8180
1T9980,8181
4T9011,8182
1U9100,8183
4T9018,8184
1U9105,8185
1U9131,8186
1T9796,8187
1U9143,8188
1U9101,8189
1U9134,8192
5WB,8197
1U9111,8202
48B,8207
48B,19090
4T9071,8208
1W9010,8204
1U9124,8209
1U9110,8211
1U9150,8212
1T9840,8213
1U9137,8214
5TS,8215
1T9973,8219
1U9122,8220
56J,8221
1T9899,8222
1T9899,8226
1T9899,8227
1U9090,8223
1U9090,10037
1U9146,8224
WV2,4293
WV2,8479
WV2,8488
WV2,8510
WV2,8513
WV2,8537
WV2,8548
WV2,12982
WV2,12985
WV2,12989
WV2,12990
WV2,12991
WV2,12992
WV2,12993
WV2,13001
WV2,13002
WV2,13897
WV2,22971
WV2,22972
WV2,22974
1T9853,8229
4S9073,8231
4S9043,8232
1T9851,8233
4S9302,8234
1S9980,8235
4T9032,8236
ZZ1,8240
ZZ1,16404
4T9087,8241
4LA,8243
4LA,11456
4LA,16109
4LA,17847
4T9072,8248
4T9072,21453
V69011,8249
4S9306,8250
1S9609,8251
1S9609,16556
4S9245,8252
1S9972,8253
4S9314,8254
1S9640,8255
4S9300,8256
1S9SJP,8257
4S9058,8258
4S9160,8259
4S9132,8260
4S9361,8261
4S9178,8262
4S9118,8263
5E3,8264
5E3,17536
1T9992,8266
1T9506,8267
1T9506,8268
1T9506,9710
1V5,8430
4T9075,8269
1T9924,8271
1W9442,8273
4T9101,8272
4T9101,10716
4T9015,8275
1W9527,8276
1U9119,8277
1W9498,8280
1U9158,8278
1T9850,8279
1T9850,18341
1U9032,8281
1U9032,19169
4T9014,8282
1W9412,8284
1U9160,8283
4T9109,8285
1U9152,8286
1U9153,8287
1W9422,8288
1T9964,8289
1U9114,8290
1U9120,8292
1W9046,8293
1W9046,8307
1W9046,8309
1W9046,8311
1W9046,11709
1W9046,17313
1W9046,18877
A2B,8294
A2B,27295
A2B,28090
4T9156,8296
1U9133,8297
4T9103,8299
1U9138,8300
1U9102,8301
1T9466,8302
52Z,8303
52Z,26282
1T9990,8304
4BA,8305
1T9961,8306
5NW,8308
4C9361,8310
1W9045,8314
1T9858,8315
1T9929,8317
1T9946,8318
1T9878,8319
4S9295,8321
4S9364,8323
4S9320,8324
1W9514,8325
1W9503,8326
1W9538,8327
1W9479,8328
1W9403,8329
1W9403,9656
1W9481,8331
1W9456,8332
1W9543,8333
1W9314,18648
1W9510,8334
4S9044,8330
5TG,8335
1F9164,8336
5YT,8337
4S9182,8338
4VZ,8339
4VZ,10444
4VZ,20525
4VZ,21628
4VZ,22393
4VZ,23207
4S7,8342
4S7,10466
4S7,14970
4S7,20524
4S7,22091
526,7977
4S9197,8344
1S9961,8346
4S9237,8347
1S9983,8348
5PT,8349
5PT,9602
5PT,17514
4S9008,8350
XL9363,8351
XL9486,8354
1M9951,8358
4S9011,8360
4S9011,8363
1U9117,8361
1V9640,8362
1V9172,8364
5AG,8365
1VM,8366
1V9153,8367
4S9242,8368
1V9VAS,8369
5HZ,8370
1V9151,8371
1V9201,8372
1V9150,8373
1W9163,8374
1V9159,8375
1V9159,8376
1V9159,20238
1Z9196,8377
1Z9299,8378
1Z9299,8435
1Z9471,8379
1Z9454,8380
1Z9217,8381
1Z9217,10020
538,14044
538,14046
538,14047
538,14050
538,17320
538,20359
538,20885
538,21023
538,21284
538,21286
538,23235
538,23579
538,24167
538,26049
538,27241
538,28770
LZL,8383
L8X,8384
L8X,9684
L8X,17746
4S9127,8385
4S9127,8388
5DN,8392
5DN,9655
1W9350,8393
1W9350,19023
1W9414,8394
1W9547,8395
1W9485,8396
1W9556,8397
1W9427,8400
1W9500,8401
1W9466,8402
1W9110,8403
1W9436,8404
1W9432,8406
1W9424,8407
1W9437,8408
1W9517,8409
1W9513,8410
1W9410,8411
1W9431,8412
1W9433,8413
4S9070,8390
4S9248,8391
4S9310,8399
1V9171,8415
1Z9364,8416
1Z9364,8418
1Z9358,8419
4S9098,8420
5XS,8421
5XS,9410
5XS,10066
5GV,8423
5GV,17268
1M9836,8424
1V9193,8428
1A9796,8431
1A9085,8432
1A9507,8433
5A0,8436
5A0,16469
1A9505,8437
1A9256,8438
1A9256,17035
1A9256,17037
2A9167,8441
54T,8442
54W,8445
1M8,8446
1M8,10258
1M8,12269
1M8,12644
1M8,17799
1M8,17800
1M8,19831
1M8,19893
1M8,20527
1M8,24101
1M8,26107
1M8,26854
1TU,8446
1TU,12269
1TU,14990
1TU,17642
2M9058,8446
2M9058,10258
2M9058,12269
3BM,8446
3BM,10258
3BM,12269
1W9453,8453
1W9453,8474
1W9415,8454
1W9231,8511
1W9231,10737
1W9231,19781
1W9438,8456
1W9351,8457
1W9413,8459
1W9484,8460
1W9408,17200
L08,8447
L08,21310
109021,8461
1W9012,8462
1W9462,8464
1W9480,8466
1W1,19997
1W1,20433
1W1,21821
1W1,22150
1W1,22151
1W1,22222
1W9521,8468
1W9528,8469
1W9528,22512
1W9561,8470
1W9561,19376
LLP,8449
LLP,10425
LLP,12314
LLP,15956
LLP,21460
LLP,26609
L8Y,8450
L8Y,8498
L8Y,9761
L8Y,9763
L8Y,10642
LFE,8465
LFE,10775
LFE,23346
LFE,24924
LFE,28005
1G9415,8472
LA9ZKD,8477
WV3,4293
WV3,8479
WV3,8488
WV3,8510
WV3,8513
WV3,22972
WV3,22973
54U,8481
54V,8493
1W9489,8494
1W9516,8495
1W9511,8496
1W9552,8497
1W9552,21159
1Z9267,8499
LZ9373,8500
LZS,8501
LZS,15946
LZS,17886
LZS,19955
LZS,23238
LZS,24236
LZS,24967
LZS,26016
LZS,26859
1Z9410,8504
11W,8505
1Z9388,8506
1Z9026,8507
1Z9026,16553
1W9465,8508
1R9559,8509
3F6,10455
49H,10046
49H,10055
49H,10456
49H,20889
1HD,8523
1HD,8596
1HD,8597
1HD,8598
1HD,8599
1HD,8600
1HD,8606
1HD,8607
1HD,8608
1HD,8609
1HD,8610
1HD,10805
1HD,10806
1HD,10807
1HD,10808
1HD,10809
1HD,11369
1HD,11374
1HD,11375
1HD,11376
1HD,11377
1HD,11684
1HD,11696
1HD,15223
1HD,15224
1HD,15225
1HD,15226
1HD,15227
1HD,17237
1HD,19885
1HD,20360
1HD,21104
1HD,22031
1HD,22032
1HD,22927
1HD,23786
1HD,24976
1HD,25236
1HD,25735
1HD,26349
1HD,27638
1HD,27823
1HD,28719
1A9686,8516
1A9653,8517
1A9653,15906
1A9671,8518
1A9806,8519
1A9679,8520
5MC,8528
5MC,8552
5MC,11927
1M9745,8957
3M9009,8531
1M9834,8532
1M9854,8533
1M9929,8534
1M9929,10757
1M9819,8535
1M9742,8536
560,8538
1M9902,8539
1G9449,8540
1B9721,8541
1B9584,8542
1B9584,18046
1B9843,8527
1M9784,8530
WV1,4293
WV1,8548
WV1,12989
WV1,12990
WV1,12991
WV1,22971
1A9684,8558
1A9590,8559
1A9522,8560
1A9827,8561
5N6,8562
1A9513,8564
1A9682,8565
1A9493,8566
L5C,8567
1B9RWC,8582
1B9886,8580
1B9766,8579
5F7,8576
1B9699,8575
1B9763,8574
ZBN,8569
1B9552,8612
1E9256,8572
2S2,11379
2S2,11380
2S2,11385
2S2,11386
2S2,13238
2S2,13240
2S2,13933
1A9858,8620
1A9689,8621
4XV,8623
5WT,8624
5WT,23016
1A9894,8626
1A9687,8628
1A9785,8630
LD6,8631
LD6,17326
LD6,18550
LJL,8632
LJL,9686
L43,8633
1B9541,8636
1B9668,8637
1B9565,8638
1B9542,8640
1B9931,8641
1B9942,8642
1B9528,8643
1B9887,8644
LN1,11960
LN1,12009
LN1,12011
LN1,12012
LN1,12014
LN1,12015
LN1,13651
LN1,13928
LN1,13929
LN1,13930
LN1,13932
LN1,13944
L4S,8649
L4S,12923
L4S,19784
1D9660,8650
LFF,8651
LFF,10654
LFF,14850
LFF,18637
LFF,27940
1D9574,8653
1D9652,8654
1D9575,8655
13K,8656
1D9731,8657
1D9731,19991
1D9731,21117
1D9731,21778
1A9245,8658
1D9675,8659
1K9162,8666
1B9539,8660
1B9770,8661
1B9901,8662
1B9586,8663
1B9586,11772
ZA9A12,8664
ZA9A12,8665
ZA9A12,19577
BCA,8671
1B9274,8672
1B9274,16603
1B9698,8674
1B9534,8670
5F8,8673
LEH,8675
LEH,20379
LEH,22120
1M9685,8688
1B9935,8679
5HE,8681
52F,8683
1B9756,8684
5WP,8686
1M9776,8687
1C9643,15938
4C9135,8691
4KF,8692
4KF,17740
5SR,8693
4C9174,8695
4C9174,8735
1C9986,8701
4GA,8702
4GA,15785
1C9768,8703
5B6,8705
5B6,8736
1C9997,8707
1Z9209,8689
1Z9209,18848
1C9750,8708
1C9750,18752
5LL,8709
4C9019,8710
4B9355,8690
1Z9289,8694
1Z9048,8697
Y69001,8698
5D6,8699
MD2,8714
MD2,9363
MD2,19701
MD2,24526
MD2,27825
1C9844,8722
1C9910,8723
1C9915,8724
1C9658,8725
1C9762,8726
1C9762,8728
1C9762,11823
1C9762,18715
1C9762,19826
1C9769,8729
4VN,8731
4C9248,8734
4MF,8749
4MF,16891
4MF,28470
1C9911,8748
1C9992,8747
1C9924,8746
1C9775,8742
1C9775,16165
4C9009,8754
2C0,8721
2C0,8756
2C0,15277
1C9913,8758
1C9913,8759
1C9913,8760
1C9913,13300
1C9913,20475
1C9913,20899
1C9913,21546
1C9930,8761
5DS,8762
1C9988,8763
4C9059,8766
4C9439,8767
LFY,8768
LFY,26199
5D7,8769
5EF,8770
5EF,11543
5EF,20993
5EF,24613
LFG,8771
LFG,10458
LFG,10459
LFG,10460
LFG,22885
LFG,24348
LFG,25964
LFG,28314
1L9287,8772
1C9577,8783
LKX,8788
LKX,21613
LKX,26339
1Z9391,8790
1Z9233,8791
1Z9254,8792
4WN,8793
1H9547,8794
1H9538,8825
1H9500,8797
1H9634,8799
1H9528,8800
1G9401,8801
4Z1,8803
1G9411,8804
1G9411,18584
1D9543,8796
1D9233,8802
1D9233,16372
1D9540,8807
1D9412,8809
1D9503,8814
1D9633,8815
1D9209,8817
1D9645,8818
1D9499,8819
1D9539,8820
1D9389,8821
1D9513,8822
1E9242,8859
1E9253,8858
1E9413,8861
1E9459,8862
1E9280,8863
5EH,8864
1X9008,9672
1E9410,8866
1E9442,8870
1F9200,8871
1F9334,8872
1D9480,8889
1F9375,8896
1F9199,8897
2FH,8898
1F9329,8899
2F9073,8900
159001,8901
159001,8902
1C9969,8884
1D9541,8890
1D9393,8891
1E9272,8892
1E9363,8893
LZX,8894
1E9254,8895
4L4,8904
4S9142,8903
1G9385,8910
1G9009,8909
5L0,8907
1G9324,8906
1C9959,8912
LJR,8913
1C9987,8915
1C9889,8916
L1P,8917
1C9946,8918
1C9759,8919
1C9780,8920
1E9429,8921
1E9260,8922
1E9337,8923
1E9497,8924
1E9230,8925
1E9230,15804
1E9258,8926
1E9507,8927
1E9252,8929
1G9345,8943
1W9395,8942
1G9262,8941
1F9285,8940
1F9211,8939
LJ5,8938
2DN,8954
5MB,8948
1G9323,8949
1G9359,8950
3E9003,8951
1E9276,8952
1E9463,8953
5LY,8958
5LY,9093
1B9511,8959
1B9511,18973
1C9718,8968
1C9778,8969
1H9485,8970
1H9428,8971
1H9522,8972
1H9467,8973
1H9579,8974
1H9366,8975
1H9332,8976
1H9474,8977
2PC,22863
2PC,22866
2PC,22867
2PC,25033
2PC,25034
1H9450,8985
1H9466,8986
1H9112,8987
1C9973,8988
1C9993,8989
1H9359,8990
1H9368,8992
1C9032,8993
1C9032,11814
1C9032,19363
1H9491,8994
1H9449,8997
1H9532,8998
5RD,9001
1B9870,9006
1W9460,8405
1F9344,9005
1GH,8996
1GH,8999
1GH,9014
1GH,9081
1GH,9090
1GH,9091
1GH,9127
1GH,9142
1GH,9143
1GH,9163
1GH,9179
1GH,9181
1GH,9195
1GH,9197
1GH,9204
1GH,9249
1GH,9250
1GH,9251
1GH,9252
1GH,9264
1GH,9286
1GH,9288
1GH,9289
1GH,9290
1GH,9292
1GH,9309
1GH,9311
1GH,9312
1GH,9313
1GH,9321
1GH,9357
1GH,9360
1GH,9368
1GH,9377
1GH,9380
1GH,9397
1GH,9399
1GH,9401
1GH,9402
1GH,9405
1GH,9731
1GH,9733
1GH,9734
1GH,9735
1GH,9737
1GH,10970
1GH,11006
1GH,11057
1GH,11078
1GH,11105
1GH,11150
1GH,11171
1GH,11174
1GH,11179
1GH,11201
1GH,11209
1GH,11237
1GH,11246
1GH,11268
1GH,11280
1GH,13471
1GH,13477
1GH,13480
1GH,13482
1GH,13484
1GH,13486
1GH,13489
1GH,13575
1GH,13577
1GH,13578
1GH,13579
1GH,13580
1GH,13584
1GH,13655
1GH,13657
1GH,13658
1GH,13659
1GH,13660
1GH,13663
1GH,13716
1GH,13718
1GH,13719
1GH,13720
1GH,13721
1GH,13724
1GH,13785
1GH,13787
1GH,13788
1GH,13789
1GH,13790
1GH,20355
1GH,20878
1GH,21706
4G3,9016
4G3,9047
4G3,9057
4G3,9065
4G3,9080
4G3,9148
4G3,9155
4G3,9162
4G3,9205
4G3,9212
4G3,9214
4G3,9238
4G3,9240
4G3,9247
4G3,9276
4G3,9277
4G3,9285
4G3,9298
4G3,9300
4G3,9308
4G3,9335
4G3,24012
4G3,24014
4G3,24016
4G3,24017
4G3,24018
4G3,24020
4G3,24021
4G3,24023
1H9470,9019
1H9504,9020
1H9488,9021
1H9349,9022
1H9194,9023
1H9194,16604
KM1,15423
1Z9307,9025
1W9544,9026
1W9477,9027
1W9425,9028
1W9495,9029
582,9030
4MV,9031
4MV,9032
4MV,17845
1W9520,9033
1A9270,16684
1A9270,22566
1G3,9018
1G3,9038
1G3,9045
1G3,9047
1G3,9057
1G3,9067
1G3,9080
1G3,9104
1G3,9114
1G3,9119
1G3,9148
1G3,9157
1G3,9162
1G3,9205
1G3,9210
1G3,9214
1G3,9238
1G3,9242
1G3,9246
1G3,9247
1G3,9276
1G3,9279
1G3,9283
1G3,9285
1G3,9298
1G3,9302
1G3,9307
1G3,9308
1G3,9332
1G3,9338
1G3,9345
1G3,9347
1G3,9388
1G3,9392
1G3,9395
1G3,9396
1G3,9713
1G3,9724
1G3,9728
1G3,9729
1G3,12827
1G3,12829
1G3,12832
1G3,12851
1G3,12976
1G3,12999
1G3,13017
1G3,13201
1G3,13249
1G3,13255
1G3,13360
1G3,13372
1G3,13432
1G3,13437
1G3,13438
1G3,13447
1G3,13474
1G3,13507
1G3,13559
1G3,13570
1G3,13571
1G3,13768
1G3,13837
1G3,13893
1G3,13902
1G3,18276
1G3,18323
1G3,18527
1G3,18542
1G3,18543
1G3,20112
1G3,20114
1G3,20115
2G3,9018
2G3,9038
2G3,9045
2G3,9046
2G3,9060
2G3,9067
2G3,9080
2G3,9106
2G3,9114
2G3,9119
2G3,9150
2G3,9157
2G3,9162
2G3,9205
2G3,9210
2G3,9213
2G3,9239
2G3,9242
2G3,9246
2G3,9247
2G3,9275
2G3,9279
2G3,9283
2G3,9285
2G3,9299
2G3,9302
2G3,9307
2G3,9308
2G3,9334
2G3,9338
2G3,9345
2G3,9347
2G3,9389
2G3,9392
2G3,9395
2G3,9396
2G3,9717
2G3,9724
2G3,9728
2G3,9729
2G3,12827
2G3,12832
2G3,12851
2G3,12976
2G3,12999
2G3,13017
2G3,13201
2G3,13249
2G3,13255
2G3,13360
2G3,13372
2G3,13432
2G3,13437
2G3,13438
2G3,13447
2G3,13474
2G3,13507
2G3,13559
2G3,13570
2G3,13571
2G3,13768
2G3,13837
2G3,13893
2G3,13902
2G3,18263
2G3,18276
2G3,18323
2G3,18527
2G3,18542
2G3,18543
2G3,20112
2G3,20114
2G3,20115
1J9301,9040
1J9303,9039
1Z9246,9051
1Z9141,9052
5L6,9054
5L6,18608
1Z9272,9055
1Z9273,9056
420,9058
1J9291,17738
1J9234,9059
1J9385,9154
1J9394,9062
LXA,9063
LXA,10705
LXA,20310
LXA,24342
4C9309,9050
4C9374,9049
4C9343,9048
4C9343,10390
4G1,9057
4G1,9065
4G1,9080
4G1,9104
4G1,9111
4G1,9119
4G1,9148
4G1,9155
4G1,9162
4G1,9205
4G1,9212
4G1,9214
4G1,9238
4G1,9240
4G1,9247
4G1,9276
4G1,9277
4G1,9285
4G1,9298
4G1,9300
4G1,9308
4G1,9332
4G1,9335
4G1,9347
4G1,9388
4G1,9390
4G1,9396
4G1,9713
4G1,9719
4G1,12832
4G1,12999
4G1,13249
4G1,13360
4G1,13437
4G1,18256
4G1,18264
4G1,18266
4G1,18269
4G1,18323
4G1,18330
4G1,18332
4G1,18349
4G1,18350
4G1,24014
4G1,24015
4G1,24016
4G1,24017
4G1,24018
4G1,24020
4G1,24021
4G1,24023
4G1,24024
4G1,24025
4G1,24027
4G2,9057
4G2,9066
4G2,9071
4G2,9080
4G2,9104
4G2,9113
4G2,9119
4G2,9148
4G2,9156
4G2,9162
4G2,9205
4G2,9211
4G2,9214
4G2,9238
4G2,9241
4G2,9247
4G2,9276
4G2,9278
4G2,9285
4G2,9298
4G2,9301
4G2,9308
4G2,9332
4G2,9336
4G2,9347
4G2,9388
4G2,9391
4G2,9396
4G2,17940
4G2,17941
4G2,17942
4G2,17943
4G2,17944
4G2,17945
4G2,17946
4G2,17947
1F9000,9072
1Z9133,9073
1Z9140,9074
1Z9140,17597
1Z9295,9076
1Z9222,9077
5PD,9078
1T9AAA,14245
1J9273,9094
1J9101,9096
1J9101,16796
1J9311,9097
1J9327,9099
1J9270,9100
2J9038,9101
1K9251,9103
1K9298,9102
1C9980,9105
1C9772,9107
1C9772,20434
1K9189,9108
1P9412,9109
1P9405,9110
1P9213,9112
1P9213,11952
1P9213,17538
2H9092,9121
1M5,9122
5AJ,9123
1M9611,9124
1M9495,9125
1K9009,9130
4S9068,9131
1K9253,9135
1K9190,9137
1K9194,9140
1K9188,9133
1P9369,9146
1P9645,9147
TCP,9149
TCP,18749
1P9090,9151
1P9612,9152
1E9426,9153
1M9019,9172
SA9159,9173
1M9517,9174
1M9692,9175
1M9507,9176
4LY,9177
4LY,21180
4LY,21181
1M9658,9178
1L9392,9191
1L9249,9190
1L9417,9188
1K9254,9187
1K9254,17197
1K9236,9186
1K9236,17754
1K9226,9183
1P9411,9193
1M9518,9215
1M9525,9216
1M9893,9217
1M9500,9218
1M9500,17270
1M9500,17815
1M9500,17990
5M3,9219
1M9743,9220
2M9137,9224
1P9549,9225
1P9480,9226
1P9523,9227
1L9332,9235
1L9435,9234
5G0,9233
1L9361,9236
1L9272,9232
1L9275,9231
1L9362,9230
5D3,9228
1Z9119,9229
1M9504,9255
1M9483,9257
1M9804,9258
1M9512,9259
1M9512,18931
1N9263,9260
1N9263,20643
1N9282,9261
1N9173,9262
1L9411,9266
4P7,9267
1L9273,9268
1M9513,9269
1M9798,9270
1P9539,9297
L3Y,9314
1N9259,9315
1N9274,9316
1N9284,9317
4ZL,9318
512,9364
1R9533,9362
1R9539,9367
1R9535,9359
1R9535,20811
1R9333,9365
1R9579,9361
1P9528,9328
1P9530,9329
5BN,9330
1P9407,9331
1P9542,9333
JG1,9334
JG1,9335
JG1,9347
JG1,9389
JG1,9390
JG1,9396
JG1,9717
JG1,9719
JG1,12832
JG1,12838
JG1,12868
JG1,12999
JG1,13249
JG1,13360
JG1,13437
JG1,13441
JG1,13449
JG1,13525
JG1,13635
JG1,18256
JG1,18264
JG1,18266
JG1,18274
JG1,18323
JG1,18330
JG1,18350
JG1,18381
JG1,24023
JG1,24024
JG1,24025
JG1,24027
JG2,9334
JG2,9336
JG2,9347
JG2,9358
JG2,9389
JG2,9391
JG2,9396
JG2,9717
JG2,9721
JG2,9729
JG2,12832
JG2,12844
JG2,12868
JG2,12999
JG2,13009
JG2,13192
JG2,13249
JG2,13310
JG2,13360
JG2,13407
JG2,13437
JG2,13445
JG2,13466
JG2,13535
JG2,13640
JG2,17946
JG2,17947
JG2,18276
JG2,18283
JG2,18293
JG2,18296
JG2,18299
JG2,18320
JG2,18321
JG2,18322
JG2,18323
JG2,18483
1G9346,9348
1N9220,9349
1N9163,9352
1N9163,15686
1F9109,9353
1Z9236,9354
1Z9130,9371
1Z9136,9372
1P9110,9373
1P9470,9374
1S9942,9375
1S9719,9376
JGC,9358
JGC,9360
JGC,9368
JGC,9377
JGC,9380
JGC,9398
JGC,9399
JGC,9401
JGC,9402
JGC,9405
JGC,13717
JGC,13718
JGC,13719
JGC,13720
JGC,13721
JGC,13722
JGC,13786
JGC,13787
JGC,13788
JGC,13789
JGC,13790
JGC,13791
JGC,13847
JGC,13848
JGC,13850
JGC,13851
JGC,13852
JGC,13958
JGC,13959
JGC,13960
JGC,13961
JGC,13962
JGC,14077
JGC,14078
JGC,14079
JGC,14080
JGC,14133
JGC,14150
JGC,14151
JGC,14152
JGC,14153
JGC,14192
JGC,14773
JGC,14774
JGC,14775
JGC,14776
JGC,14812
JGC,14876
JGC,14932
JGC,14998
JGT,9358
JGT,9360
JGT,9368
JGT,9377
JGT,9380
JGT,9398
JGT,9399
JGT,9401
JGT,9402
JGT,9405
JGT,13717
JGT,13718
JGT,13719
JGT,13720
JGT,13721
JGT,13780
JGT,13786
JGT,13787
JGT,13788
JGT,13789
JGT,13790
JGT,13833
JGT,13847
JGT,13848
JGT,13850
JGT,13851
JGT,13852
JGT,13958
JGT,13959
JGT,13960
JGT,13961
JGT,13962
JGT,14077
JGT,14078
JGT,14079
JGT,14080
JGT,14133
JGT,14150
JGT,14151
JGT,14152
JGT,14153
JGT,14192
JGT,14773
JGT,14774
JGT,14775
JGT,14776
JGT,14812
JGT,14876
JGT,14932
JGT,14998
J8C,9358
J8C,9398
J8T,9358
J8T,9398
1R9540,9383
1R9526,9384
1S9478,9407
1S9813,9408
1S9950,9411
1S9303,9412
1S9721,9413
13S,22663
1S4,9415
1R9361,9420
534,9421
4SL,10265
4SL,10266
4SL,10267
4S9216,9425
1F9048,9427
1F9048,18389
1S9861,9428
4S9039,9429
1S9943,9431
1S9893,9440
5X0,9435
1R9389,9436
1R9613,9437
5K6,9441
2RD,9442
1R9396,9443
11R,9444
5P8,9445
1S9723,9446
1T9847,9447
1R9670,9449
1T9880,9456
1T9700,9457
1T9789,9458
1T9835,9459
1T9583,9460
5H3,9461
1T9695,9462
1T9617,9463
LXK,9756
LXK,9758
1S9870,9470
1S9870,20975
4S9205,9471
4S9131,9472
1S9SC8,9473
1S9996,9474
1F9948,9764
5H0,9482
1C9990,9483
1T9622,9484
1T9623,9485
1T9578,9489
14Y,9490
14Y,14875
14Y,19683
1T9785,9491
1R9581,9492
5DT,9493
W09T45,9495
4S9173,9525
1B9748,9527
1S9952,9527
1HU,9547
459034,9553
4S9187,9558
1S9623,9557
1S9623,15415
5NY,9568
5NY,20935
2S9123,9569
1S9907,9570
5EC,9571
5EC,11999
1S9188,9597
5BP,9599
1S9727,9600
1T9582,9615
5DL,9616
5DL,17242
1T9580,9619
1T9976,9620
1T9626,9623
1T9631,9622
1T9841,9640
1U9095,9641
1U9136,9642
1U9073,9632
1U9123,9633
1U9069,9631
1V9069,9630
1V9090,9644
1V9090,20715
1V9097,9646
1V9134,9645
5BU,9643
1VR,10056
1VR,14929
1VR,14968
1VR,17383
1VR,18133
1VR,23798
1V9175,9648
1V9175,18690
1V9137,9649
1V9038,9650
5PR,9653
1W9458,9652
1W9WS7,9651
1W9321,9657
LW0,9658
1W9404,9659
1W9393,9661
1W9323,9662
5R4,9671
L6M,9670
L6M,9947
1W9303,9669
1W9398,9668
1W9482,9667
1W9439,9666
1W9271,9665
1W9077,9664
1X9009,9676
1X9009,18082
LT1,9675
1Y9018,9674
19D,16260
1SD,16260
1SH,16228
1SH,16260
1SH,16722
1SJ,16260
1SL,16230
1SL,16257
1SL,16260
1SN,16232
1SN,16243
1SN,16260
1SY,16234
1SY,16258
1SY,16260
49E,16260
4BV,16235
4BV,16260
4BV,16718
4N6,16260
4SW,16239
4SW,16260
5JJ,16260
5JK,16260
5KH,16260
2JA,9691
1C9227,9693
4C9131,9694
2M9116,9695
2M9116,11813
1P9550,9696
1T9944,9707
1T9998,9706
1T9998,18672
1T9621,9705
1T9614,9704
54H,9703
1T9615,9702
1T9920,9711
5P4,9715
5P4,9720
1P9616,9714
1C9754,9712
3G3,9717
3G3,9724
3G3,9728
3G3,9729
3G3,12827
3G3,12832
3G3,12851
3G3,12868
3G3,12976
3G3,12999
3G3,13017
3G3,13201
3G3,13249
3G3,13255
3G3,13360
3G3,13372
3G3,13432
3G3,13437
3G3,13438
3G3,13447
3G3,13474
3G3,13507
3G3,13559
3G3,13570
3G3,13571
3G3,13768
3G3,13837
3G3,13893
3G3,13902
3G3,18276
3G3,18323
3G3,18527
3G3,18542
3G3,18543
LAN,9743
LAN,12219
LAN,20985
5ZA,9744
1U9115,9745
JK1,11778
JK1,11783
JK1,11797
JK1,11801
JK1,11802
JK1,11803
JK1,11804
JK1,11812
JK1,11819
JK1,11827
JK1,11840
JK1,11844
JK1,11849
JK1,11862
JK1,11865
JK1,11868
JK1,11869
JK1,11870
JK1,11872
JK1,11874
JK1,11879
JK1,11880
JK1,11905
JK1,11908
JK1,11912
JK1,11917
JK1,14498
JK1,14502
JK1,18052
JK1,18053
JK1,18054
JK1,24422
JK1,24425
JK1,24428
JK1,24429
JK1,24432
JK1,25016
JK1,26318
JK1,27431
JK1,27766
JK1,28849
JK1,28850
JK1,28851
5AD,9768
L5T,9769
4VA,9828
4VB,9828
4VC,12686
4VD,12687
4VE,12687
4VG,12688
4VH,12688
4VL,12690
4VL,16716
4VM,12690
1T9232,9832
4V1,9836
4V1,9854
4V1,9858
4V1,9862
4V1,12676
4V1,12695
4V1,12710
4V1,19972
4V1,19973
4V1,19974
4V2,9836
4V2,9854
4V2,9858
4V2,9862
4V2,12676
4V2,12695
4V2,12710
4V2,19972
4V2,19973
4V2,19974
1H9675,7013
1H9675,10004
SA9141,9930
1W9440,9931
1W9553,9932
L5Z,9941
1W9539,9942
1W9448,9933
1W9342,9934
1W9342,18284
1W9342,18365
5VU,9944
5VU,20585
1W9467,9936
1X9019,9937
LA9XWS,9938
LXM,9939
R12,9940
1X9020,9958
5ZZ,9959
5ZZ,20165
1X9026,9960
1Y9020,9961
510,9962
LA9YHD,9963
1HC,9954
1HC,9972
1HC,15436
1HC,15440
1HC,15446
1HC,21149
1HC,21179
1Y9036,9965
1Y9036,15853
1Y9029,9966
1Y9034,9967
LA9JRR,9964
1Y9024,9974
1Y9024,9975
1Z9354,9976
1Z9336,9977
2WL,10015
2WL,25345
2WL,25346
2WL,25367
2WL,25371
2WK,10015
2WK,25345
2WK,25346
2WK,25367
2WK,25371
2WM,10015
2WM,25345
2WM,25346
2WM,25367
2WM,25371
4C9334,10022
1M9461,10023
1M9461,11529
1M9461,17581
1M9461,18215
1M9461,20668
1T9639,10024
16M,10025
16M,16237
1UJ,10026
1UJ,23355
1UJ,24230
1UJ,25462
1UJ,26992
1UJ,28216
1C9971,10038
1C9971,27980
1E9396,10040
1U9103,10039
1U9103,18277
1M9799,10043
2FU,10046
2FU,10050
2FU,10226
2FU,10626
2FU,10630
2FU,15111
2FV,10046
2FV,10050
2FV,10226
2FV,10626
2FV,10630
2FV,15111
3FF,10046
3FF,10050
3FF,10226
3FF,10626
3FF,10630
3FF,15111
AFV,10046
AFV,10050
AFV,10626
AFV,10630
KFB,10046
KFB,10050
KFB,10626
KFB,10630
RSA,10046
RSA,10050
RSA,10626
RSA,10630
RSB,10046
RSB,10050
RSB,10626
RSB,10630
480,10046
480,10055
480,10456
480,20889
1W9568,10047
1W9568,18928
5XD,10048
1H9499,10059
1D9756,10060
1R9789,10063
1J9435,10062
4C9379,10061
1G9507,10080
1F9368,10079
1F9441,10078
LL0,10092
LL0,20915
LL0,24485
1H9678,10076
4B9085,10075
3R9173,10074
3R9173,24192
1L9533,10073
4C9358,10072
4C9358,20092
4C9358,21607
1Z9483,10071
JHC,10083
JHC,10084
JHC,11687
JH8,10083
JH8,10084
JH8,11687
1L9364,10089
389006,10088
1WV,10093
4B9038,10105
4B9038,20511
4B9038,21680
4B9038,26169
ADC,10104
4B9083,10103
1N9347,10102
1H9679,10101
ZNN,10100
ZNN,19714
ZNN,21603
ZNN,22918
ZNN,24756
ZNN,25134
1V9206,10099
1Z9490,10098
1Z9490,11491
1Z9490,21115
1T9450,10096
1K9351,12587
1K9351,16867
1K9351,19747
4R8,10106
ZHK,10110
1M9988,10109
1P9002,10107
1M9999,10113
4C9396,10111
1G9493,10118
1C9873,10124
1C9873,11807
3EB,10125
1V9207,10122
1W9575,10121
4A9007,10120
1L9281,10155
4S9390,10154
4S9390,20710
4M9008,10153
4M9008,27273
1N9338,10152
1Z9502,10151
1G9512,10150
1V9210,10149
1P9759,10148
1P9759,11681
1J9439,10165
1Z9488,10164
59X,10163
1W9570,10162
4T9168,10158
4T9168,24203
4T9168,24204
4T9168,25836
4T9168,28547
4T9184,10157
50H,10160
50H,20779
50F,10161
1W9157,19892
4S9395,10172
1A9998,10171
1R9800,10170
1Z9499,10169
1Z9499,23768
4S9379,10185
1G9510,10184
4A9008,10192
4A9008,11565
4T9191,10193
4C9404,10195
4B9079,10196
4C9409,10194
4T9197,10198
59U,10199
59U,18327
1C9540,10201
1A9087,10205
1A9087,11718
1F9447,10217
1F9440,10216
1E9574,10215
1A9999,10214
4S9393,10213
1N9348,10212
1P9750,10211
1P9750,28552
1A9902,10210
1R9799,10209
1RW,10219
1RW,10283
505,10224
4C9394,10223
1H9680,10225
1F9452,10222
1V9145,10221
4M9011,10220
SCB,10228
SCB,10255
SCB,10273
SCB,11900
SCB,11904
SCB,11931
SCB,11954
SCB,11989
SCB,12023
SCB,12110
SCB,12122
SCB,12129
SCB,12130
SCB,12414
SCB,12520
SCB,12522
SCB,12523
SCB,12942
SCB,12943
SCB,14005
SCB,21731
SCB,21744
SCB,21963
SCB,21964
SCB,21965
SCB,21968
SCB,21969
SCB,21970
SCB,21971
SCB,21972
SCB,21973
SCB,21974
SCB,21982
SCB,21984
SCB,21985
SCB,21986
SCB,22012
SCB,22014
SCB,22425
SCB,22426
SCB,23496
SCB,23498
SCB,23589
SCB,23590
SCB,23594
SCB,23988
SCB,24812
SCB,24814
SCB,24815
SCB,24816
SCB,24817
SCB,24819
SCB,24820
SCB,26266
SCB,26267
SCB,26268
SCB,26269
SCB,26270
SCB,26271
SCB,26792
SCB,26793
SCB,26794
SCB,26795
SCB,27716
SCB,27718
SCB,27719
SCB,28489
SCB,28490
SCB,28491
SCB,28501
SCB,28502
SCB,28503
SCB,28504
SCB,28505
SCB,28570
1V9202,10227
1R9801,10229
502,10231
4B9090,10232
4B9090,11517
1D9765,10233
4C9406,10234
1P9756,10237
1W9569,10236
1W9569,11550
1E9568,10239
4B9088,10238
4B9066,10247
1Z9495,10249
1D9770,10245
1W9564,19723
1W9564,19725
1E9333,10251
VL4,10268
LK8,10269
LK8,23539
LK8,25990
1V9208,10264
4T9169,10263
1U9081,10262
1R9773,10261
1W9565,10260
L6F,10259
1P9754,10257
1K9357,10256
1C9998,10270
1N9242,10271
1R9462,10272
1Y9037,10277
1G9509,10281
L0X,10278
1N9345,10274
1T9717,10276
1T9717,10280
4M7,10284
4M7,19364
4C9398,10291
1L9538,10290
1L9538,20807
1H9673,10289
1L9512,10288
1L9512,22026
1L9541,10287
1R9798,10286
1F9445,10285
4B9020,10306
1A9994,10305
59L,10301
58D,10300
58D,17937
1Z9493,10299
1Z9493,11748
1A9971,10298
4A9003,10297
1A9991,10296
4B9082,10333
1E9572,10332
1E9572,20041
1E9572,27674
1A9997,10329
1E9570,10328
4B9084,10324
4T9183,10322
4S9360,10320
1E9569,10319
4T9173,10316
3R9038,23581
2S9134,10351
1K9354,10345
1W9542,10346
4M9003,10341
1D9772,10343
1P9704,10349
1P9704,20270
1W9523,10338
1R9804,10340
1R9804,23007
4B9100,10368
1G9508,10369
4B9097,10370
50P,10371
4C9410,10374
4M9006,10373
1E9577,10372
1L9547,10366
1Z9503,10365
1Z9503,19940
4B9098,10364
4B9098,12628
1T9894,10363
1G9141,10362
1G9141,16697
4B9101,10360
1L9548,10359
4A9010,10358
4A9012,10378
1L9546,10379
4S9377,10380
4T9190,10381
50V,10656
4T9178,10386
1M9995,10387
1J9442,10388
1H9672,10391
2J9057,10397
1L9540,10396
1F9449,10395
1G9015,10394
1G9015,20723
1Z9479,10393
4S9394,10392
4S9394,23161
50L,10399
4M9005,10405
1J9438,10404
1H9686,10403
1L9539,10402
1P9736,10401
LXY,10410
LXY,18633
LXY,20356
4C9397,10412
4B9092,10411
50Y,21317
SJJ,10424
1F9448,10416
50M,10419
50M,27124
58C,10431
1D9591,10430
4C9357,10429
1M9990,10428
1M9994,10426
4M9010,10433
50G,10441
50G,12257
50G,20353
50G,21213
50G,22227
50G,23484
50G,27126
9C2,3507
9C2,3680
9C2,3992
9C2,4005
9C2,11429
9C2,11455
9C2,11476
9C2,11495
9C2,11512
9C2,11534
9C2,11608
9C2,11649
9C2,11656
9C2,11670
9C2,11671
9C2,11675
9C2,11680
9C2,11683
9C2,11694
9C2,11701
9C2,11704
9C2,11705
9C2,11713
9C2,11716
9C2,11723
9C2,11760
9C2,12155
9C2,14201
9C2,14202
9C2,14204
9C2,14207
9C2,14209
9C2,21196
9C2,22132
9C2,22155
9C2,22376
9C2,23850
9C2,24384
9C2,24388
9C2,25021
9C2,25344
9C2,26749
9C2,27000
1L9550,10446
1A9652,10447
1N9013,10452
1N9013,10574
1N9013,10575
1N9013,10576
1N9013,10577
1N9013,10578
1N9013,10579
3SD,10456
1A9329,10461
7F7,10497
7F7,21493
7F7,25119
1R9450,21107
1R9450,24581
1R9450,24584
LYV,3277
LYV,10518
LYV,12461
LYV,15222
LYV,18512
LYV,22588
LYV,22591
LYV,22606
LYV,23070
LYV,24164
LYV,25597
LYV,27066
LYV,27067
LYV,27072
LYV,27074
LYV,27077
LYV,27080
LYV,27083
LYV,27086
LYV,27089
4XA,10520
4XA,10569
4XA,10571
4XA,22811
4XA,23027
4XA,23028
4XA,23029
4XA,23030
4XA,23031
4XA,23033
4XA,23034
4XA,23047
4XA,24468
4XA,25291
4XA,25294
4XA,25295
4XA,25300
4XA,25302
4XA,25303
4XA,28540
ABT,10523
1M9682,10531
1M9682,17890
JY4,11421
JY4,11428
JY4,11437
JY4,11450
JY4,11461
JY4,11477
JY4,11479
JY4,11498
JY4,11524
JY4,11528
JY4,11531
JY4,11533
JY4,11547
JY4,11551
JY4,11810
JY4,11811
JY4,11815
JY4,11839
JY4,11921
JY4,14085
5Y4,11421
5Y4,11428
5Y4,11437
5Y4,11450
5Y4,11461
5Y4,11477
5Y4,11479
5Y4,11498
5Y4,11524
5Y4,11528
5Y4,11531
5Y4,11533
5Y4,11547
5Y4,11551
5Y4,11810
5Y4,11811
5Y4,11815
5Y4,11836
5Y4,11838
5Y4,11839
5Y4,11921
5Y4,12197
5Y4,14083
5Y4,21516
5Y4,24358
5Y4,24359
5Y4,24360
5Y4,24361
5Y4,24848
5Y4,25023
5Y4,27506
5Y4,28257
WF0,10600
WF0,12410
WF0,15971
1E9579,10613
1G9495,10616
ZA9F76,10623
ZA9F76,18583
ZA9F76,28684
50X,10629
4S9397,10631
1C9947,10634
5FT,10633
1D9523,10635
4T9207,10636
1N9226,10638
LVE,4757
4M9016,10639
42K,10640
42K,19867
42K,19930
4S9148,10641
4B9104,10645
1P9641,10652
1K9353,10646
1K9353,22891
1K9353,23410
1K9353,24493
1K9353,26499
1K9352,10647
1A9574,10648
1Z9418,10649
1P9764,10653
4S9290,10657
1A9618,10659
4M9015,10660
1G9511,10661
1A9605,10662
1H9687,10663
1H9681,10665
1A9617,10666
1F9455,10667
4M9012,10668
2S9135,10670
1A9593,10671
1A9614,10672
1A9614,11598
139003,10673
1T9604,10674
1T9627,10675
1Z9486,10683
4T9176,10684
2T9196,10685
2T9196,12617
7FB,10687
4S9400,10688
4C9417,10691
57E,10693
1P9765,10695
7F8,10696
1P9766,10697
1J9441,10698
1H9689,10700
4T9211,10701
4A9015,10703
13T,5333
19T,5333
16F,5333
19F,5333
1A9640,10021
4B9103,10710
7F2,10712
1E9578,10713
4T9205,10717
4C9411,10718
50B,10719
2H9097,10720
4T9206,10721
4T9203,10722
4T9196,10724
1F9456,10725
L1T,10726
L1T,16915
1H9688,10729
1M9966,10731
1W9576,10732
4T9198,10714
1P9763,10736
KLM,10738
1JJ,10739
1JJ,18561
1JJ,18563
1JJ,18564
1JJ,24907
1JJ,24991
1JJ,27278
WKK,10740
WKK,22202
1G9515,10741
4T9204,10742
4M9018,10744
50S,10745
50S,16070
1R9792,10746
4A9014,10748
4M9017,10749
4M9017,28832
4M9027,10778
3BJ,25073
3BJ,25346
3BJ,25367
1R9788,10784
3E1,10792
3E1,16593
3E1,17973
3E1,18709
3E1,25004
1BN,10794
5HD,8523
5HD,8596
5HD,8597
5HD,8598
5HD,8599
5HD,8600
5HD,8606
5HD,8607
5HD,8608
5HD,8609
5HD,8610
5HD,10805
5HD,10806
5HD,10807
5HD,10808
5HD,10809
5HD,11369
5HD,11684
5HD,11696
5HD,17237
5HD,20360
5HD,21104
5HD,22927
5HD,23786
5HD,24976
5HD,25236
5HD,26349
932,8596
932,8597
932,8598
932,8599
932,8600
932,8606
932,8607
932,10805
932,10806
932,10807
932,10808
932,10809
4M9020,10810
LRB,10833
LRB,10868
LRB,15113
LRB,20197
LRB,20198
LRB,20854
LRB,22209
LRB,22686
LRB,24074
LRB,25380
LRB,26878
LRB,27685
SAD,10856
SAD,15205
SAD,18521
SAD,20049
SAD,20177
SAD,20255
SAD,20711
SAD,21041
SAD,21129
SAD,21858
SAD,22194
SAD,22195
SAD,22969
SAD,23171
SAD,23576
SAD,24030
SAD,24137
SAD,24291
SAD,25047
SAD,25051
SAD,25250
SAD,26552
SAD,27650
ZN6,10880
ZN6,16055
ZN6,20832
ZN6,21036
ZN6,21879
ZN6,23254
ZN6,24395
ZN6,24396
ZN6,25579
ZN6,25719
ZN6,27829
SJA,10886
SJA,14371
SJA,18822
SJA,21728
SJA,21729
SJA,21730
SJA,21902
SJA,21904
SJA,22612
SJA,23591
SJA,23593
SJA,24818
SJA,24821
SJA,24822
SJA,25159
SJA,26298
SJA,26299
SJA,26300
SJA,27496
SJA,27497
SJA,27498
SJA,28626
SJA,28627
SJA,28628
SJA,28629
HDR,8599
JC1,10918
JC1,12500
JC1,12501
JC1,12869
JC1,12870
JC1,12893
JC1,13931
JC1,13943
JC1,13955
JC1,14007
JC1,15608
JC1,19467
JC1,21025
4B9112,10922
8BT,10926
8BT,12541
8BT,18206
8BT,20611
8BR,10931
8BR,12546
8BR,18205
8BR,20610
8BU,10933
8BU,12550
8BU,18202
8BU,20609
8BN,10936
8BN,18199
8BN,20608
AA9KY1,10968
AA9KY1,20781
ZFJ,10995
4C9430,11043
58A,11053
58A,16676
58A,20147
58A,20843
58A,22311
58A,23957
58A,24662
58A,26694
58A,27954
3H3,11056
3H3,21824
3H3,21885
4NS,8996
4NS,8999
4NS,9014
4NS,11280
1Z9521,11360
W06,9161
W06,9162
W06,9205
W06,9206
W06,9246
W06,9247
W06,9283
W06,9285
W06,9307
W06,9308
W06,11370
JH3,11387
JH3,11395
JH3,11396
JH3,11397
JH3,11399
JH3,11656
JH3,11670
JH3,11675
JH3,11680
JH3,11683
JH3,11694
JH3,11701
JH3,11704
JH3,11705
JH3,11713
JH3,11716
JH3,11723
478,11387
478,11395
478,11396
478,11397
478,11399
478,11656
478,11670
478,11675
478,11680
478,11683
478,11694
478,11701
478,11704
478,11705
478,11713
478,11716
478,11723
JF4,11405
JS4,8647
JS4,11415
JS4,13937
1Z9496,11423
4C9424,11431
4B9115,11433
1F9054,11434
1F9054,19524
1N9361,11436
1F9468,11439
1F9465,11440
1L9317,11441
1L9317,11924
1L9317,20670
1W9579,11442
1W9579,11588
VTD,3507
VTD,11429
VTD,11455
VTD,11476
VTD,11671
VTD,12155
VTD,21196
VTD,22132
VTD,22155
VTD,24384
1D9441,11445
1D9441,18245
4C9422,11446
1D9778,11447
1D9778,15228
1D9776,11448
1W9586,11451
4C9431,11452
7FK,11453
1A9995,11457
50W,11458
50W,11569
4B9111,11459
1D9775,11462
4M9009,11463
1R9805,11464
4T9213,11465
4T9213,20492
4TC,11466
1P9747,11467
1P9747,23531
58E,11468
58E,28560
1R9814,11469
LPK,11470
LPK,18190
4B9113,11471
4B9113,20510
1W9583,11472
1W9583,20481
1J9447,11475
4T9223,11481
4S9409,11482
1F9467,11484
4HA,11485
4HA,18678
4HA,23068
1K9361,11486
4M9029,11487
1Z9458,11489
1Z9458,26257
4S9403,11493
4YM,11494
4YM,17818
4YM,20615
4YM,21124
4YM,22373
4YM,25097
4C9428,11496
58J,11497
58J,12614
58J,26464
4T9222,11500
1N9362,11501
1N9362,23986
1N9362,25975
5VJ,11502
YA9284,11504
1N9364,11505
1G9492,11506
1G9492,18796
1G9492,24782
1G9492,26737
1G9492,28008
4B9056,11507
1G9529,11508
1G9528,11509
1P9772,11510
1P9772,20522
1P9772,20980
1P9772,25592
1P9772,27394
1R9813,11511
4C9426,11513
4M9001,11514
4S9411,11515
4M9031,11518
4B9106,11519
4B9106,20163
4B9106,22738
4B9054,11520
3AW,11521
3AW,26234
4A9021,11522
4M9030,11523
4C9420,11525
R1S,11527
3A9261,11536
4A9020,11537
1Z9437,11538
1E9583,11540
1S1,11541
1S1,16208
1S1,28324
3BD,11542
3BD,28327
1J9003,11544
1Z9515,11545
1H9663,11546
4M9013,11548
1Z9510,11549
1E9582,11554
1Z9514,11555
1E9566,11558
1Z9487,11559
4C9419,11560
4C9419,27925
1D9774,11561
1F9462,11562
3P9038,11563
1Z9512,11564
4B9110,11566
4BF,11567
4BF,17825
4S9405,11570
1R9808,11572
4C9421,11574
1G9518,11575
LA9LC0,11578
LA9LC0,20458
LA9LC0,20984
3AU,11576
3AU,21387
1G9519,11580
1P9768,11581
1E9581,11582
4M9023,11583
4M9023,21926
1D9495,11584
1N9359,11586
1F9457,11587
1Z9508,11589
5XA,11592
1G9417,11593
4C9066,11595
1L9318,11596
1B9704,11597
LZE,11599
1H9424,11600
1E9279,11601
1T9204,11604
1U9030,11605
1M9255,11606
40M,11607
LTS,11609
VTH,11610
VTH,18109
1C9290,11611
1S9187,11612
405,11613
405,16678
1SF,16227
1SF,16720
1SG,16229
1SG,16721
1W9074,11617
1W9074,16526
TMC,11618
1J9001,11619
1J9001,19622
1J9001,25261
186,11712
186,11761
186,14641
186,17755
1Z9108,11621
1A9125,11622
1B9131,11623
1R9108,11629
2BC,14422
2BC,14424
2BC,14466
2BC,14468
2BC,14492
2BC,14494
2BC,14521
2BC,14547
145,11631
145,11688
1M9217,11632
1M9217,12333
1M9217,18105
109024,11633
1XU,11636
1U6,11637
1LX,11638
1JU,16511
1LU,11640
1F9047,11642
14K,11644
1B9110,11645
1K9023,11647
1S9146,11650
1S9141,11651
1S9141,17213
1M9195,11653
1M9195,11717
1M9195,19900
1S9142,11654
1H9084,11655
1B9100,11657
1GX,14668
1GX,14669
1GX,16788
1C9232,11661
1S9130,11662
1L9060,11663
1M9188,11664
1P9086,11665
1B9014,11666
1D9088,11668
1N9360,11676
4T9225,11682
1M9516,11673
1W9587,11679
1E9058,11686
JH6,11687
JH7,11687
1GW,11691
1J9444,11690
1D9780,11692
1S9097,11693
1S9123,11697
14J,11698
KL9CGA,11699
KL9CGA,28800
1C9216,11700
1B9094,11706
11Z,11707
1D9075,11708
1FY,11710
1H9059,11714
55L,11715
7FD,11719
MH3,11720
MH3,12212
MH3,20017
MH3,22529
MH3,22979
MH3,23271
MH3,23868
MH3,24713
MH3,24849
MH3,25189
MH3,28239
MH3,28251
1B9730,11722
1K9049,11724
1K9049,22147
1E9588,11725
7FJ,11731
1S9098,12346
1R9778,11736
4HZ,11737
4HZ,15811
4HZ,15812
4HZ,15813
567,11742
1J9031,11743
1C9188,11744
1C9188,19951
1G9038,11745
ZLV,11746
1WW,11747
1WW,19901
1H9021,11750
1D9028,11752
1K9365,11770
1L9061,11754
18G,11755
18G,12344
RGS,11759
RGS,11778
RGS,11783
RGS,11797
RGS,11801
RGS,11802
RGS,11803
RGS,11804
RGS,11812
RGS,11819
RGS,11827
RGS,11840
RGS,11844
RGS,11849
RGS,11862
RGS,11865
RGS,11868
RGS,11869
RGS,11870
RGS,11872
RGS,11874
RGS,11879
RGS,11880
RGS,11905
RGS,11908
RGS,11917
RGS,14498
RGS,14502
RGS,14553
RGS,18052
RGS,18053
RGS,18054
RGS,20060
RGS,24422
RGS,24425
RGS,24428
RGS,24429
RGS,24432
RGS,25016
RGS,26318
RGS,27431
RGS,27766
RGS,28849
RGS,28850
RGS,28851
11H,11763
1F9017,11764
1HH,11765
1HH,16709
1H9699,11766
1A9613,11767
1A9601,11768
1B9654,11771
7F6,11775
1B9629,11773
1B9648,11774
1R9393,11776
1R9812,11777
1R9812,22400
1B9684,11779
1W9590,11782
1B9678,11784
1B9664,11785
1B9682,11786
1C9871,11787
1C9893,11788
1D9486,11789
1C9902,11790
1C9829,11791
1C9864,11792
1C9673,11793
1H9698,11794
1C9826,11795
1C9837,11798
1C9CEW,11799
1C9578,11805
1C9773,11806
1C9746,11808
1C9898,11809
1C9737,11818
1C9899,11821
1C9905,11824
1C9875,18948
JD1,13212
JD1,13213
JD1,13214
JD1,16745
JD1,19962
JD2,11831
1D9440,11832
1D9439,11833
1D9487,11835
1D9438,11841
1D9438,11842
1D9485,11843
44X,11850
VG5,11845
VG5,11846
VG5,11847
VG5,11848
VG5,14084
1D9443,11851
1D9470,11852
1D9451,11853
2D9100,11854
1D9479,11855
591,11856
1D9446,11857
1D9475,11858
1E9324,11859
1L9559,11860
1L9559,19992
1L9559,21588
1L9559,24144
1L9559,25426
1E9319,11863
1E9309,11864
1E9325,11866
KF9003,11867
3M9082,11871
1E9317,11875
1F9238,11876
1F9262,11881
1F9256,11882
14X,11883
1G9298,11886
1G9285,11888
1H9440,11889
5LP,11892
1H9393,11893
1H9443,11895
1Z9211,11896
1Z9201,11898
VNE,11909
1J9283,11911
1J9265,11913
1J9277,11914
1J9268,11916
1J9284,11919
1K9220,11920
1K9223,11923
1M9602,11925
1M9629,11933
1M9630,11934
1M9606,11935
1M9609,11937
1M9628,11940
1M9587,11941
N51,11942
1N9214,11944
1Z9215,11945
1P9458,11955
2PE,11956
2PE,17598
1P9459,11965
1P9473,11968
2R9011,11971
1R9366,11972
1R9468,11975
1R9470,11976
1R9473,11977
1S9772,11978
LA9SZJ,11981
JK8,11957
JK8,11980
1S9811,11982
1S9814,11985
1S9803,11986
1S9843,11988
1S9840,11992
1S9839,11994
1S9838,11995
1S9407,11998
5KR,12000
1S9855,12001
5A6,12002
5A6,16530
1S9847,12004
1S9847,20660
1T9751,12005
1T9761,12008
1T9781,12010
1T9781,20578
1T9750,12018
1C9909,12024
1L9698,12025
1T9667,12026
1T9744,12029
1T9764,12030
1T9757,12032
5H5,12033
1T9731,12035
1T9268,12036
1T9720,12038
1U9085,12039
1U9016,12053
1V9107,12054
1W9357,12056
2W9081,12058
1W9334,12071
SVS,12074
4A9022,12076
5AE,12077
5AE,16299
5AE,20593
4A9033,12080
4B9118,12082
2E9068,12090
4B9073,12091
4B9073,24741
4B9123,12092
4C9437,12093
4C9437,23674
3A9266,12095
3A9266,23696
1T9372,12104
1T9372,12105
1T9372,13646
1T9372,28711
1YJ,12148
1YJ,24583
1E9593,12170
7FM,12171
7FM,16779
1R9820,12176
4C9441,12177
1R9815,12178
1Z9520,12180
1Z9520,20761
4S9420,12181
1Z9513,12182
4M9034,12183
1D9784,12185
4S9422,12186
1U9044,12187
4T9231,12188
1R9822,12190
4H1,12192
1B9133,12051
1B9133,12318
1R9825,12195
RF3,12197
RF3,18642
RF3,21516
RF3,23050
RF3,23054
RF3,23055
RF3,23058
RF3,23062
RF3,24358
RF3,24359
RF3,24360
RF3,24361
RF3,24707
RF3,24848
RF3,25023
RF3,27349
RF3,27506
RF3,28257
1L9558,12213
1L9558,21078
1L9558,21861
1L9558,27249
2C9145,12216
2C9145,12217
LY4,12221
LY4,23390
4C9407,12228
1G9531,12229
5JL,12236
5JL,16390
5JL,20056
3H4,12236
3H4,20056
5HL,16390
5HL,16811
57S,12241
57S,22755
1L9543,12263
4M9035,12268
2MG,12269
2MG,20527
2MG,26109
2MG,26855
2MG,27400
3H6,11557
3H6,20120
3H6,28821
2G9098,12277
1B9358,12278
3MY,12285
3MY,12295
3MY,15203
3MY,19470
3MY,21140
3MY,23864
3MD,12292
3MD,15609
3MD,20500
3MD,21344
3MD,21896
LZB,12293
LZB,21112
3S9104,12300
3S9104,28333
3KP,12301
3KP,15474
3KP,15479
3KP,15485
3KP,17720
3KP,20018
3KP,20262
3KP,20350
3KP,20683
3KP,20960
3KP,21009
3KP,21810
3KP,21901
3KP,22422
3KP,23260
3KP,23490
3KP,23564
3KP,24273
3KP,24492
3KP,26026
3KP,27259
3KP,28717
1V9074,12304
1V9074,17057
3C9127,12309
1V9215,12312
1F9474,12316
1Z9106,12319
1Z9106,12449
1GF,12320
1GF,15666
1GF,15667
1GF,15668
1GF,17783
1GF,19949
1DV,12322
1H9097,12325
1TD,12327
1TD,16498
1TD,21805
1TD,28003
1P9092,12329
173,12330
6K9337,12331
1MW,20792
1TC,12340
1TS,20797
1TV,20796
1TE,20793
1TX,20794
1L8,12342
1M9001,12347
1PH,12348
1C9747,12354
1C9748,12354
1P9064,12360
1HN,12361
1C9535,15791
1C9535,21358
1G9073,12364
1G9176,12363
4C9372,12365
3DB,12366
5CD,12368
5CD,12369
5CD,17627
5CD,17988
1Z9207,12371
1Z9123,12373
1J9204,12375
1J9204,18857
1V9200,12376
1K9210,12377
1K9208,12380
1R9490,12379
1M9634,12382
56P,12384
56P,16161
56P,19937
4B9077,12387
4CD,12388
4CD,12392
4CD,12401
1K9058,12389
1K9058,12391
17N,12926
17N,21086
1G9532,12404
1N9140,12405
1A9347,12429
1S9208,12431
41S,12431
41S,19905
1T9663,12434
48S,12436
48S,16691
1G9527,12437
2W9075,12441
1Z9092,12457
1Z9092,17166
2TM,12458
ABV,12463
SJK,10361
SJK,12471
SJK,15606
SJK,20064
SJK,21198
SJK,21576
SJK,21644
SJK,23273
2TU,12269
1D9783,12490
50R,12499
V61,12505
SKP,12517
4A9031,12547
4T9228,12551
59K,12552
4M9037,12554
6K9299,12555
4A9035,12558
1Z9516,12559
1R9828,12560
1W9572,12565
4C9433,12566
1P9338,12567
1P9338,12569
1P9338,12572
47S,12579
4S9425,12581
1F9454,12582
1WA,12584
1WB,12588
1WU,12584
1WX,12588
1E9371,12585
1E9371,16540
1G9136,12589
1G9136,15368
1WD,12590
1WY,12590
1AL,12591
1L9321,12593
1L9561,12596
4A9037,12597
1D9788,12602
1D9788,16740
1D9788,21153
1D9788,23586
1D9788,24082
1D9788,25366
1D9788,27606
1D9788,28315
4C9413,12604
5C2,12606
5C2,28376
6MP,12598
6MP,12600
6MP,12749
6MP,12753
6MP,12759
6MP,12817
6MP,12820
6MP,12846
6MP,12859
6MP,12869
6MP,12870
6MP,12893
6MP,13931
6MP,13955
6MP,14007
6MP,14736
4C9442,12610
4C9429,12611
5M7,12612
5M7,21062
4T9233,12622
4T9234,12618
4B9128,12623
4M9036,12626
1S9933,12627
1V9216,12631
1H9283,12634
557,12635
1P9776,12636
4S9292,12638
1H9702,12641
4B9132,12642
1G9059,12645
1G9059,20082
1G9059,25237
1G9119,12645
1G9119,15197
1G9119,20082
1G9119,25237
R1V,12646
5D1,12677
1MB,12700
9DB,12700
1D9789,12706
51H,12709
1F9464,12713
4A9040,12715
1R9830,12716
1R9830,19197
1R9830,27583
YV3,12736
YV5,12738
YV2,12738
YB3,12738
YB1,12738
9BV,12746
YT1,12748
YV6,12751
1L9564,12752
1N9368,12756
2C9207,12762
2R9144,12767
2A9138,12771
5VN,12814
4S9432,12816
4S9432,27754
7G5,12818
7G5,23880
7G5,24921
1R9827,12822
4TM,12825
4TM,22769
4TM,22788
4TM,22789
4TM,22790
4TM,22822
4TM,22835
4TM,22839
4TM,22877
4TM,22892
4TM,22893
4TM,22932
4TM,22933
4TM,22997
4TM,22998
4TM,22999
4TM,23000
4TM,23379
1Z9527,12837
4B9130,12848
4B9130,12908
4T9238,12849
1G9302,12852
1G9302,18667
1P9449,12853
1P9449,18507
4B9131,12854
1H9660,12855
1XN,22661
58G,12862
1Z9526,12863
1G9535,12871
1Z9524,12876
WF1,12870
WF1,12893
WF1,13211
WF1,13931
WF1,13955
WF1,14007
1T9247,8037
4T9241,12891
4T9241,20085
LSE,12892
7G7,12894
4A9043,12895
4S9434,12897
4B9075,12899
4B9075,20754
4B9075,21991
7FR,12900
1MR,12893
1MR,13931
1MR,13943
1MR,13955
1MR,14007
1S9842,9426
58F,12903
5MY,12904
5MY,20756
4T9242,12905
1H9696,12906
7FS,12907
1F9471,12909
1J9445,12911
1L9536,12915
JF3,16246
1S9381,12919
1S9381,15326
1S9381,18789
1W9591,12925
4M9040,12927
1B9474,12935
4C9448,12936
59W,12938
4T9214,12974
1V1,12982
1V1,12985
1V1,12989
1V1,12990
1V1,13897
1V1,13899
1V2,15825
1V2,20491
1V2,21348
1V2,22882
1V2,23499
1V2,23527
1V2,23528
1V2,24047
1V2,24123
1V2,24124
1V2,24125
1V2,24126
1V2,24381
1V2,24531
1V2,24532
1V2,24533
1V2,24673
1V2,24706
1V2,25483
1V2,25995
1V2,25997
1V2,26470
1V2,27425
1V2,27448
1V2,27603
1V2,27881
1V2,28049
1V2,28450
1V2,28522
1V2,28554
1V2,28643
1J9452,12977
1J9452,25983
1W9592,12978
4S9430,12979
1N9369,13011
1N9369,17401
1R9832,13013
1E9591,13014
1E9330,13019
1D9493,13022
1M9582,13023
1M9582,13037
1M9582,18546
1M9582,20476
1M9582,21462
1F9252,13024
1C9881,13025
1C9879,13026
1P9453,13027
1D9472,13028
1S9841,13029
1M9632,13036
1T9746,13038
1L9311,13039
1G9314,13041
1L9201,13042
1B9662,13045
1D9464,13046
1G9313,13048
1B9659,13049
1Z9200,13050
1V9115,13052
1E9320,13053
1T9694,13056
1H9394,13060
1C9839,13072
7G8,13074
9F9371,13081
16W,13084
1S9646,13091
1M7,13095
1M7,19534
1M7,19786
1M7,19838
4YB,13114
4YB,17243
4YB,20639
1C9880,13118
1W9359,13119
1S9812,13121
1E9101,13122
1W9204,13124
1B9072,13126
1L9055,13127
1B9134,13132
1C9208,13133
YK1,13154
YK1,14049
1J9044,13160
1J9044,22372
1J9044,24378
4S9417,13161
4S9417,20005
12A,13190
12A,13191
VX1,13193
VX1,19919
ZC2,13196
ZC2,13197
ZC2,13198
VF3,13200
VF3,13203
VF3,13208
VF3,13998
VF3,16601
SAX,13218
SAX,14651
1V9213,13219
JP3,6613
JP3,13221
JP3,13226
JP3,13233
JP3,13251
JP3,13253
JP3,13266
JP3,13270
JP3,13292
JP3,13294
JP3,13315
JP3,13318
JP3,13332
JP3,13340
JP3,13368
JP3,13387
JP3,13393
JP3,13411
JP3,14027
JP3,14028
JP3,14060
JP3,14062
JP3,14063
JP3,14064
JP3,14065
JP3,14066
JP3,19545
JP3,20787
JP3,21535
JP3,21540
43C,13227
1H9692,13234
1H9692,16941
1R9826,13235
1R9826,17999
1R9826,22233
4P3,13226
4P3,13233
4P3,13251
4P3,13253
4P3,13266
4P3,13270
4P3,13292
4P3,13294
4P3,13315
4P3,13318
4P3,13332
4P3,13340
4P3,13387
4P3,13393
4P3,14027
4P3,14028
4P3,14060
4P3,14062
4P3,14063
4P3,14064
4P3,14065
4P3,14066
4P3,19545
4P3,21535
4T9247,13243
1F9475,13244
1J9456,13245
4A9009,13252
4B9129,13256
4C9451,13257
4C9307,13259
5A4,13261
5A4,17196
4S9435,13263
4M9046,13272
1G9533,13274
5GL,13275
1G9014,13284
JP9003,13295
JB4,13376
JB4,14372
JB4,14374
JB4,14395
JB4,14400
JB4,14402
JB4,14403
JB4,14404
JB4,14459
JB4,14486
JB4,14515
1JZ,13297
5BF,13302
4M9044,13304
1H9706,13306
1C9207,13309
1C9207,17277
1C9294,13312
KPH,13331
KPH,13384
JP4,13266
JP4,13318
JP4,13332
JP4,13340
JP4,13368
JP4,13393
JP4,13411
JP4,14028
JP4,14062
JP4,14064
JP4,14065
JP4,19545
JP4,20787
JP4,21535
JP4,21540
4B9136,13346
4B9136,20836
1P9518,13356
1P9518,16092
4T9132,13358
JJ3,13362
JJ3,13371
JJ3,13381
JJ3,13395
JJ3,13416
JJ3,21676
1H9630,13379
2XM,21671
VF1,13401
VF1,17786
VF1,28317
VF1,28318
VF1,28319
VF1,28320
VF1,28321
VF1,28322
1W9218,13408
137,13443
137,13450
137,13451
137,13459
137,13462
137,13465
137,13475
137,13479
137,13485
137,13494
137,13499
137,13508
137,13510
137,13514
137,13522
1S9241,13463
1H9708,13468
4B9137,13487
1Z9531,13493
4T9248,13506
1E9597,13509
1P9779,13512
2GJ,13478
2GJ,13480
2GJ,13482
2GJ,13484
2GJ,13486
2GJ,13504
2GJ,13528
2GJ,13576
2GJ,13577
2GJ,13578
2GJ,13579
2GJ,13580
2GJ,13590
2GJ,13656
2GJ,13657
2GJ,13658
2GJ,13659
2GJ,13660
2GJ,13675
2GJ,13717
2GJ,13718
2GJ,13719
2GJ,13720
2GJ,13721
2GJ,13734
2GJ,13786
2GJ,13787
2GJ,13788
2GJ,13789
2GJ,13790
2GJ,13803
2GJ,13848
2GJ,13850
2GJ,13851
2GJ,13852
2GJ,13857
2GJ,13862
2GJ,13901
2GJ,13959
2GJ,13960
2GJ,13961
2GJ,13962
2GJ,13966
2GJ,13971
2GJ,13989
2GJ,13995
2GJ,14078
2GJ,14079
2GJ,14080
2GJ,14118
2GJ,14133
2GJ,14151
2GJ,14152
2GJ,14153
2GJ,14182
2GJ,14192
2GJ,14774
2GJ,14775
2GJ,14776
2GJ,14803
2GJ,14812
2GJ,14876
2GJ,14932
2GJ,14998
2GJ,15392
2GJ,23120
1H9705,13515
1H9705,28223
1RN,13524
1RN,28693
4T9059,13536
2GA,13478
2GA,13480
2GA,13482
2GA,13484
2GA,13486
2GA,13550
2GA,13576
2GA,13577
2GA,13578
2GA,13579
2GA,13580
2GA,13610
2GA,13656
2GA,13657
2GA,13658
2GA,13659
2GA,13660
2GA,13690
2GA,13717
2GA,13718
2GA,13719
2GA,13720
2GA,13721
2GA,13748
2GA,13786
2GA,13787
2GA,13788
2GA,13789
2GA,13790
2GA,13817
2GA,13818
2GA,13848
2GA,13850
2GA,13851
2GA,13852
2GA,13874
2GA,13901
2GA,13959
2GA,13960
2GA,13961
2GA,13962
2GA,13982
2GA,13995
2GA,14078
2GA,14079
2GA,14080
2GA,14106
2GA,14118
2GA,14133
2GA,14151
2GA,14152
2GA,14153
2GA,14174
2GA,14178
2GA,14182
2GA,14192
2GA,14774
2GA,14775
2GA,14776
2GA,14796
2GA,14799
2GA,14803
2GA,14812
2GA,14876
2GA,14894
2GA,14897
2GA,14932
2GA,14950
2GA,14953
2GA,14998
2GA,15015
2GA,15018
2GA,23119
2GA,23123
2GA,23126
2GA,23130
2GA,23138
2GA,23141
LM5,13935
LM5,13946
LM5,13950
LM5,13999
LM5,14031
LES,13935
LES,13946
LES,13950
LES,13999
LES,14031
1H9051,13581
1H9051,27576
2R9710,13634
1D9083,13636
1M9219,13638
2R9625,7145
2R9625,13639
1M9450,13641
1H9014,13642
1B9339,13643
1G9160,13644
4HV,13645
1L9159,13647
4MG,13648
4JF,13649
1H9246,13650
1T9016,13652
1P9224,13654
4CA,13665
4CA,16643
4CC,13665
4CC,16643
4CE,13665
4CF,13665
4CP,13665
4CP,16643
4CT,18065
1T9352,13701
1EA,19982
1EA,24946
2EA,19982
2EA,24946
1EC,19983
1EC,24947
2EC,19983
2EC,24947
1ED,19984
1ED,24948
2ED,19984
2ED,24948
1EE,19985
1EE,24949
2EE,19985
2EE,24949
1EF,19986
1EF,24950
2EF,19986
2EF,24950
1EG,19987
1EG,24951
2EG,19987
2EG,24951
1EH,19988
1EH,24952
2EH,19988
2EH,24952
1EJ,19989
1EJ,24953
2EJ,19989
2EJ,24953
1EK,13703
1EK,19990
2EK,13703
2EK,19990
1N9145,13711
1J9192,13712
1P9340,13713
1D9355,16280
6K9230,13779
SVE,13798
SVE,23384
389018,13840
1B9216,13894
ZFA,13942
ZFA,26640
ZFA,27633
2GH,13995
2GH,14009
2GH,14118
2GH,14123
2GH,14182
2GH,14187
2GH,14803
2GH,14810
2GH,14904
2GH,14960
2GH,15023
4R7,14012
4R7,18324
ZFR,14033
SAT,14038
A4Z,14044
A4Z,14046
A4Z,14047
A4Z,14050
A4Z,21023
A4Z,28380
1W9594,14056
7GC,14129
2B9124,14130
2BZ,14130
2BZ,20457
2BZ,22096
4S9419,14132
4S9419,22092
2G5,14078
2G5,14079
2G5,14080
2G5,14088
2G5,14094
2G5,14118
2G5,14133
2G5,14151
2G5,14152
2G5,14153
2G5,14156
2G5,14162
2G5,14182
2G5,14191
2G5,14192
2G5,14774
2G5,14775
2G5,14776
2G5,14779
2G5,14785
2G5,14803
2G5,14812
2G5,14813
2G5,14876
2G5,14879
2G5,14884
2G5,14907
2G5,14932
2G5,14935
2G5,14940
2G5,14962
2G5,14998
2G5,15001
2G5,15006
2G5,15025
2G5,23755
2G5,24788
2G5,25421
2G5,26965
2G0,14078
2G0,14079
2G0,14080
2G0,14094
2G0,14118
2G0,14133
2G0,14151
2G0,14152
2G0,14153
2G0,14162
2G0,14182
2G0,14192
2G0,14774
2G0,14775
2G0,14776
2G0,14785
2G0,14803
2G0,14812
2G0,14876
2G0,14884
2G0,14932
2G0,14940
2G0,14998
2G0,15006
5CL,14134
5CL,18838
5CL,20570
4C9022,21441
5RF,14135
7G3,14136
1X9031,14137
1W9161,14138
2G8,14078
2G8,14080
2G8,14099
2G8,14101
2G8,14106
2G8,14118
2G8,14133
2G8,14151
2G8,14152
2G8,14153
2G8,14168
2G8,14169
2G8,14170
2G8,14174
2G8,14182
2G8,14192
2G8,14774
2G8,14775
2G8,14776
2G8,14791
2G8,14792
2G8,14796
2G8,14803
2G8,14812
2G8,14876
2G8,14889
2G8,14890
2G8,14893
2G8,14894
2G8,14932
2G8,14945
2G8,14946
2G8,14949
2G8,14950
2G8,14998
2G8,15011
2G8,15012
2G8,15014
2G8,15015
4S9415,14148
6ZF,14193
6ZF,20622
4FK,14197
4FK,14198
JG7,9717
JG7,9721
JG7,9729
JG7,12868
JG7,13310
JG7,13360
JG7,13407
JG7,13445
JG7,13466
JG7,13535
JG7,13640
JG7,18276
JG7,18283
JG7,18293
JG7,18296
JG7,18299
JG7,18320
JG7,18323
JB7,14233
JB7,14256
JB7,14284
JB7,14318
JB7,14342
JB7,14372
JB7,14395
JB7,14396
JB7,14459
JB7,14460
JB7,14486
JB7,14487
JB7,14515
JB7,14516
JB7,14543
JB7,14557
JB7,14560
JB7,14562
JB7,14564
JB7,14580
JB7,14581
JB7,14583
JB7,14587
JB7,14597
JB7,14598
JB7,14600
JB7,14603
1A9471,14249
1L9248,14270
2M1,9923
2M1,14725
2M2,9923
2M2,14725
2M3,9923
2M3,14725
VG6,9923
VG6,14725
VG8,9923
VG8,14725
4A2,14273
4A2,19142
1B9123,14274
40B,14275
1B9101,14278
1V9062,14279
1V9062,17147
1C9211,14299
1B9089,14300
1C9175,14302
13U,14303
1B9140,14304
1A9130,14305
1UF,14306
1A9064,14307
1A9131,14308
1A9110,14309
2A9053,14310
2A9053,19916
SA9149,14311
1B9125,14312
1C9189,14314
1A0,14334
1F9029,14335
1G9064,14337
1G9061,14338
1G9039,14359
177,14361
1G9074,14364
1G9057,14365
1E9038,14366
KMF,14368
KMF,15098
KMF,17184
1H9095,14369
1H9068,14375
1H9094,14397
1H9086,14398
1H9111,14399
1H9066,14401
1VF,14405
1H9062,14406
1H9104,14407
1VB,14412
1H9073,14414
1M9203,14415
1U5,14417
1JC,14381
1JC,14420
1JC,14421
1JC,14422
1JC,14423
1JC,14449
1JC,14463
1JC,14464
1JC,14466
1JC,14467
1JC,14477
1JC,14491
1JC,14492
1JC,14493
1JC,14495
1JC,14504
1JC,14507
1JC,14520
1JC,14521
1JC,14522
1JC,14523
1JC,14525
1JC,14534
1JC,14546
1JC,14547
1JC,14548
1JC,14549
1JC,14551
1JC,14569
1JC,14571
1JC,14573
1JC,14574
1JC,14575
1JC,14591
1JC,14592
1JC,14593
1JC,14594
1JC,14595
1JC,14608
1JC,14609
1JC,14610
1JC,14611
1JC,14612
1W9061,14419
1JT,14420
1JT,14422
1JT,14425
1JT,14449
1JT,14463
1JT,14466
1JT,14469
1JT,14477
1JT,14490
1JT,14492
1JT,14495
1JT,14507
1JT,14521
1JT,14523
1JT,14547
1JT,14549
1JT,14571
1JT,14573
1JT,14593
1JT,14595
1JT,14610
1JT,14612
127,14426
1L9074,14427
1T9097,14428
1H9105,14429
1T9060,14431
1ZF,14432
141,14433
1C9250,14434
1S9112,14435
1J9047,14436
ZCF,14437
1J9033,14438
1J9046,14439
1OY,14440
1J9022,17095
1F9033,14443
1W9047,14444
1W9073,14445
7A9005,14465
2W9080,14470
1D9092,14471
1JD,14449
1JD,14466
1JD,14467
1JD,14477
1JD,14492
1JD,14493
1JD,14507
1JD,14521
1JD,14522
1JD,14547
1JD,14571
1JD,14573
1JD,14592
1JD,14593
1JD,14595
1JD,14609
1JD,14610
1JD,14612
1A9143,14473
1S9253,14474
2BD,14466
2BD,14468
2BD,14492
2BD,14494
2BD,14521
2BD,14547
1V9045,14497
1D9102,14505
1M9003,14526
1L9064,14527
1N9034,14528
11Y,14529
1R9082,14530
1R9082,15651
18L,14531
1S6,14532
1VG,14552
1L9067,14558
1C9275,14576
JP7,14580
JP7,14589
JP7,14597
JP7,14605
1R9085,14617
1R9083,14621
1E9046,14622
1C9251,14625
40K,14627
1P9124,14628
45W,14629
45V,14629
1S9017,14630
1S9017,21407
1S9017,27584
1J9253,14631
1J9253,24745
1S9136,14838
1SA,14633
1SA,16748
1SA,24370
1SA,25463
1SA,26994
1SA,27381
1SA,28248
2SA,14633
1P9044,14635
9BF,12240
9BF,12753
9BF,12808
9BF,12809
9BF,14624
9BF,14626
9BF,14644
9BF,14655
9BF,14656
9BF,14665
9BF,14666
9BF,14683
9BF,14684
9BF,14688
9BF,14690
9BF,14712
9BF,14713
9BF,14731
9BF,14732
9BF,14736
9BF,14755
9BF,14756
9BF,14769
9BF,14770
VGY,14636
1R9069,14637
1E9043,14638
1T9125,14640
1L3,14642
1NE,14645
1L2,14650
1N7,14649
1LF,14647
1N8,14648
407,14658
1WT,14659
1WT,16703
1J946L,14660
1G9088,14661
1G9088,16807
1B9073,14670
455,14671
1B9066,14672
7A5,14674
1A9082,14673
1C9599,14675
1TH,14676
1TH,14925
1TH,28507
JC2,14678
JC2,14685
JC2,14692
JC2,14714
JC2,14734
JC2,14758
1K9059,14693
XL9003,14695
1K9053,14694
197,14696
1L9046,14698
1E9599,14699
1L9049,14700
1L9070,14701
1Z9530,14702
1Z9530,25591
1Z9530,27144
2L9012,14703
15V,14704
1A9117,14705
1ZL,14706
1L9054,14707
1L9063,14715
11X,14716
1L9026,14717
1L9056,14718
1L9056,19660
SA9020,14719
1M9246,14720
1M9064,14721
1M9210,14722
1M9196,14723
2M9004,14724
ZB2,14726
1YA,14727
1M9231,14735
1M9191,14737
1M9206,14738
1M9209,14739
1K9369,14740
166,14741
1M9037,14742
1M9248,14743
1M9069,14744
1M9227,14745
1M9193,14746
1M9200,14748
1M9247,14749
ZB0,14750
1M9201,14760
1M9237,14762
1M9245,14763
1M9240,14764
1N9021,14765
1DP,14766
109016,14804
10Z,14816
109013,14805
109022,14819
109022,14820
109022,19111
109022,19526
109022,19637
109015,14821
10W,14822
1P9103,14823
154,14824
12Z,14825
1P9084,14827
1P9048,14828
1P9079,14829
1P9096,14830
1P9071,14831
1P9074,14832
1P9075,14833
1P9068,14834
11P,14835
1P9091,14836
1R9074,14837
1P9082,14839
16R,14840
1R9059,14841
1R9052,14842
1XL,14843
12J,14844
1R9051,14845
1R9045,14846
1R9086,14847
1R9068,14848
1R9033,14849
1R9055,14851
1VN,14852
1S9168,14854
SBS,14855
1S9178,14857
1S9100,14858
1S9161,14859
1S9194,14860
1S9095,14861
1J9029,14862
1S9181,14863
1S9111,14864
1S9117,14865
1S9114,14866
1S9103,14867
1S9143,14870
1S9169,14871
1S9082,14872
1S9078,14873
1S9030,14874
1S9165,14906
1S9159,14913
1S9174,17839
1S9129,14915
1S9410,14838
1S9175,14916
1S9096,14917
1S9101,14918
1A9055,14919
1A9122,14921
17E,14923
1W9011,14924
1W9011,19514
1V9034,14927
1V9035,14926
1V9033,14931
4S9443,14969
1S9089,14971
1S9158,14972
1T9079,14973
1T9135,14974
3VD,14975
1T9092,14976
12R,14977
1XV,14978
SA9005,14979
188,14980
1T9106,14982
J8Z,14773
J8Z,14774
J8Z,14775
J8Z,14812
J8Z,14932
J8Z,14983
J8Z,14998
J8Z,15027
1L9144,14984
1T9118,14985
15U,14986
1UV,14987
1T9066,14988
148,14989
1T9114,14991
138,14992
1T9130,14993
1T9055,14995
1S9107,14994
1S9107,19435
1RG,14996
1P9038,14997
SA9022,15028
1T9084,15029
1T9071,15030
1T9123,15031
1HA,15032
1HA,15229
1HA,16053
1HA,20072
1HA,21204
1HA,21325
1HA,21522
1HA,23176
1HA,24111
1HA,24112
1HA,26475
1HA,26889
1HA,28805
1U9012,15033
1U9010,15034
1V9021,15035
1V9025,15036
1V9030,19654
1B9113,15038
1W9067,15039
1W9064,15040
1J9026,15041
1W9071,15042
1W9051,15043
1W9049,15044
1W9052,15045
1W9020,15047
1W9065,15048
1W9079,15049
1W9080,15050
1W9081,15051
13W,15053
1W9062,15055
LLF,15056
LLE,15057
1A9123,15058
SC0,15059
185,15060
1A9090,15061
7FA,2527
7FA,13483
7FA,18186
7FA,20561
7FA,21303
7FA,21355
7FA,21621
7FA,21751
7FA,22310
7FA,22325
7FA,22368
7FA,22504
7FA,23342
7FA,23366
7FA,23464
7FA,23732
7FA,24009
7FA,24257
7FA,24612
7FA,24725
7FA,24740
7FA,24916
7FA,25335
7FA,25509
7FA,25510
7FA,25727
7FA,25909
7FA,26228
7FA,26558
7FA,26659
7FA,26704
7FA,27167
7FA,27195
7FA,28212
TLJ,15062
1A9084,15064
4M9045,15065
1EZ,15066
1V8,15067
1A9100,15068
1A9097,15070
1A9103,15072
408,15073
1B9091,15075
1A9121,15077
1B9124,15078
44Y,15080
16D,15081
1B9079,15082
LRE,10845
LRE,15079
LRE,20184
1B9127,15083
18F,15084
1W9035,15085
3WM,10144
3WM,27991
3WM,27992
3WM,27995
3WM,27996
3WM,27997
3WM,27998
3WM,28000
3WM,28001
3NM,10144
3NM,27991
3NM,27992
3NM,27995
3NM,27996
3NM,27997
3NM,27998
3NM,28000
3NM,28001
1L9566,15088
2B9028,15096
1C9191,15105
1C9248,15106
1C9199,15107
1C9234,15108
176,15109
4S9440,15112
4S9440,21290
40Z,15114
1D9078,15115
1ZG,15116
1P9065,15118
1D9104,15119
1D9097,15122
1D9097,19170
1NN,15123
1F9037,15125
1D9076,15129
AA9001,15134
18D,15137
1G9046,15139
1S9102,15142
1G9036,15155
1E9071,15157
1E9037,15158
1C9264,15159
1YU,15161
1E9073,15163
1C9222,15164
1A9289,15165
1A9289,16865
1D9058,15166
198,15167
1D9063,15168
11N,15169
1E9069,15171
1C9138,15172
1D9084,15174
1C9236,15176
UHL,15180
UHL,23742
1C9195,15181
1C9195,19156
1H9334,15182
1C9193,15183
3B9001,15185
1C9235,15186
1C9272,15187
1C9265,15188
15R,15189
1B9086,15190
1B9038,15191
1B9064,15192
143,15193
1B9099,15195
2S9023,15198
4P5,22519
4P5,22522
4P5,26945
575,15204
4C9455,15206
4C9452,15207
4M0,7862
4M0,16532
4S9438,15209
4S9438,25467
4S9437,15210
4S9437,21365
7GG,15212
1E9603,15211
1U9163,15214
1U9163,26785
4AU,15215
4AU,19830
1A9950,15216
1PT,15221
JPA,15235
JPA,15538
JPA,15592
JPA,19510
JPA,19511
JPE,15235
JPE,15538
JPE,15592
JPE,19510
JPE,19511
1H9312,15239
1B9509,15241
1T9546,15242
1A9457,15245
1A9457,17968
1A9275,15247
1A9332,15248
W09R09,15251
1LG,15256
1A9462,15259
1B9416,15260
1B9453,15264
1D9313,15265
1A9458,15266
1A9446,15267
1C9648,15268
1E9155,15269
1E9214,15270
1E9174,15272
1E9241,15273
1C9699,15280
1B9502,15281
2D9088,15282
1D9246,15283
1B9320,15290
1W9257,15316
1D9386,15324
1D9356,15325
1D9356,24630
4C9463,15327
WMZ,15345
WMZ,20070
WMZ,20552
WMZ,21943
WMZ,22362
WMZ,22953
WMZ,24217
WMZ,25153
WMZ,26582
WMZ,28348
1D9331,15346
1G9245,15347
1D9390,15348
1C9507,15349
1D9040,15351
1D9342,15352
1C9670,15353
1D9341,15355
1D9341,21217
1D9310,15358
4U8,15360
1D9312,15362
1B9464,15363
1B9348,15364
1B9457,15365
1G9223,15367
1G9230,15369
16U,15371
1B9380,15372
1G9232,15374
1G9201,15375
1G9201,15376
1G9201,19462
1H9316,15377
1H9315,15378
5AX,15379
1B9330,15380
1C9516,15381
1C9596,15383
1A9421,15384
1D9388,15389
1D9388,17623
4ER,15390
1C9533,15391
4T9251,15395
1E9168,15400
1E9231,15401
4UG,21082
1YG,15402
2C9155,15403
1D9022,15404
1D9373,15405
1D9348,15406
1E9130,15407
A8M,15408
1UW,15409
1M9465,15410
1M9474,15411
1T9522,15412
1T9497,15413
1T9545,15414
1K9155,15416
4VR,15417
1M9163,15418
1S9451,15419
1S9658,15420
1R9351,15421
1S9663,15422
1S9649,15424
1P9351,15426
1S9675,15428
1S9424,15429
1M9458,15430
1Z9068,15431
1S9673,15432
1S9393,15433
1M9359,15434
1R9336,15435
1R9202,15439
59R,15443
59R,24851
59R,26071
59P,15451
59P,24854
59P,26074
12U,15459
1M6,15481
1M6,19979
1RL,15465
1M9309,15466
1A9005,15467
1MM,15470
1MM,15471
1SZ,15492
1SZ,17605
18S,15495
18S,15499
18S,19851
18S,19862
1H9459,15498
1BT,15532
1NS,15504
1RC,15508
4OG,15519
1TY,15518
1BL,15545
1CK,15521
1CK,19875
13E,15540
1A9013,15546
1E9040,15556
1DD,15563
1J9457,15571
112,15572
112,28338
112,28341
VFM,15573
1R9223,15582
1S9612,15583
1M9401,15584
1B9466,15585
NMT,15603
NMT,21134
NMT,22307
NMT,22751
NMT,23761
1R9299,15612
1S9571,15614
1R9352,15615
1R9323,15616
1S9501,15617
1S9389,15618
1S9661,15620
1W9200,15621
1T9338,15622
1R9222,15623
1M9100,15624
1N9160,15625
1N9025,15626
1N9114,15627
1S9313,15628
4J6,15629
4J6,19234
1S9647,15630
1S9641,15631
1T9544,15632
2NE,15633
2NE,17336
1N9151,15634
5BA,15635
2S9109,15636
1K4,5876
1K9178,15638
1T9030,15641
1L9227,15644
1L9158,15645
1L9240,15646
1L9240,18239
1R9312,15647
1R9327,15648
1R9158,15649
1R9356,15650
1B9332,15653
1B9332,21111
1T9493,15654
1M9176,15655
1M9412,15656
1R9311,15657
1R9342,15658
1R9286,15659
1R9286,18028
1R9233,15660
1P9003,15661
1P9250,15662
1S9657,15663
1S9390,15664
1S9648,15665
1L9191,15669
1L9244,15670
1T9566,15671
1T9538,15672
1T9553,15673
1N9147,15674
1S9182,15675
1S9574,15676
1S9599,15677
5A8,15678
5A8,18703
1S9557,15679
1S9566,15680
1S9547,15681
1S9669,15682
1L9192,15683
1N9103,15684
1N9165,15685
1S9655,15687
1P9353,15688
1P9361,15689
1P9244,15690
1L9235,15691
1Z9040,15692
4Z4,15693
4Z4,17777
1C9662,15694
MDE,15695
1K9174,15697
1K9148,15701
2L9100,15702
4XX,15703
1C9691,15704
1C9691,18819
1Z9064,15708
1Z9065,15709
4R2,15710
1L9212,15713
1L9226,15712
1L9228,15715
5RE,15716
7GZ,15032
7GZ,16051
7GZ,20222
7GZ,20868
7GZ,23175
7GZ,24098
7GZ,24099
7GZ,26908
7GZ,28806
1M9642,15723
1R9214,15725
1R9214,18108
1S9625,15726
1S9682,15727
1J9201,15728
1L9154,15730
1T9474,15731
1J9132,15732
1J9215,15733
1K9170,15734
1K9137,15735
1L9234,15736
1D9684,15752
1D9684,21346
1N9150,15743
1Z9062,15744
1M9477,15745
1S9575,15746
4HR,15747
1R9287,15748
1R9344,15750
1R9334,15751
1K9368,15753
1M9385,15754
5A5,15755
1M9099,15756
1K9141,15758
1N9143,15760
1M9390,15761
1S9613,15762
1S9613,18144
1R9343,15763
1R9330,15764
1VU,15766
1R9308,15767
2RA,15768
2RA,27257
1R9248,15770
1P9330,15771
1R9191,15773
1J9460,15774
1C9567,15775
1P9514,15849
1E9232,15776
4ZM,15777
1R9339,15778
1R9266,15779
1R9335,15780
1J9200,15781
410,15782
1C9671,15783
1C9539,15784
1C9714,15786
2M9131,15787
1L9216,15788
4S9428,15789
7FU,15792
1C9593,15793
1K9103,15794
1K9173,15795
53F,15796
1R9355,15798
1T9525,15799
1L9157,15800
1M9418,15801
1J9123,15802
1J9188,15803
1H9325,15814
1H9251,15815
1P9333,15816
1PN,15817
1PN,16712
1PN,16713
1PN,19799
1Z9097,15818
1L9224,15820
1M9482,15821
LVY,15222
LVY,22594
LVY,22595
LVY,22608
LVY,23069
LVY,24163
LVY,25595
LVY,27054
LVY,27057
LVY,27060
LVY,28184
3VV,8417
3VV,15825
3VV,20491
3VV,21348
3VV,22882
3VV,23499
3VV,23527
3VV,23528
3VV,24047
3VV,24123
3VV,24124
3VV,24125
3VV,24126
3VV,24381
3VV,24531
3VV,24532
3VV,24533
3VV,24673
3VV,24706
3VV,25996
3VV,25998
3VV,26311
3VV,26471
3VV,27426
3VV,27449
3VV,27602
3VV,27882
3VV,28050
3VV,28521
3VV,28523
3VV,28555
3VV,28644
1M9701,15826
1B9731,15831
1C9958,15832
1P9517,15833
1S9921,15834
ZJT,15836
ZJT,26098
1A9662,15837
4A9045,15838
1U9096,15839
4T9255,15840
1R9519,15843
1T9815,15848
1B9714,15852
1R9513,15854
7F5,15851
1K9373,15855
1K9372,15859
1C9655,15860
1K9244,15861
1S9909,15862
1F9263,15863
1G9340,15864
5R8,15865
5R8,18692
5R8,20560
1J9461,15873
1J9313,15882
1H9709,15878
1R9834,15879
1A9657,15883
RFZ,15884
RFZ,18116
4C9112,5733
1F9655,15885
1H9455,15886
1S9912,15887
2K9072,15890
1W9595,15902
5RV,15905
5RV,18619
5RV,26925
1N9371,15907
1N9371,20437
1E9594,15908
4M9050,15909
1W9567,15910
4B9143,15911
4S9024,15912
1F9025,15913
1M9691,15914
1W9597,15917
1W9597,20814
1W9597,21977
1W9597,22543
L4M,15920
L4M,24059
1D9277,15921
1R9836,15922
1S9910,15923
5DA,15924
1P9509,15926
1N9231,15927
1R9507,15928
1R9516,15929
1D9413,15930
1F9171,15931
1T9814,15932
UC5,15933
L4B,15934
1M9699,15935
1D9528,15936
1J9302,15937
1S9917,15939
1E9349,15941
1Z9235,15942
1W9387,15944
1U9094,15945
1C9942,15948
1P9PMM,15949
1R9518,15950
1G9339,15951
1P9507,15952
1N9078,15953
1T9810,15954
1C9932,15955
1S9914,15959
2P9096,15960
1T9811,15961
4PB,15963
1V9131,15964
1F9260,15967
4T9260,15966
1B9726,15968
1A9658,15970
1A9658,17510
1C9917,15973
46U,15974
46U,17054
46U,20813
1J9464,15975
1Z9536,15978
4B9146,15982
5V8,15983
5V8,25140
1K9HBW,15985
1Z9537,15986
1T9813,15987
1C9918,15988
1A9AKL,15989
1C9908,15990
1C9908,20389
1A9659,15991
4C9335,15992
4A9048,15993
5MV,15994
1A9654,15995
1U9093,15998
7GU,16002
LMF,16003
4A9050,16004
4A9050,25347
129001,16005
1B9747,16006
1L9358,16007
1H9665,16008
1G9341,16010
1A9958,16011
1C9812,16012
1C9812,18149
4M9051,16014
1R9493,16016
4C9402,16015
1T9830,16018
1A9663,16019
1E9354,16020
1G9343,16021
1G9343,18501
1R9522,16025
5VX,16027
LLM,16029
1H9463,16030
1D9530,16031
1J9336,16032
1J9336,18338
1N9236,16033
1T9827,16034
1A9672,16035
4C9462,16036
1B9725,16037
1L9357,16038
1L9357,20978
4A9053,16039
1A9673,16040
4B9141,16041
1Z9538,16042
1B9741,16044
1W9401,16046
2H9071,16048
1T9833,16049
1L9567,16050
1D9534,16052
1W9397,16054
4B9148,16056
1P9784,16060
1R9523,16061
1M9712,16062
1F9822,16063
1M9700,16064
1J9321,16065
1M9031,16066
1M9031,22996
1L9565,16067
4T9227,16068
1M9716,16069
1M9708,16071
1M9708,20718
1M9710,16072
1G9537,16073
1R9521,16074
1B9754,16076
1A9683,16077
1H9712,16079
1A9674,16078
5P3,16080
4M9052,16081
4T9262,16082
1T9823,16083
1F9480,16084
1H9464,16085
1M9704,16086
1W9396,16087
1T9834,16089
1T9807,16090
1D9794,23773
7GT,16093
1C9967,16094
1G9538,16095
1T9734,16096
5RC,16097
1W9294,16098
1W9294,16529
1W9294,20773
1B9749,16099
1R9452,16100
1L9360,16101
1S9930,16102
1V9139,16104
1A9675,16105
1V9138,16106
1C9968,16108
1V9209,16110
1B9744,16111
1C9962,16112
1C9955,16113
1C9956,16114
2M9193,16115
5LA,16116
1N9GPM,16117
1P9526,16118
1E9605,16120
869001,16121
1M9706,16122
1A9665,16123
1S9926,16124
1E9600,16125
1C9960,16126
1T9828,16128
1K9249,16129
1B9740,16131
1J9296,16132
11U,16421
11U,18518
1P9762,16135
1E9392,16138
1C9965,16139
1A9642,16140
7FE,16141
5H2,16142
1E9389,16143
4T9093,16144
1W9428,16145
1J9300,16146
1J9463,16147
1A9638,16148
1B9707,16149
1A9619,16150
5VG,16151
1B9693,16152
4T9258,16153
1B9705,16154
1B9694,16155
1K9376,16156
1C9921,16157
1P9787,16158
1C9929,16159
1C9920,16164
4M9055,16166
RL9002,16167
1C9912,16168
1E9327,16169
RL9001,16170
1Z9467,16171
1Z9467,28225
4T9267,16172
1F9273,16173
3C9218,16174
3C9218,20117
1F9269,16175
1D9792,16176
1D9792,24990
LN2,16177
ZAS,16178
ZAS,20380
ZAS,20950
ZAS,22166
ZAS,23328
ZAS,24297
ZAS,25172
ZAS,25232
ZAS,27170
ZAS,27171
ZAS,28679
ZAS,28680
1H9444,16179
1H9445,16180
1Z9220,16181
1J9289,16182
1J9295,16183
1J9294,16184
R1A,16185
1K9234,16186
1C9975,16187
1L9320,16189
1M9657,16190
1M9655,16192
1A9582,16193
1T9806,16194
1D9538,16195
1A9678,16196
1B9393,16197
1M9650,16200
1B9708,16199
1R9797,16198
KMY,16201
1Z9042,16203
1D9369,16204
1S9499,16206
1G9231,16209
1B9472,16210
1WH,16211
1A9394,16212
1B9308,16213
1S9656,16214
1B9508,16215
5AK,16216
1S9376,16217
1B9491,16218
1S9652,16219
1B9259,16221
1B9259,27609
1B9259,27627
4DV,16236
4DV,16717
4SR,16238
4NC,16240
15C,16224
1M9097,16225
1H9295,16226
1H9336,16231
5AR,16242
1A9436,16244
1A9383,16245
1C9627,16247
1A9442,16250
1C9668,16251
1C9685,16252
1C9685,23646
1A9317,16254
1B9504,16255
1C9684,16256
1C9702,16261
1D9378,16264
1D9359,16269
1S9672,16270
1H9317,16266
1M9165,16271
1M9144,16272
1NB,16274
1E9217,16275
1E9149,16276
1M9457,16277
1D9340,16278
1E9190,16279
1D9234,16281
1U0,16282
1G9238,16283
1J9214,16284
1G9222,16285
1F9192,16290
4U0,16292
1F9187,16291
1A9251,16294
1A9440,16296
1F9170,16297
1A9469,16298
1F9190,16301
1J9120,16302
1H9329,16303
1H9302,16304
1H9302,18090
1H9302,18450
4T9266,16305
4DF,16306
4DF,16610
4DF,19463
4C9466,17348
40F,16309
4B9126,16310
1Z9525,16311
4B9153,16312
4B9153,28102
1F9091,16313
1J9217,16314
1D9384,16315
5A1,16316
1Z9084,16317
1Z9085,16318
1J9206,16319
1C9692,16320
1R9337,16321
1T9514,16322
1B9397,16323
40G,16324
1B9458,16325
1C9688,16326
1B9485,16327
1VD,16328
4ED,16329
1E9237,16330
1D9365,16331
1D9379,16332
1A9406,16333
2J9011,16334
1A9246,16335
1F9114,16336
4T9269,16338
4A9058,16340
4M9058,16341
1C9672,16342
1A9412,16343
1E9297,16344
4T9215,17004
1S9368,16345
1S9368,16771
1A9398,16347
1E9608,16348
1Z9540,16351
1H9304,16352
1C9660,16353
1V9088,16354
1P9731,16355
1C9697,16356
1A9427,16357
7GB,16358
1A9304,16359
1C9709,16361
1T9230,16360
1T9230,17857
1T9230,23094
1C9664,16362
1Z9010,16364
1Z9060,16365
1G9242,16366
1G9242,18143
1G9130,16367
1F9203,16370
1D9255,16371
1D9354,16373
1D9350,16374
1D9217,16375
389004,16376
1F9166,16378
1E9227,16379
1H9311,16380
3E9048,16381
3E9048,23648
48Z,16382
1G9107,16383
1G9107,18033
1E9224,16384
4S9449,16385
1H9335,16386
1D9135,16387
1D9254,16387
1D9254,17163
1N9372,16388
1R9840,16389
1HL,16390
4C9244,16391
4HX,16392
4HX,16395
1AJ,16393
1A9448,16394
1F9169,16396
1C9452,16397
1B9475,16398
1B9329,16399
4D6,16400
4D6,19267
1C9635,16401
4A9056,16402
4A9056,20283
2C9081,16423
1D9319,16403
4MK,16405
4MK,17805
1A9456,16406
4PY,16407
L83,16658
1Z9071,16408
1J9164,16424
1L9160,16425
1T9512,16410
1T9539,16411
4HU,16413
4X7,16414
1T9560,16415
1T9534,16416
5MA,16417
5MA,21368
5MA,23405
5MA,24702
5MA,26673
1L9241,16419
1T9436,16420
1M9469,16422
1L9179,16426
1D9802,16427
1F9451,16428
1F9451,22103
1F9451,27445
4B9151,16429
UU3,16430
4T9274,16431
1M9167,16433
1G9467,16434
1V9089,16435
1M9463,16438
1H9714,16439
1S9437,16441
1W9003,16442
1N9152,16443
1M9384,16444
1M9416,16445
1P9356,16446
1P9249,16447
1S9521,16448
1T9541,16449
1T9543,16450
1S9611,16451
1Z9087,16453
1P9212,16454
1E9196,16455
1E9233,16456
1F9174,16458
1Z9116,16457
1Z9039,16459
2T9116,16463
1P9355,16464
1W9199,16462
1S9662,16465
1P9318,16468
1W9299,16466
1W9269,16467
1P9327,16470
4U3,16471
4U3,21583
1P9339,16472
1A9433,16473
1U9065,16474
1P9278,16475
1J9155,16477
1B9446,16478
1J9216,16479
4CR,16480
1L9237,16481
1S9653,16482
5EV,16483
5EV,21929
1F9157,16484
1G9227,16485
1S9677,16486
1S9476,16487
1S9601,16488
1T9524,16490
1T9508,16491
1T9006,16492
1T9354,16493
1T9536,16494
1M9473,16495
2M9056,16496
1M9119,16497
1T9440,16500
5TM,16501
5TM,17505
1V9353,16499
1V9086,16502
1P9247,16503
1P9247,16504
1S9S10,16505
1S9S20,16506
1S9S30,16508
456,16507
456,19899
1S9434,16509
18X,16510
18X,18723
1T9373,16512
1T9492,16513
19M,16514
19M,17855
19M,19798
1B9478,16515
1B9470,16516
1T9520,16517
1B9498,16518
1B9498,26851
1B9473,16519
1Z9091,16522
1C9665,16523
1D9368,16524
1W9274,16525
1W9208,16527
1W9298,16528
1R9341,16531
1V9081,16533
1R9321,16534
1V9080,16535
1E9197,16536
1W9254,16539
1M9509,16541
1W9201,16542
4S9009,16543
1W9418,16544
1M9737,16545
1Z9053,16548
1W9276,16546
1T9758,16547
1W9266,16549
1B9722,16550
1W9289,16551
1G9352,16552
2B9092,16554
1S9985,16555
1C9989,16557
1Z9096,16558
2F9068,16559
1X3,16560
1H9337,16561
1J9194,16562
1W9394,16563
4EU,16564
1J9065,16566
1Z9075,16565
1T9801,16568
48D,16569
1T9530,16570
1R9536,16571
5KT,16572
1T9837,16573
1W9203,16574
1F9300,16575
1W9285,16576
1W9285,17271
1W9285,18240
1N9241,16577
1L9352,16578
1W9291,16579
1R9509,16580
2W9001,16581
1A9158,16583
1A9133,16582
1A9133,19000
1W9001,16584
1U9063,16585
1W9198,16586
1W9287,16587
MAJ,16588
MAJ,20322
MAJ,20740
MAJ,22667
MAJ,23936
4KN,16590
4KN,19333
44U,16591
1G9459,16592
1B9381,16594
1L9200,16595
5WS,18710
5WS,24007
5WS,25002
1M9270,16596
1A9244,16597
1J9094,16598
1G9123,16599
1F9090,16600
1F9090,19438
1F9090,19576
4HM,16602
1S9350,16605
1M9378,16606
1W9162,16607
1F9103,16608
4M9033,16611
1D9193,16618
7FH,16619
7FH,23239
7FH,26342
4C9454,16620
1D9141,16626
1D9141,16627
1D9141,19053
LPP,16628
1T9281,16629
2TV,16630
1D9192,16631
1D9192,16853
1D9020,16632
2B9001,16633
4DM,16634
1H9199,16635
1T9279,16636
4T9253,16637
1EB,16638
1C9ACA,16639
1V9217,16640
1P9210,16645
1T9280,16646
1T9254,16647
1A9248,16648
4DG,16649
1K9100,16650
1R9185,16651
1D9197,16653
1U9108,16656
1A9229,16657
1B9282,16659
1H9197,16660
1B9276,16661
3N9001,16664
3N9001,17179
43Z,16663
43Z,17337
1F9107,16665
1C9447,16667
1L9006,16668
1L9006,16827
1L9006,19229
1T9278,16669
1M9382,16671
1E9140,16672
1H9213,16675
1E9143,16677
1U9045,16682
4HC,16686
1C9477,16687
1E9136,16688
4GU,16695
2N9017,16699
2N9017,18236
4ML,16704
1E9141,16705
1F9124,16706
1C9503,16707
4HP,16708
1D9226,16710
1T9311,16711
1F9081,16714
4LE,16715
1R9210,16723
1C9498,16724
1F9125,16725
1D9227,16726
1J9119,16727
1A9285,16728
4HF,16729
4PM,16730
1A9286,16731
1C9428,16732
3M9001,16733
1S9415,16734
1B9316,16735
1N9100,16736
1F9106,16737
1F9106,16808
1S9358,16738
1U9021,16739
1M9380,16741
1M9380,17160
1R9844,16742
1V9061,16743
1P9217,16744
1T9273,16746
1V9060,16747
1V9203,16749
57M,16750
1S9344,16752
1A9247,16754
571,6390
XPM,16755
XPM,20110
7GY,16756
4M9062,16758
4C9474,16760
4T9277,16761
1D9797,16762
1D9797,20377
1K9356,16763
1C9443,16764
1B9269,16765
1F9069,16766
1H9196,16767
1S9360,16768
1S9369,16769
1S9364,16770
1W9167,16775
1R9784,16777
4B9157,16778
4A9061,16780
4A9061,20351
1P9211,16783
7H6,16781
7H6,25234
1U9167,16782
1C9453,16784
1G9020,16785
4EC,16786
4EG,16787
1F9112,16789
1K9109,16790
1P9215,16791
1A9253,16792
1L9138,16793
1J9104,16794
1J9081,16797
1J9100,16798
1D9121,19405
1C9436,16800
1L9139,16801
1S9362,16803
1J9103,16809
1F9117,16810
1N9079,16812
1B9290,16813
4E8,16815
1D9200,16817
1S9363,19667
2H9048,16820
1S9418,16821
1S9422,16823
W0V,12630
W0V,16822
W0V,20195
1H9222,16824
1G9148,16826
1J9121,16830
4A9060,16832
4T9272,16833
49Z,16834
49Z,19138
1E9602,16835
4B9155,16837
4M9063,16838
1M9725,16840
2DE,16841
2DE,26730
2DE,28421
1N9081,16842
1T9299,16843
1N9075,16844
1D9203,16845
1R9145,16846
1C9462,16847
XL9009,16848
1C9376,16850
1N9085,16852
1W9184,16855
7GE,16856
4S9450,16857
1N9086,16858
3A9005,16861
1W9202,16862
1F9130,16863
1J9124,16864
1U9047,16866
1B9318,16868
1G9154,16869
1A9142,16870
1A9142,19010
1L9161,16872
4K6,16873
1H9230,16874
1E9152,16875
1T9359,16876
1A9294,16880
1Z9544,16878
4JL,16881
4JL,18230
1W9205,16883
1F9129,16884
4M9060,16885
1H9713,16886
1Z9545,16887
1H9232,16888
1M9427,16889
1P9248,16890
1J9128,16892
1B9321,16893
4BE,16894
4BE,19256
1S9431,16895
1F9128,16897
4A9064,16899
1V9066,16900
1G9416,16901
2T9016,16902
1R9216,16903
1R9216,17085
1S9436,16905
UH5,16906
L06,16912
1P9246,16909
1P9243,16910
1T9366,16911
1S9427,16913
1S9427,18251
1N9107,16914
1K9377,16916
1M9437,16917
1C9519,16920
1E9151,16921
LZR,16922
LZR,19950
LZR,25482
LZR,28027
1H9008,16923
1T9369,16925
4P6,16926
1W9602,16927
4A9066,16928
1L9147,16929
4B9159,16930
1F9410,16931
4M9065,16932
1W9600,16934
1M9307,16935
1W9598,16938
4B9160,16939
41Y,16940
1P9794,16942
1R9199,16943
1G9004,16944
1R9195,16945
1M9449,16946
1C9026,16947
1H9212,16948
1R9044,16949
1B9292,16950
1B9292,17186
1B9077,16951
1B9077,17472
1B9077,19108
1R9014,16952
1C9466,16954
4G8,16953
1A9206,16955
1M9387,16956
1T9312,16957
1T9350,16958
1M9404,16959
1L9165,16960
1B9328,16961
4SJ,16962
1M9436,16963
1K9123,16964
1N9109,16965
1R9227,16966
1A9299,16967
4TB,16968
1A9318,16969
1P9228,16970
1A9271,16971
1J9107,16972
1J9140,16973
1B9337,16974
1T9385,16975
1W9176,16976
1D9243,16977
1E9161,16978
1L9085,16979
1C9525,16980
1F9133,16981
1G9164,16982
1P9254,16983
1G9126,16984
1E9164,16985
1A9306,16986
1G9165,16987
1M9447,16989
1E9610,16988
1T9378,16990
7HA,16991
1S9445,16992
1E9156,16993
1S9461,16994
1C9530,16995
1W9212,16997
1M9452,16998
1X9002,16999
4TJ,17001
1T9294,17000
1J9018,17002
1S9020,17003
4F6,17005
1G9086,17006
1T9386,17007
4FU,17008
1G9134,17009
4J1,17010
1T9384,17011
1K9124,17012
1B9298,17013
4FE,17014
1H9019,17015
4FC,17017
1D9043,17016
4A6,17018
1H9243,17019
1G9077,17020
1S9455,17022
1S9459,17023
1B9347,17024
1R9047,17025
4L1,17026
1B9212,17027
1C9025,17028
1P9227,17029
1B9053,17032
1B9272,17031
1B9272,18099
1B9256,17034
1T9392,17036
1F9007,17038
1E9057,17039
1C9456,17040
1N9089,17041
1T9322,17042
1S9442,17043
1F9113,17044
4GK,17045
4HH,17046
1C9480,17047
1C9069,17048
1M9041,17049
1M9041,19756
4F5,17050
1W9174,17056
1P9370,17053
1F9325,17055
1C9559,17058
1A9261,17059
1A9344,17060
4JE,17061
4HL,17062
1V9073,17064
1C9460,17063
1T9287,17065
1Z9550,17066
1H9270,17067
1C9560,17070
1Z9035,17074
1A9375,17075
1B9426,17076
1C9588,17077
1U9055,17078
4YK,17079
1T9468,17081
1A9379,17082
1A9378,17083
1M9148,17084
4B9102,17086
1K9378,17087
1S9577,17088
1S9608,17091
5TC,17092
1R9298,17094
1EU,17093
1EU,17689
1EU,19410
1A9393,17096
1WE,17097
1M9159,17098
1W9258,17099
1A9397,17100
1C9624,17101
1X9003,17102
1D9330,17103
1Z9117,17104
1T9495,17105
1C9628,17106
1S9617,17107
1C9604,17108
4ZZ,17109
1C9587,17110
130,17111
1C9636,17112
139002,17113
1M9933,17114
1P9317,17115
1W9261,17116
1T0,17117
1K9157,17118
4NP,17119
1H9307,17120
19Z,17121
1J9184,17122
1S9627,17123
1T9501,17124
1B9414,17125
1M9147,17126
1T9519,17127
1D9351,17128
1V9043,17129
3AE,17130
1S9638,17131
1V9084,17132
1B9461,17133
4G0,17134
8X9001,17135
43M,17136
43M,19548
4D0,17137
1S9643,17138
1A9428,17139
1Z9076,17140
16G,17141
1T9523,17142
52R,17143
4X3,17144
4X3,18356
1H9716,17145
1L9218,17146
1S9497,17148
1L9232,17150
1M9334,17151
1P9345,17152
1B9486,17154
5AC,17155
450,17156
450,25253
450,27104
1E9235,17157
1L9243,17158
1W9288,17159
1D9387,17161
1B9489,17162
1D9224,17164
1K9172,17165
1D9371,17167
5AT,17168
1T9518,17169
1P9364,17170
1E9185,17171
1R9349,17172
1T9577,17173
1B9493,17174
1A9416,17175
1M9082,17176
1DR,17177
12H,17178
1E9207,17180
1C9713,17181
1C9705,17182
1D9382,17183
1M9005,17185
1D9250,17187
1B9513,17188
1E9166,17189
1E9179,17190
1D9309,17192
1S9014,17193
4LF,17194
1H9245,17195
1B9785,17198
1B9801,17199
1S9940,17201
1Z9282,17202
4C9479,17204
349002,17205
4T9279,17212
4T9279,28706
4T9279,28707
4T9279,28708
5M0,17207
1P9795,17208
1B9759,17210
1C9777,17211
1R9400,17215
5EW,17216
1B9545,17217
5EN,17219
3J9001,17222
1J9236,17223
1T9629,17224
4C9478,17226
1M9AAA,17227
1M9532,17229
4C9477,17230
1A9509,17232
1A9509,18249
1A9509,18727
1L9274,17234
1C9776,17238
1B9555,17239
1A9516,17240
1T9576,17241
1F9223,17244
1D9407,17245
1W9322,17246
1C9774,17247
1J9239,17249
1B9538,17250
8X9002,17251
1H9367,17252
SFE,17253
SFE,21389
SFE,28430
1S9746,17255
1D9436,17256
1R9422,17259
5F6,17260
1L9283,17261
1Z9146,17262
1Z9156,17263
1M9566,17264
1R9423,17266
1T9606,17267
1A9536,17269
1A9536,18255
1B9593,17272
1R9429,17273
1C9805,17274
1S9770,17276
1T9698,17278
1T9719,17279
7A9026,17280
1E9285,17281
1R9436,17282
1G9297,17285
7HB,17286
4B9163,17287
1W9346,17288
1P9462,17290
1S9825,17291
1B9653,17292
MRC,17293
1M9552,17295
1E9268,17296
1J9245,17297
1F9229,17298
1G9255,17299
1B9549,17300
1R9387,17301
1S9776,17303
1M9580,17304
1T9690,17305
1S9932,17306
1C9868,17307
1S9960,17309
1B9601,17312
1C9810,17314
1H9421,17318
5KW,17323
1G9283,17324
3M7,17325
3M7,24975
1C9816,17436
1P9463,17328
1T9741,17329
2M9153,17331
1Z9205,17332
1S9383,17333
1S9822,17334
1H9715,18102
1H9715,20002
1R9845,17338
1G9361,17339
4C9475,17340
1B9639,17341
7G1,17342
7G1,23826
1H9409,17344
4S9460,17343
1T9723,17345
1P9435,17346
2D9053,17347
1H9481,17349
1S9743,17350
1S9743,18058
1S9743,19019
1C9870,17351
1Z9551,17352
1Z9551,22982
1R9383,17353
3R9202,17354
3R9202,20633
2C9075,17355
4C9015,17356
1C9999,17357
1S9919,17358
AF9EJ1,17359
AF9EJ1,20374
2C9173,17360
2R9678,17362
1D9457,17363
1K9219,17364
3B9008,17365
1Z9198,17366
1G9288,17367
1L9309,17368
1R9460,17369
1B9635,17370
1S9266,17371
5E8,17372
1C9793,17373
1W9341,17376
1S9973,17375
1B9609,17377
1A9711,17378
1J9337,17379
2N9069,17380
1B9617,17381
1D9444,17382
1W9353,17384
1H9426,17385
5BT,17387
1M9724,17386
1C9996,17388
1B9743,17389
1B9595,17390
1F9255,17391
1K9057,17392
7HE,17393
4YD,19744
4YD,22542
4YD,23168
4YD,25404
4YD,26503
4YD,27323
4YD,28346
1J9030,17395
1P9793,17396
1S9216,17397
1Z9548,17398
4B9133,17399
7HJ,17400
1P9797,17403
4S9459,17404
1L9042,17405
4B9076,17406
1S9986,17407
1M9620,17408
1D9476,17409
1R9465,17410
1WF,17411
1W0,17411
1W4,17411
1WC,17411
2E9080,17412
1S9967,17413
1NL,17414
1NL,21916
1NL,27675
1NL,28232
1R9547,17415
1H9414,17417
1E9612,17418
1G9543,17419
1G9543,20573
1G9543,26741
1T9752,17420
4C9016,17416
1Z9181,17421
1T9753,17422
1W9172,17423
1Z9425,17424
1D9552,17425
1Z9251,17426
1H9717,17427
4S9463,17428
4S9463,22027
1G9539,17429
1W9421,17432
4A9067,17433
1H9718,17434
1B9822,17435
1M9615,17437
1R9466,17438
1M9621,17439
1S9835,17440
1P9432,17441
1B9673,17443
1J9264,17444
1W9426,17446
1R9467,17445
1D9488,17448
1T9749,17449
4T9270,17450
1E9613,17451
1B9828,17452
1D9810,17453
1D9481,17454
1D9482,17455
1K9077,17456
1M9623,17457
1W9364,17458
1H9429,17459
1A9600,17460
5K7,17461
1P9468,17462
1T9730,17463
5K0,17464
1A9604,17465
1S9953,17466
9UA,17467
1R9421,17468
1C9862,17469
1E9105,17470
1C9828,17471
1H9423,17473
1V9050,17474
1F9039,17476
1G9108,17477
1A9099,17478
1L9097,17479
1S9852,17480
1U9035,17481
1A9190,17482
1U9087,17484
1L9068,17485
1S9385,17486
1E9003,17487
1P9059,17488
1D9260,17489
4RA,17491
4RA,20594
1V9125,17490
5KM,17492
3AB,17493
1V9124,17494
1B9784,17495
1X9014,17496
1M9625,17497
1M9731,17499
1S9869,17501
1S9862,17502
5GX,17503
5HM,17504
1S9856,17506
1S9787,17508
1R9402,17511
1L9278,17515
1T9641,17516
1D9424,17517
1R9399,17518
1D9415,17519
2C9151,17520
1B9618,17521
1B9611,17522
2B9096,17523
5JA,17524
1B9638,17525
1E9313,17526
4EX,17527
1R9198,17528
1M9381,17529
1H9370,17530
1B9563,17531
1P9409,17532
1N9176,17533
1A9477,17534
1M9538,17535
1B9567,17537
1Z9143,17539
1M9543,17540
1B9560,17541
2T9124,17542
1T9634,17543
1D9425,17544
1D9426,17544
1T9647,17545
1G9266,17546
1L9265,17547
1A9529,17548
1A9530,17548
1K9367,17549
1A9526,17550
1P9755,17551
1M9875,17552
1M9875,20006
1F9226,17554
1M9529,17555
1B9787,17557
1P9546,17558
1E9379,17559
1W9420,17560
4S9007,17561
1T9857,17562
1S9998,17564
1B9574,17568
1J9244,17569
5BJ,17570
1T9651,17571
1T9636,17572
1Z9256,17573
1D9427,17574
1A9531,17575
3BT,17576
1T9648,17577
1H9372,17578
1S9968,17579
1B9564,17580
1M9304,17583
4BJ,17584
1K9255,17585
1B9569,17586
1A9524,17587
1T9842,17588
1Z9249,17590
1Z9139,17589
1S9735,17591
1P9457,17592
1A9503,17593
ZGR,17594
1C9784,17595
5E2,17596
1M9545,17599
1A9528,17600
1T9721,17601
1K9232,17602
1S9267,17603
1R9140,17604
2MX,17606
1A9223,17607
1C9324,17608
1C9324,21251
1C9324,25170
109125,17609
1A9527,17610
1C9789,17611
1Z9148,17612
2T9148,17613
1P9420,17615
1E9270,17617
1D9432,17618
1R9448,17619
1T9735,17620
5JF,17621
5KX,17624
1H9398,17625
1B9706,17626
7HF,17629
1M9651,17630
1M9652,17631
1P9798,17632
1P9488,17633
1B9703,17634
1A9624,17635
5MN,17636
1Z9543,17637
1N9222,17638
1S9858,17639
1D9120,17640
1E9614,17641
1E9607,17643
43A,17644
2B9062,17646
1D9578,17647
1G9274,17648
1T9699,17649
7HR,17632
1C9819,17650
1M9957,17651
1Z9158,17652
4B9164,17654
4B9164,20093
1R9853,17655
4C9476,17656
1UK,17657
1N9375,17659
1Z9552,17660
1A9539,17661
LA9TJV,17662
1P9782,17663
7HN,17664
1M9644,17665
1B9139,17666
1M9481,17667
1M9306,17668
1R9424,17669
1M9560,17670
5GS,17672
5DB,17673
5DB,18823
1W9328,17675
1W9335,17676
1K9201,17677
1S9757,17678
5F5,17679
44K,17680
1R9486,17681
1R1,17682
1P9178,17683
49Y,17684
1H9387,17685
1H9387,18714
1B9734,17686
1B9734,18598
1T9860,17687
KPS,17688
1P9531,17690
1T9244,17691
1D9164,17692
1H9237,17693
1P9175,17696
1K9050,17694
1D9276,17695
1D9276,18433
1A9326,17697
1T9405,17699
1C9058,17700
1L9174,17701
1D9269,17702
1S9022,17704
1C9065,17705
4C9083,17706
1A9572,17707
1T9748,17708
1T9686,17709
1W9497,17711
1A9482,17710
1A9670,17712
1R9554,17713
XTB,16476
XTB,21233
1C9710,17714
1T9707,17716
1R9464,17717
LPY,17718
1R9455,17719
1S9732,17721
1S9731,17722
1C9866,17723
2P9085,17724
1F9092,17725
1T9242,17726
1T9231,17727
1D9147,17728
1M9375,17729
1L9143,17730
1F9144,17731
1S9079,17732
1M9398,17733
1N9111,17734
1A9733,17735
1R9241,17736
1L9166,17737
1C9520,17739
1J9154,17742
1B9364,17743
4C9091,17744
4S9077,17745
1J9262,17749
ZJM,17751
ZJM,19535
1R9472,17752
1M9631,17753
1T9148,17756
4C9079,17758
1L9088,17759
1C9316,17760
1H9149,17761
48M,17762
1K9094,17763
13D,17765
1D9165,17766
1D9165,19454
1K9069,17767
1B9238,17768
432,17769
432,22781
1S9311,17770
4B9165,17771
4B9165,20532
4B9165,24416
4B9162,17773
4M9071,17774
5Z5,17775
1A9549,17776
2M5,17778
5D8,17779
1Z9188,17781
1C9409,17782
1C9363,17784
44M,17785
1E9336,17787
1M9336,17788
1J9083,17789
4C9061,17790
495,17792
1ML,17797
1B9251,17798
1W9400,17801
1T9380,17802
5WY,17803
1G9188,17804
1M9678,17806
1R9585,17807
1P9PEP,17808
1K9320,17809
1W9524,17810
1S9338,17811
1T9240,17813
109134,17814
1S9748,17816
1N9202,17817
1W9332,17819
1U9084,17820
5YS,17821
1A9134,17822
1M9361,17823
1M9444,17824
1P9490,17826
1A9250,17827
1D9208,17828
1S9262,17829
1P9260,17830
1J9153,17831
1T9031,17832
1M9008,17833
1R9238,17834
1B9257,17835
1C9033,17836
1B9258,17837
1C9031,17838
4LV,17841
4KP,17843
1Z9006,17844
1J9147,17846
1G9282,17848
1E9302,17849
1M9028,17850
4J8,17851
4J8,28848
4K5,17852
4LN,17853
1E9157,17854
4LR,17856
1W9068,17858
1H9248,17859
1C9030,17860
1M9081,17861
1Z9011,17862
1Z9001,17863
1S9334,17864
1K9036,17865
1E9124,17866
6Y9052,17867
1D9261,17868
1T9067,17870
2B9007,17871
1Z9009,17872
1R9235,17873
4JW,17874
1D9061,17875
1E9335,17876
4ME,17877
1F9143,17878
1B9359,17880
1R9243,17881
1F9324,17882
1K9191,17883
1J9238,17884
1M9721,17885
1E9AAA,17887
1T9661,17888
1M9537,17889
4UY,17892
1F9212,17893
1C9245,17894
1D9430,17895
5EP,17896
1A9463,17897
1C9CCA,17898
1A9589,17899
1B9260,17900
4KG,17901
5TL,17902
1E9265,17903
4KX,17904
1A9532,17905
1B9573,17906
1Z9008,17907
1M9551,17908
1J9242,17909
1T9653,17910
5EZ,17911
1M9542,17912
1W9108,17913
1V9006,17914
1D9259,17915
1T9081,17916
1J9243,17917
1G9172,17918
1C9502,17919
1J9148,17920
1J9133,17921
1B9575,17922
1M9080,17923
1T9658,17925
1S9278,17924
1N9178,17926
1T9364,17927
1B9355,17928
4T9285,17932
4T9285,20390
1R9252,17939
4B9140,17948
1N9012,17949
4M9076,17950
4M9076,21338
4M9054,17951
1B9551,17955
1R9407,17954
1T9646,17956
1W9325,17957
1J9240,17959
1C9781,17961
1G9540,17960
1R9398,17962
1S9725,17964
1P9393,17966
1G9542,17965
1S9741,17967
1A9525,17969
1R9403,17970
1G9265,17971
1M9548,17972
5EU,17978
1C9796,17983
1S9742,17984
1K9152,17986
1G9080,17989
1D9800,17991
4S9468,17992
4S9426,17993
7A9024,17994
4S9461,17996
4S9465,17997
1Z9553,18000
1T9632,18001
1C9799,18002
1P9416,18003
1F9230,18004
1S9751,18007
4RW,18009
1B9650,18010
1K9196,18011
1W9331,18012
5FV,18013
2F9045,18014
1B9576,18015
4AG,18016
1C9794,18017
1D9435,18018
1E9271,18019
1D9434,18020
1S9745,18021
1M9546,18022
1P9418,18023
1N9167,18024
1R9408,18025
1N9180,18026
1B9578,18027
1Z9149,18029
1R9411,18030
5FL,18031
1S9736,18034
1C9798,18035
1N9184,18036
1A9543,18037
1R9417,18038
1S9755,18039
1R9412,18040
5FW,18041
1D9437,18042
1C9790,18043
1C9795,18044
1M9553,18045
5F1,18047
1C9764,18049
1P9422,18051
1K9197,18056
1JK,18055
1J9467,18057
1W9213,19232
1H9379,18060
1T9654,18061
1T9630,18062
1A9541,18063
1B9582,18064
1L9284,18066
1A9546,18067
1S9737,18068
2M9135,18069
1Z9157,18070
1Z9MS1,18071
1R9418,18072
1M9559,18073
1A9545,18074
1H9380,18075
1P9424,18076
5CN,18077
1Z9072,18078
1G9272,18079
1Z9152,18080
149004,18081
1N9186,18083
1F9214,18084
2HZ,18085
1R9426,18086
1C9801,18087
1A9550,18088
1T9669,18089
1F9233,18091
1L9270,18092
1G9271,18093
1S9760,18094
1S9749,18095
2M9147,18096
5GP,18097
1K9346,18098
4B9169,18101
4B9169,28569
1L9280,18103
1L9280,21116
1L9280,27605
4UV,18105
1B9566,18107
1M9464,18115
149002,18113
1B9519,18117
1P9400,18119
1S9700,18120
1M9493,18121
1E9200,18122
7H8,18123
7H8,24011
7H8,24865
4N1,18124
1S9712,18125
4S9464,18126
4S9464,20617
1M9570,18127
7H0,18128
7H0,23758
7H0,26669
1C9814,18129
1A9551,18130
1L9242,18131
1G9270,18132
1M9564,18134
1Z9161,18135
1A9554,18136
2C9086,18137
2K9062,18138
5GU,18139
1S9767,18140
1S9764,18141
1S9764,18918
1Z9147,18142
1A9461,18145
1C9811,18146
1S9763,18147
1L9286,18148
1M9565,18375
1G9279,18152
1Z9121,18153
1A9533,18154
1A9533,19039
507,18155
1J9224,18156
1G9544,18157
1N9191,18158
7HZ,18159
1F9032,18160
4M9075,18161
1A9542,18162
5HC,18163
1R9430,18164
7J0,18166
1Z9163,18167
1H9381,18169
1B9591,18170
2L9107,18172
1H9384,18173
1E9278,18174
1P9724,18175
5HF,18176
4T9288,18200
4T9289,18201
Y69002,18203
1W9606,18204
1D9811,18207
KUS,18208
KUT,18208
2M9018,18209
7J1,18210
7HY,18211
1B9598,18212
1T9677,18213
17X,18214
1M9234,18150
1T9675,18216
5HH,18217
1M9502,18218
1W9309,18219
1Z9160,18220
1K9380,18221
1H9383,18222
5HB,18224
1E9275,18225
1W9338,18226
1W9340,18228
SA9112,18229
1C9786,18231
1C9804,18232
1E9284,18233
5HV,18234
5HJ,18235
4S9444,18237
1N9198,18238
1T9588,18241
1T9588,22940
1M9574,18242
5HP,18243
1T9682,18244
1G9276,18247
1K9202,18248
1S9765,18250
2LD,18252
1T9529,18253
2F9055,18254
1B9878,18257
1K9204,18258
1M9578,18259
1S9775,18260
1U9078,18261
1U9078,18641
2C9161,18262
1F9242,18267
2S9131,18268
1A9520,18270
1L9346,18271
5GY,18272
1A9707,18273
1S9990,18275
1C9820,18279
1FW,18280
1M9729,18281
1E9350,18282
1P9434,18285
SDR,18286
1A9559,18287
1C9825,18288
1B9613,18289
1M9567,18290
1B9603,18291
1B9603,18971
1Z9167,18292
1C9822,18294
3A9057,18295
1W9344,18297
1PA,18298
1B9612,18300
1T9696,18301
14V,18302
1M9571,18304
1B9599,18305
1R9437,18306
1M9579,18307
1K9207,18308
1A9558,18309
1M9572,18310
1M9572,18780
1C9817,18311
1U9080,18312
5HU,18313
1M9556,18314
1T9708,18315
2G7,18316
2G7,18318
2G7,18319
1D9813,18329
2K9050,18331
1E9359,18333
1P9792,18334
1P9792,27819
1E9376,18335
2RY,18336
5FG,18337
2B9640,18339
2S9132,18340
1D9559,18342
1E9361,18344
1T9856,18345
1N9219,18346
1N9219,18929
1K9259,18348
7H2,18347
1D9799,18352
1Z9264,18351
3DC,18353
LZ9HZG,18354
LZ9HZG,20142
4C9012,18355
1R9303,18357
1R9303,18557
1M9597,18358
5KV,18359
1C9836,18360
1B9616,18361
1Z9266,18362
1B9739,18363
1D9545,18364
1E9304,18366
1E9229,18368
SFB,18370
1F9235,18372
1S9788,18373
1H9400,18374
5ES,18376
1S9SMD,18377
5H6,18378
1B9625,18379
5FM,18380
1A9690,18382
1H9362,18383
1H9371,18385
1K9215,18386
1L9302,18387
1P9376,18390
1L9269,18391
1T9681,18392
1M9676,18393
SJZ,18394
1R9858,18395
4S9017,18396
1D9803,18397
1Z9554,18398
13Y,18399
L4W,18401
1N9204,18402
1S9819,18403
1N9206,18404
1B9819,18406
1Z9225,18407
1C9802,18408
1W9381,18411
1F9224,18410
1P9344,18412
1J9344,18414
1M9600,18415
1T9706,18417
1K9262,18418
1K9214,18420
1Z9187,18421
1C9974,18422
4UL,18423
7HP,18424
2C9178,18428
5JU,18425
5JU,21619
1T9736,18426
2S9058,18427
2LC,18430
1R9409,18431
1C9933,18434
1M9643,18435
2P9059,18437
1N9200,18438
LXS,18439
1M9607,18440
1N9181,18441
5JG,18442
1J9260,18443
1M9598,18445
1Z9173,18447
1B9764,18449
1D9ADA,18448
1T9876,18451
1G9299,18453
5MS,18454
1G9300,18455
1F9247,18456
4S9035,18457
1F9246,18458
1P9577,18459
1M9577,18460
1L9363,18462
1G9292,18463
1E9315,18464
1A9567,18465
5JR,18466
1L9304,18467
1B9663,18468
5BC,18469
1M9476,18470
4B9166,18471
2E9050,18472
1M9573,18474
1P9441,18476
1E9293,18477
1J9255,18479
1S9801,18480
1A9568,18482
1P9444,18484
1P9529,18485
1F9297,18488
1M9593,18487
2P9036,18489
1M9511,18490
1E9298,18491
1S9934,18492
1M9595,18493
1L9359,18494
1F9287,18495
1E9299,18496
1D9454,18497
5LK,18498
2RN,18500
1B9623,18502
4C9469,18504
JP9008,18505
4YP,18506
TYB,18509
4C9048,18510
1J9298,18511
1W9601,18515
1L9328,18517
1A9648,18522
1A9648,18603
1C9957,18523
RKC,15888
1T9804,18524
1H9436,18525
1M9688,18526
1F9291,18529
1U9092,18530
1D9515,18531
1L9254,18532
1S9916,18533
1T9818,18534
1B9630,18537
1K9241,18536
1S9820,18538
5FK,18539
1S9806,18540
1S9821,18541
VGA,18544
1C9856,18545
4T9291,18547
1C9202,18548
4S9473,18549
4M9056,18551
4C9446,18552
4C9446,20357
4C9446,21830
1N9378,18553
1D9448,18554
1M9524,18555
1P9445,18556
1L9292,18558
1E9300,18560
1C9CTM,18562
1F9640,18565
1N9203,18566
1B9651,18567
1D9461,18568
2T9089,18569
1L9301,18570
1D9463,18571
WB0,18572
WB0,19959
1P9450,18573
1N9207,18575
1B9646,18576
1C9043,18577
1R9456,18578
1B9645,18579
1M9604,18580
2EW,18581
4C9491,18582
1E9348,18589
1A9660,18590
1P9322,18591
1M9681,18592
1X9015,18594
1B9727,18595
5KY,18596
2A9023,18597
1M9690,18599
1J9315,18600
1W9391,18601
1S9908,18602
5EX,18604
1D9520,18605
1R9528,18606
1Y9023,18607
5L8,18609
1N9229,18610
1E9347,18611
LT8,18612
1P9506,18613
5PG,18614
1W9388,18615
1D9518,18616
1P9505,18617
1D9526,18618
4B9172,18623
4A9071,18624
1Z9464,18625
1D9814,18627
4C9494,18628
7JA,18629
1C9213,18630
7HK,18631
7FN,18632
1C9961,18636
1M9703,18638
1A9669,18639
5PY,18640
2R9690,18643
1D9598,18644
1W9441,18646
1W9441,20667
4S9103,18649
4C9099,18652
1D9599,18653
1K9230,18655
1Z9304,18656
1M9788,18657
1R9623,18659
1A9774,18660
1H9520,18661
1B9884,18663
1B9883,18664
1A9717,18665
1E9424,18666
1A9831,18669
4S9139,18670
1T9974,18671
4S9183,18673
1G9414,18674
4C9232,18675
1R9861,18677
4T9296,18679
4T9290,18680
7J8,18681
7J8,19702
4C9492,18682
4C9497,18683
4C9498,18684
7JF,18685
1N9297,18686
4S9213,18687
1B9971,18688
1P9674,18689
5WN,18691
1N9291,18693
1D9537,18694
1Z9371,18695
1Z9343,18696
4T9020,18697
1X9025,18699
1F9400,18700
1G9432,18701
1N9316,18706
1T9928,18707
1W9508,18708
7J5,18712
7J5,20504
7J5,21225
7J5,22165
7J5,23760
7J5,24529
7J5,26125
7J5,27134
7J5,28115
1G9281,18713
1C9821,18716
1G9295,18717
1R9444,18718
1T9689,18719
1S9792,18720
1E9301,18721
1P9433,18722
2P9079,18724
1A9563,18725
1M9MCC,18728
1C9838,18729
1B9628,18730
1J9248,18731
1C9853,18732
1W9347,18733
5JH,18734
1C9859,18735
1N9201,18736
1A9577,18737
1B9605,18739
1Z9182,18740
2D9071,18741
1L9Y85,18743
1T9713,18744
3A9080,18747
2FG,18748
1A9569,18750
1R9454,18751
1M9654,18755
2L9119,18756
2M9151,18757
2H9080,18758
1B9640,18759
1A9611,18760
1T9762,18761
1F9259,18762
1Z9175,18763
1M9626,18764
1N9213,18765
1R9451,18766
1H9433,18767
1A9606,18768
5K1,18769
1S9836,18770
1Z9185,18771
1T9763,18772
1E9381,18773
1T9755,18774
1F9257,18775
1A9586,18776
1T9759,18777
1M9575,18778
1C9901,18779
1M9179,18781
1L9316,18782
1V9105,18783
1Z9164,18784
1J9705,18787
1H9432,18788
1E9307,18790
1D9450,18792
1D9124,18793
1D9442,18794
1P9461,18795
4C9500,18797
1P9802,18798
5ZM,18799
1D9815,18800
1D9815,28797
4A9072,18801
1L9574,18802
1D9816,18803
1K9198,18805
1H9411,18806
1D9467,18808
1V9111,18809
1N9192,18810
1C9894,18811
1W9345,18812
1S9779,18813
2C9184,18815
2C9169,18816
R2L,18821
1A9555,18824
1B9580,18825
2B9064,18826
1D9465,18827
1M9599,18829
1S9782,18830
1U9170,18831
4C9499,18832
1K9118,18833
5J4,18834
1A9588,18835
5J2,18839
1G9311,18840
1B9536,18841
1B9644,18842
1A9592,18843
1J9274,18844
5LG,18845
1P9456,18846
1S9834,18847
1K9216,18849
1C9857,18850
1U9083,18851
1H9407,18852
SA9123,18853
1V9110,18854
1J9249,18855
1U9086,18856
1E9312,18858
1E9316,18859
5KP,18860
2C9057,18861
1T9722,18862
1S9828,18863
1Z9191,18865
AF9FG1,18867
1H9431,18868
1C9CCC,18869
1N9128,18870
1H9364,18871
1W9354,18872
1M9627,18873
1C9843,18874
1H9418,18875
1B9633,18876
1C9854,18878
1T9732,18879
1M9576,18880
1L9306,18881
1T9709,18882
1Z9208,18883
1S9752,18884
5JE,18885
1Z9171,18886
1H9427,18887
1E9291,18888
1P9443,18889
1B9594,18890
13X,18891
1J9259,18892
1A9566,18893
1P9442,18894
1D9466,18895
7HL,18896
1A9616,18898
1D9462,18899
1P9460,18900
1F9253,18901
1T9714,18902
1T9668,18904
1G9315,18905
1N9208,18907
1J9276,18908
1B9680,18909
1L9319,18910
1Z9212,18911
1W9367,18912
1J9285,18913
1M9646,18914
1R9474,18916
1R9469,18917
18Y,18919
1T9788,18920
1K9237,18921
1S9698,18922
1P9491,18923
1L9329,18924
1H9446,18925
1B9709,18926
1T9784,18927
5NC,18930
1D9489,18933
1J9299,18934
1L9324,18935
1P9487,18936
5ML,18937
1S9872,18938
1T9779,18939
1H9448,18941
1S9863,18942
2R9672,18944
1D9500,18945
1T9776,18946
1T9769,18947
1A9629,18949
1E9334,18950
1T9775,18951
1H9057,18952
1T9777,18953
1R9485,18954
LE6,18955
1R9476,18956
2B9110,18957
1G9322,18958
1P9484,18961
1S9846,18962
1T9774,18963
1W9374,18964
1S9864,18965
1D9501,18966
1S9853,18967
169002,18968
1R9479,18969
1A9602,18970
1K9225,18974
1K9209,18975
1N9215,18976
1T9770,18977
RF8,18978
1D9490,18979
5L7,18980
1M9648,18981
1P9476,18982
40T,18983
1G9072,18984
1K9047,18985
1E9052,18986
1F9034,18987
1X8,18988
1C9086,18989
1C9204,18990
1H9113,18991
1T9156,18992
4C9486,18993
4C9501,18994
1H9722,18995
1R9850,18996
1D9108,18997
1K9065,18998
1S9191,18999
1S9202,19001
1P9010,19002
1L9081,19003
1S9173,19004
1D9116,19005
1P9045,19006
1A9132,19007
1L9092,19008
1C9301,19009
1T9139,19011
1B9145,19012
1D9474,19013
1S9818,19014
1S9829,19015
1E9305,19016
1E9314,19017
1B9665,19018
1S9831,19020
1WR,19021
1M9605,19022
1A9480,19024
1A9597,19025
1S9685,19026
1P9469,19028
1A9603,19029
RKP,19030
1H9415,19031
1S9762,19032
5HK,19033
1E9274,19035
1C9830,19036
1R9440,19037
1T9702,19038
1T9237,19040
1A9571,19041
1A9561,19042
1S9823,19044
1S9823,19796
1P9332,19045
5JB,19046
1T9703,19047
1T9704,19047
1C9356,19048
472,19049
46V,19050
4CZ,19051
44R,19052
1W9128,19054
1A9181,19055
1S9274,19056
1D9145,19057
1H9155,19058
1N9057,19059
46Y,19060
465,19061
1W9125,19062
46P,19063
1M9294,19064
1A9334,19065
1F9084,19066
486,19067
1T9228,19068
48G,19069
1T9229,19070
1C9399,19071
1B9222,19072
1N9060,19073
483,19074
1H9168,19075
1R9152,19076
49D,19077
1T9120,19078
1S9292,19079
1E9012,19080
1W9116,19081
1B9230,19082
1R9131,19083
1C9398,19084
1S9257,19085
1H9161,19086
1A9200,19087
1R9138,19088
1R9147,19089
1B9208,19091
1B9206,19093
1C9391,19094
1R9144,19095
1G9033,19096
1H9154,19097
1J9075,19098
47M,19099
1G9104,19100
47Y,19102
1A9176,19103
1M9322,19104
1W9114,19105
1A9164,19106
1D9163,19107
1S9286,19109
1L9105,19110
1C9385,19112
1N9064,19113
1G9008,19115
1G9008,19116
109133,19117
1S9320,19118
1N9066,19119
1B9239,19120
49K,19121
1S9317,19122
1C9420,19123
1H9178,19124
1D9172,19125
1H9182,19126
1M9356,19127
1C9429,19128
1T9250,19129
1S9321,19130
1B9249,19131
1T9251,19132
1A9225,19133
4A7,19134
4A8,19135
1B9241,19137
4AA,19139
109137,19140
1B9254,19143
1S9239,19144
1N9050,19145
1C9298,19146
1B9184,19148
1W9107,19149
1D9131,19150
1R9124,19151
1F9076,19152
1C9331,19154
1C9335,19155
4T5,19157
1B9191,19158
1C9372,19159
1P9146,19160
1K9083,19161
3T9205,19162
3T9205,22560
41B,19163
1N9056,19164
1T9214,19165
1T9211,19166
475,19168
467,19171
1D9142,19172
45S,19173
1S9234,19174
1D9148,19175
1C9113,19176
1R9112,19177
47E,19179
1P9153,19180
45D,19181
45D,19915
1U9036,19182
48A,19183
1K9087,19184
1W9120,19185
45T,19186
1D9150,19187
1C9395,19188
ZBG,19189
NP9168,19194
NP9168,20113
3P9037,19196
UBM,19198
4M9024,19199
4C9502,19200
4C9502,21887
1P9803,19201
7JJ,19202
4C9496,19203
4A9078,19204
4M9090,19205
4M9088,19206
4T9129,19207
1D9817,19208
4B9177,19211
1L9575,19212
4T9295,19213
1E9620,19214
1E9620,23818
1E9620,23883
1L9572,19215
1L9572,20274
1L9572,20696
4S9478,19216
1U9169,19217
4S9477,19218
4A9080,19220
4S9476,19221
7JN,19222
1F9490,19223
1P9805,19224
1X7,19225
1E9181,19226
1K9011,19227
1M9428,19228
1H9242,19230
1W9333,18059
1C9534,19235
1D9231,19236
1W9207,19237
1B9228,19238
1Z9004,19239
1J9144,19240
1C9536,19241
46X,19242
4JY,19243
4NG,19244
1D9251,19245
1L9044,19246
4K3,19248
1T9208,19249
1D9154,19250
1L9109,19251
1A9188,19252
1H9153,19253
1W9154,19254
4C4,19255
1A9234,19257
1T9259,19258
1E9119,19259
1W9048,19260
4B8,19261
1W9152,19262
1C9293,19263
1M9282,19264
1F9118,19265
1C9473,19266
1T9328,19268
1P9195,19269
1D9134,19270
1A9147,19271
1B9190,19272
1J9070,19273
458,19274
458,25617
1P9149,19275
1P9142,19276
45E,19278
1B9196,19279
41G,19280
XL9310,19281
1A9565,19282
1L9308,19283
4U1,19285
1G9289,19286
1A9211,19287
4C2,19288
1A9230,19289
1E9007,19290
1E9007,27287
1E9007,27648
1M9364,19291
1A9236,19293
1L9127,19294
4PT,19295
1P9009,19296
1L9150,19297
1F9089,19298
1S9279,19299
1K9037,19300
1W9206,19301
42N,19302
1M9009,19303
1B9338,19304
1M9004,19305
2JC,19306
1G9174,19307
1G9178,19308
1W9215,19310
1F9146,19311
1B9360,19312
1S9464,19313
1B9356,19314
4MN,19315
1A9324,19316
1A9114,19317
1T9332,19318
1S9357,19319
1Y9008,19320
1C9053,19321
1M9020,19322
1B9327,19323
1P9061,19324
1T9370,19325
1C9039,19326
1U9005,19327
1T9396,19328
4MH,19329
1V9016,19330
119001,19331
1L9027,19332
1Z9013,19334
1S9406,19335
1S9470,19336
1R9244,19337
1B9363,19338
1H9253,19339
1M9086,19340
1N9113,19341
1N9118,19342
1P9190,19343
1T9402,19344
1E9169,19345
1L9176,19346
1C9066,19347
1B9365,19348
1A9330,19349
1T9406,19350
1B9366,19351
1S9483,19352
4NN,19353
1E9170,19354
1D9268,19355
1B9353,19356
4M6,19357
1G9181,19358
1J9149,19359
1T9400,19360
1P9161,19361
4MW,19362
1C9056,19365
1G9182,19366
1S9477,19367
4MU,19368
1M9092,19369
1V9065,19370
1D9818,19373
7HH,19374
7HH,23846
4A9082,19375
4B9176,19377
4B9176,23440
1H9723,19378
4A9075,19380
1F9152,19381
1S9484,19382
1S9490,19383
1R9229,19384
1A9333,19385
1T9376,19386
1M9096,19387
1F9078,19388
4PK,19389
1S9492,19390
1M9093,19391
1J9145,19392
1A9359,19393
1B9141,19394
1M9263,19395
1S9189,19396
41U,19397
1S9215,19398
1A9105,19399
1S9197,19400
406,19401
1C9268,19402
1C9266,19403
1C9330,19404
1A9149,19407
1C9326,19408
1H9110,19409
1W9135,19411
1R9139,19413
1A9185,19414
1K9070,19415
1N9062,19416
1P9172,19417
1V9048,19418
49G,19419
1L9116,19420
7H5,19421
7H5,24674
1N9054,19422
1P9174,19423
438,19424
1W9143,19425
1W9144,19426
1R9156,19427
1N9063,19428
1S9009,19429
1W9106,19430
1E9111,19431
1E9111,27288
1E9111,27649
1M9348,19432
1T9241,19434
1S9236,19436
1R9165,19437
1T9249,19439
1R9168,19440
109136,19441
1S9308,19442
47X,19443
1C9393,19444
1G9070,19445
1F9095,19447
1D9183,19448
1T9434,19449
4XD,19451
1N9133,19452
1E9188,19453
1E9191,19456
1T9221,19457
1T9221,19804
1A9360,19458
1S9532,19459
1W9235,19460
1C9576,19461
1S9543,19464
1C9163,19465
1P9239,19466
KMT,15485
KMT,19479
KMT,20046
KMT,20764
KMT,20828
KMT,20959
KMT,21541
KMT,21622
KMT,21764
KMT,21967
KMT,22721
KMT,23199
KMT,23258
KMT,23856
KMT,23940
KMT,24129
KMT,25432
KMT,25487
KMT,26170
KMT,26629
KMT,26857
KMT,26858
KMT,26982
KMT,27821
KMT,27949
KMT,28093
KMT,28130
1PL,19483
2K9035,19484
4T9303,19485
7JS,19486
1J9470,19487
1R9863,19488
1M9614,19489
1C9882,19490
468,19491
5KS,19492
1C9304,19494
1C9274,19495
1N9041,19496
1U9013,19497
1W9076,19498
1A9127,19499
1R9091,19500
40H,19501
1D9114,19503
1D9111,19504
41C,19505
1W9094,19506
1M9090,19513
1P9446,19515
1V9112,19516
1S9203,19517
1N9043,19518
1H9123,19519
1WZ,19520
1T9154,19522
1M9275,19523
1C9287,19525
1Y9003,19527
1T9160,19528
109123,19529
428,19530
1P9113,19531
1B9210,19532
SCR,19536
1C9319,19537
1H9069,19538
1C9346,19539
43K,19540
1T9178,19541
1J9053,19542
1T9168,19543
1M9216,19544
1H9231,19546
1L9095,19547
1M9292,19549
1S9250,19550
11J,19553
1M9181,19554
1R9056,19555
1F9027,19556
1D9089,19557
1S9131,19558
1B9102,19559
1R9061,19560
1E9048,19561
1L9086,19562
1C9308,19563
11L,19564
LEX,19565
1W9115,19566
1W9115,20416
1E9095,19567
1A9172,19568
1R9136,19569
1T9207,19570
1M9300,19572
49M,19573
1B9236,19574
1D9162,19575
1C9411,19578
109131,19579
1R9149,19580
1C9416,19581
1B9242,19582
1E9113,19583
3E9001,19584
109127,19585
1P9184,19586
1G9111,19587
1P9162,19588
1C9424,19589
1CU,19590
1H9171,19591
1R9135,19592
1W9097,19593
1M9305,19594
1L9124,19595
1J9084,19596
4JD,19597
1A9163,19598
1V9053,19599
4BL,19600
1S9332,19601
1T9260,19602
1V9052,19604
1V9052,22351
1B9240,19605
49S,19606
4AY,19607
1A9220,19608
1L9132,19609
8A6,19610
1D9178,19611
1B9263,19612
1G9115,19613
1A9232,19614
1H9191,19615
1W9155,19616
1T9277,19617
1D9188,19618
1M9376,19619
1C9396,19620
4BP,19621
1M9371,19623
1H9039,19625
4D4,19626
4GE,19627
1M9403,19628
1W9179,19629
1H9218,19630
1B9311,19631
1D9212,19632
1C9485,19633
1M9395,19634
1K9106,19635
1C9442,19636
1M9391,19638
1J9110,19639
1J9039,19640
1C9483,19641
4PA,19642
4FZ,19643
1K9113,19644
1G9139,19645
1G9131,19646
1M9406,19647
1S9405,19648
1S9059,19649
1R9246,19650
1P9196,19651
1B9370,19652
1R9249,19653
4LX,19655
1S9475,19656
1M9411,19657
1Z9012,19658
1W9216,19659
1M9007,19661
4L7,19662
1R9230,19663
ZA9D39,19664
1M9089,19665
1S9486,19666
1T9395,19668
1M9023,19669
1L9175,19670
1A9327,19671
1E9104,19672
1C9059,19673
1G9175,19674
2CU,19679
4A9079,19680
1F9217,19681
40R,19685
1C9291,19686
1T9181,19687
1T9181,22726
1B9172,19688
1TA,19689
1C9360,19690
1W9113,19691
4LC,19692
1W9117,19693
44Z,19694
2B9006,19695
ZJP,19698
1S9219,19699
4M9091,19700
4T9305,19703
4C9506,19704
1W9604,19705
4A9088,19706
1X9033,19707
7JU,19708
4S9480,19709
4C9485,19710
1E9622,19711
4M9092,19712
1L9578,19713
1N9382,19715
4A9085,19716
4A9085,24970
4S9483,19717
1A9445,19718
1A9445,22967
4B9180,19719
2F9100,19720
4A9087,19721
1J9468,19722
4A9089,19726
4B9178,19727
4A9084,19728
4C9505,19729
1L9579,19730
4M9093,19732
1G9514,19733
1R9846,19734
4B9173,19735
1G9547,19736
7HM,19737
1H9725,19738
1F9489,19740
1F9489,21822
5JV,19751
433,19752
1B9149,19753
1H9098,19754
44F,19755
1R9119,19757
44V,19758
1S9226,19759
1T9196,19760
1A9169,19761
1M9310,19762
1G9091,19763
1H9385,19764
1S9824,19765
1W9083,19769
1N9049,19770
1Z9562,19771
1D9819,19773
YA3,19774
YA3,25259
YA3,27350
1G9491,19776
1B9767,19777
VRC,19778
1M9769,19779
1P9628,19780
4C9160,19782
4DS,19783
1N9115,19787
2P9015,19788
1N9116,19789
1S9248,19790
1L9155,19791
2A9037,19793
4PF,19794
1W9234,19795
1N9096,19797
1D9184,19801
4B2,19802
1W9137,19803
1U9038,19805
48L,19806
1B9166,19807
1J9278,19808
1D9152,19809
47N,19810
48E,19811
1G9103,19812
1C9389,19813
1C9392,19814
1M9327,19815
1M9308,19816
47T,19817
1T9227,19818
1H9163,19819
1T9199,19820
1B9220,19821
1E9097,19822
7JV,19823
4A9091,19824
7JW,19825
1F9491,19827
1F9491,20641
1F9491,21602
1F9491,24058
1J9472,19828
1W9603,19829
1C9353,19832
491,19833
487,19834
1M9341,19835
1W9138,19836
1U9029,19837
1C9369,19839
1E9013,19840
1E9014,19841
1D9110,19842
1K9007,9130
1K9008,9130
1K9062,9130
401,19844
1DY,19845
1M9258,19846
2K9013,19847
171,19848
421,19849
4B9120,19850
1P9114,19852
1XA,19853
1F9063,19854
41Z,19855
42F,19856
SA9004,9256
SA9004,19857
SA9004,27420
SA9004,28156
2S9009,19858
1F9072,19859
1P9807,19860
45G,19861
1M9316,19863
1B9178,19864
47K,19865
3M9084,19866
435,19868
435,19918
43N,19869
1B9187,19870
46E,19871
46F,19872
1T9187,19873
48K,19874
1R9137,19876
1H9162,19877
1F9493,19878
1N9383,19879
1H9011,19880
1K9384,19881
4A9081,19882
4A9081,20751
493,19883
1R9177,19884
1S9391,19886
1C9005,19887
1J9076,19888
1NT,19889
1C9334,19890
1A9432,19895
1S9341,19896
1A9198,19897
1C9418,19898
1B9183,19902
1C9423,19903
1J9090,19904
1S9337,19906
40N,19907
1H9624,19908
4M9094,19909
1E9624,19910
4A9093,19912
1A9165,19917
LA2,19924
LGA,19925
4SC,19926
1N9059,19927
4M9086,19935
4M9086,22658
4A9095,19938
1F9492,19939
3V9021,19941
1D9812,19942
4YA,19943
1E9619,19944
4T9301,19945
1C9102,19952
1C9102,19953
1C9102,19954
4S9484,19956
4B9184,19958
4B9184,20571
4B9184,22078
4B9184,22079
1G9549,19964
1N9354,19965
1N9354,20945
4M9097,19966
1Z9565,19970
1C9876,19971
1C9292,19980
1EM,19981
2EM,19981
1EL,13704
2EL,13704
4A9097,19993
4M9096,19994
LBU,19996
1J9092,19998
4C9509,19999
1R9867,20000
4A9073,20001
2SF,20007
4B9185,20013
4A9098,20014
LDU,20020
LDU,21337
LDU,24040
R2F,20021
R2F,26039
4A9099,20022
1W9616,20023
4B9186,20024
1N9384,20025
1N9384,22619
1L9571,20026
1L9571,21220
6K9314,20027
6K9314,21170
6K9314,22904
6K9314,24635
6K9314,26027
6K9314,27366
4T9309,20028
3A9258,20029
4T9308,20030
4B9183,20034
1W9566,20035
7HV,20036
7HV,21191
R2H,20042
1J9471,20054
1R9868,20055
SEG,20061
1D9791,20062
1D9791,26952
WB3,20078
WB3,20703
WB3,22334
WB3,22336
WB3,24435
WB3,24804
WB3,24806
WB3,26441
WB3,27836
WB3,28462
1E9616,20081
1MD,20083
1MD,20084
1M9992,20086
WHR,20088
WHR,20747
WHR,22404
WHR,24212
WHR,25214
1P9808,20090
1P9810,20091
1J9474,20104
1Z9523,20105
4T9307,20106
4B9167,20107
1H9669,20111
4B9188,20118
4T9265,20136
4M9098,20148
4M9098,22115
4M9098,22442
4M9098,24387
3F9060,20152
3F9060,22948
3F9060,23707
3F9060,27657
4C9514,20154
4C9515,20158
7HT,20161
4B9190,20162
53R,20164
1Z9566,20167
1C9742,20173
1P9812,20174
1J9478,20175
4C9516,20176
3M9087,20226
4T9029,20234
4B9181,20235
1V9223,20236
1F9497,20237
1F9497,23540
1K9385,20239
1D9824,20242
4B9068,20243
4B9191,20247
1D9823,20248
1D9823,25962
7JY,20257
7JY,24182
1R9865,20258
1R9864,20259
1R9869,20260
1U9172,20275
4B9192,20276
4T9311,20277
1E9629,20278
4T9310,20279
3S9019,20280
4A9013,20281
4T9312,20282
1R9871,20284
7K2,20285
4S9492,20286
1P9809,20287
1D9796,20288
1D9825,20289
1D9825,23477
1Z9569,20290
1R9859,20291
4M9101,20293
4S9454,20294
4S9454,20512
1V9218,20295
1Z9058,20296
7G0,20297
7G0,25948
1F9494,20298
2MW,20299
1J9480,20311
4M9102,20312
4M9102,27487
1E9617,20313
1E9617,20908
1E9617,21241
1E9617,23604
1E9617,24810
1E9617,26726
2EZ,20342
7K4,20344
1R9873,20345
1E9627,20346
LN4,20347
LN4,20612
1K9349,20348
4S9491,20349
7G6,20361
1P9816,20362
4M9103,20364
7JR,22594
7JR,22595
7JR,22608
7JR,23069
7JR,24163
7JR,25593
7JR,27055
7JR,27056
7JR,27061
4M9104,20368
1K9386,20369
1H9727,20370
ZPB,20373
ZPB,20953
ZPB,22180
ZPB,22813
ZPB,24628
ZPB,26151
ZPB,27749
LUJ,20378
LUJ,21218
LUJ,22116
LUJ,22569
LUJ,23167
LC4,20382
LC4,22919
LC4,24312
LC4,25267
LC4,28864
4A9105,20383
4A9105,22189
1G9555,20387
1Z9571,20388
1Z9571,24061
4A9101,20391
1F9477,20392
4S9447,20400
4S9447,24910
1G9553,20401
R3B,20402
3S9097,20403
4C9522,20404
4S9494,20405
4M9108,20406
1J9476,20408
1G9557,20409
4B9161,20411
4M9107,20412
1N9174,20413
1N9174,20542
1P9817,20414
1N9386,20415
4T9316,20420
4T9316,24636
56V,20430
56V,20431
56V,27208
56V,27601
1C9040,20432
4S9496,20435
4S9496,23769
7K1,20436
4WW,20440
4WW,22152
7KE,20441
7KC,20442
7KA,20443
7K6,20444
7K5,20447
7K8,20446
7KB,20445
4T9314,20448
7KD,20449
4C9520,20451
1Z9086,20452
1W9619,20453
1L9584,20454
1U9173,20459
1P9297,20460
1J9482,20461
1J9482,22047
1J9482,22716
3JB,20966
3JB,21235
3JB,21236
3JB,21237
3JB,21385
3JB,24554
3JB,25037
3JB,26262
3JB,26807
3JB,27748
3JB,28664
3JB,28665
3JB,28666
3JB,28667
3JB,28668
3JB,28669
3JB,28670
3JB,28671
3JB,28672
3JB,28673
6K9502,20464
L5R,20465
L5R,24893
4B9194,20466
1J9484,20477
1L9033,20478
4M9110,20479
1F9500,20480
1Z9570,20483
7KG,20484
7KG,21012
7KG,21605
7KG,23333
7KG,24412
4C9029,20493
4M9105,20494
1L9585,20495
3PC,20065
3PC,21199
3PC,21576
3PC,21653
3PC,22767
3PC,24248
3PC,24507
3PC,26000
3PC,26001
3PC,26863
3PC,27330
4A9106,20501
1E9625,20502
3A0,20503
4C9508,20505
7JZ,22704
7JZ,24031
4T9322,20513
4T9322,23352
4T9322,26434
4T9322,28840
1J9486,20518
1R9877,20526
3NK,10138
3NK,10144
3NK,27991
3NK,27992
3NK,27995
3NK,27996
3NK,27997
3NK,27998
3NK,28000
3NK,28001
3XK,10144
3XK,27991
3XK,27992
3XK,27995
3XK,27996
3XK,27997
3XK,27998
3XK,28000
3XK,28001
7KL,20530
7KL,22879
7KL,27695
2A9198,20531
2A9198,22272
4A9111,20533
1E9631,20537
4T9320,20538
1Z9577,20543
1Z9574,20544
1F9501,20545
4M9111,20547
1J9487,20548
1R9879,20549
4A9112,20550
LA9HZG,20142
4M9083,20553
1N9385,20554
1G9554,20558
1F9503,20559
4A9074,20562
2G9100,20564
4S9410,20565
54F,20566
54F,20938
54F,21383
54F,27117
4S9503,20567
1H9731,20568
1H9731,20759
1V9225,20569
1V9225,25442
4T9325,20574
4T9325,20648
4A9062,20575
4S9505,20576
7KS,20581
1W7,20582
3EL,20584
3EL,21060
4T9326,20586
7KU,20587
7KU,22625
4T9328,20588
4C9518,20589
4T9321,20591
4T9321,20707
4T9321,22381
4T9321,22553
4T9321,23779
1Z9560,20595
1R9755,20602
WBC,20613
1J9349,20614
4A9113,20616
4A9113,21502
4A9113,26958
R1N,20618
1E9633,20623
4C9536,20624
1L9588,20625
7J3,20626
7J3,28226
1L9589,20627
1K9390,20629
4C9534,20630
4A9115,20631
7L0,20632
1W9621,20634
4C9533,20635
1G9560,20637
1L9590,20638
4C9530,20640
4C9530,26731
4M9116,20642
4M9116,23036
4S9506,20644
1V9226,20645
R3J,20646
7GJ,20647
4B9202,20649
1P9823,20652
1E9634,20653
4T9298,20656
4T9298,21717
4T9298,27107
1B9751,20662
1F9140,20663
1F9140,20996
1F9140,23014
1F9140,23677
1F9140,23871
1P9813,20664
7L3,20665
1H9732,20666
4C9537,20669
1J9490,20671
1J9490,22124
17Y,20672
4B9203,20674
7KZ,20692
7KZ,21288
1B9937,20694
1B9937,21829
1L9177,20695
1E9372,20704
1R9874,20705
1D9832,20706
1D9832,23562
1D9832,23990
7KF,20708
2A9165,20709
2A9165,22074
7KV,20716
4B9207,20717
1R9884,20719
4A9116,20721
4M9119,20722
4S9512,20724
4T9327,20726
4T9327,22324
4T9327,24403
1H9733,20727
3GH,20728
4M9022,20730
4T9208,20731
4T9208,24727
4T9208,25063
4T9208,25254
4C9526,20733
4C9526,22924
4C9526,26273
1P9827,20734
4M9064,20735
1D9836,20748
7KR,20749
4M9120,20750
1R9885,20752
1R9883,20753
1E9636,20755
Y69003,20757
Y69003,22815
1D9837,20760
58S,20770
4B9199,20772
4S9510,20775
4S9514,20777
7L6,20778
1D9838,20780
4C9546,20782
4C9546,23382
4C9545,20783
1Z9585,20784
1TJ,20795
4A5,20798
4B9208,20801
7LC,20802
4B9209,20803
1G9563,20936
1R9482,20805
1P9790,20806
1P9790,28754
4A9026,20808
1G9253,20809
1W9160,20810
7LB,20812
3CX,20815
3CX,20816
1H9736,20817
7LA,20818
1E9635,20819
4C9535,20822
1R9887,20823
4M9118,20830
1E9589,20831
1S9584,20837
4M9123,20838
1Z9581,20839
1Z9581,21662
4C9552,20844
1P9818,20845
4T9337,20881
4T9337,21609
1Z9586,20883
4C9550,20884
2R9706,20890
2C9218,20891
4C9118,20894
4S9502,20896
1B9968,20897
1W9625,20902
1W9625,27344
1W9625,27423
4B9212,20903
4M9124,20904
7LH,20905
2CM,15714
2CM,15717
1AC,15714
1AC,15717
1D9820,20909
1D9820,25241
SU9SL2,20910
SU9SL2,25388
1AM,15714
1AM,15717
SLA,20913
SLA,21382
SLA,22122
SLA,23791
SLA,24771
SLA,25693
SLA,27490
SLA,28606
3MW,2446
3MW,20914
3MW,21246
3MW,22347
3MW,23481
3MW,23981
3MW,24517
3MW,25671
3MW,26595
3MW,27095
3MW,28270
1J9493,20927
4T9340,20928
4T9340,23885
1A9341,20929
1R9889,20930
1G9483,20931
4C9548,20933
4M9038,20934
3T9180,20937
4C9549,20939
849001,20940
WTK,20941
WTK,24587
4T9219,20942
MH4,24304
MH4,24305
MH4,24306
MH4,24986
MH4,25016
MH4,26318
MH4,26939
MH4,27431
MH4,27765
MH4,27766
4B9099,22451
4S9518,20946
1L9591,20948
7LE,20951
1B9732,20955
4T9330,20956
RLV,24501
RLV,26117
3A9292,20967
1P9829,20968
4B9213,20969
4S9522,20971
4C9532,20972
4T9343,20973
4T9333,20976
4T9344,20977
4T9344,21741
1U9149,20981
1U9175,20982
4B9214,20983
1V9230,20991
1E9638,20992
1E9638,24235
1E9638,28104
4A9126,20994
3E9021,20995
7H4,20997
7H4,22186
7H4,23324
7H4,23782
7H4,27769
2AZ,20997
2AZ,22186
2AZ,23324
2AZ,23782
2AZ,27774
4T9347,20998
2F9103,21008
4T9345,21010
1R9891,21013
6K9018,21014
1G9565,21015
1G9565,24316
1G9565,26496
59C,21016
59C,24402
59C,25431
59C,27424
4S9367,21017
4C9188,21020
RN0,21021
3T9227,21042
1U9176,21043
4T9346,21044
1G9388,21045
4B9198,21047
1J9494,21052
1J9494,23523
1F9507,21053
595,21065
1P9822,21066
YW2,21067
YW2,22284
YW2,23716
YW2,25001
1P9832,21118
2D9128,21091
4A9128,21081
500,21069
4T9338,20882
4T9338,21610
123,21070
4T9352,21071
1N9011,21496
1N9011,24688
7LN,21072
4A9129,21073
4A9129,24716
1M9767,21074
4S9524,21075
4S9525,21076
4A9130,21077
4M9127,21079
4S9520,21080
4S9520,23061
4S9520,24945
4S9520,27744
WB4,20703
WB4,22334
WB4,22336
WB4,24435
WB4,24805
WB4,24807
WB4,28069
WB4,28460
1N9390,21090
1W9630,21092
1W9629,21093
1S7,21094
1P9828,21096
1P9828,22537
1P9828,24998
1L9556,21097
1F9482,21098
7LR,21101
1G9569,21108
1D9840,21120
1H9740,21121
1L9592,21122
YXF,21123
1P9277,21125
4S9527,21126
1P9833,21127
1Z9589,21131
1Z9584,21132
R4F,21135
1H9683,21142
4B9193,21143
7LP,21144
1R9348,21145
1R9348,27768
3A9293,21146
1J9496,21147
1J9496,23558
1J9496,27228
7K7,21150
1V9229,21151
5SH,21152
4S9345,21154
1UY,21155
3UT,21155
1R9894,21156
1W9545,21157
4M9129,21158
7LM,21160
59T,21162
SU9ME1,21163
7LK,21164
7LK,25190
1R9893,21165
1R9893,21469
4S9529,21166
1M9355,21167
7HC,21168
1P9836,21169
UCV,21171
1D9841,21172
7J2,21173
7J2,21174
7J2,27368
7LF,21175
1F9510,21177
1E9513,21178
1E9513,28579
7LW,21184
7LW,26674
LG0,21190
LG0,27133
4C9540,21305
4C9540,22290
4C9541,21304
4C9541,22291
4C9541,25086
4C9541,25087
4C9542,21193
4C9542,22289
L7Y,21197
L7Y,27396
WYB,21201
W1H,21201
4T9336,21202
1F9509,21209
4T9335,21214
4T9335,23250
1F9463,21221
1H9344,21222
1N9377,21223
7JE,21229
4A9134,21230
4S9436,21231
1Z9593,21234
1P9796,21238
4T9329,21240
4T9355,21242
4T9237,21252
1G9571,21273
7LX,21274
UH6,21275
7LS,21280
3T9209,21294
4M9133,21295
4A9132,21296
50Z,21298
50Z,26473
7LZ,21299
1F9511,21300
1K9392,21301
4M9131,21302
4UF,21307
4UF,21308
4UF,24039
4UF,24464
4UF,25041
4UF,25460
4UF,25461
4UF,25470
4UF,25491
4UF,25492
4UF,25494
4UF,25495
4UF,27797
1N9392,21408
1N9392,27958
1N9392,28018
4B9221,21342
4M9132,21306
7M2,21314
1G9573,21318
1D9753,21319
4S9531,21320
1G9296,5136
4S9532,21329
4S9452,21330
7JM,21331
7JM,24056
7JM,26540
2N9045,21332
2N9045,26396
2N9045,28015
1S9003,21334
3TY,21256
3TY,22131
3TY,23956
3TY,24642
3TY,26474
3TY,27717
3TY,28734
7M3,21343
4B9220,21347
2A9214,21350
1U9177,21351
7M4,21352
1J9499,21353
ML5,24244
ML5,24307
ML5,24308
ML5,24309
ML5,26137
ML5,27763
W1K,6269
W1K,20917
W1K,21794
W1K,21797
W1K,21798
W1K,21910
W1K,23339
W1K,23340
W1K,24251
W1K,24254
W1K,24259
W1K,25127
W1K,26933
W1K,26934
W1K,26937
W1K,28208
W1N,21283
W1N,21797
W1N,21798
W1N,21909
W1N,21910
W1N,23340
W1N,23343
W1N,24252
W1N,24254
W1N,24259
W1N,25128
W1N,26933
W1N,26934
W1N,26970
W1N,28209
4S9179,21356
W1W,21479
W1W,21481
W1W,22203
W1W,22213
W1W,24239
W1W,24578
W1W,25065
W1X,21479
W1X,21481
W1X,22203
W1X,22213
W1X,24239
W1X,24578
W1X,25065
W1Y,21479
W1Y,21481
W1Y,22203
W1Y,22213
W1Y,24239
W1Y,24578
W1Y,25065
W1Z,21479
W1Z,21481
W1Z,22203
W1Z,22213
W1Z,24239
W1Z,24578
W1Z,25065
W2W,21480
W2W,22205
W2W,24580
W2W,26209
W2X,21480
W2X,22205
W2X,24580
W2X,26209
W2Y,21480
W2Y,22205
W2Y,24580
W2Y,26209
W2Z,21480
W2Z,22205
W2Z,24580
W2Z,26209
4A9138,21359
WZ1,2446
WZ1,23835
WZ1,23836
WZ1,24678
WZ1,24704
WZ1,25569
WZ1,27149
WZ1,27939
LPS,21362
LPS,21814
LPS,21921
LPS,23067
4C9558,21366
1V9234,21369
1Z9599,21370
1Z9599,28108
1RB,21367
1RB,21444
4A9137,21371
5CZ,21373
1T9210,21374
1C9364,21375
1C9364,27202
4T9357,21376
R46,21386
R46,28031
7HW,21388
4S9533,21399
1Z9600,21400
1K9393,21401
1K9393,24499
1K9393,26665
1D9844,21402
7LV,21404
1A9790,21405
4A9133,21406
1P9837,21409
3MV,21411
3MV,21927
3MV,23792
3MV,24899
3MV,25991
3MV,27440
3MV,28536
4T9358,21412
1J9483,21415
1F9512,21417
1F9512,23844
4T9361,21422
1G9575,21431
1P9402,21432
1P9402,28563
1A9288,12362
1A9288,22461
50J,21443
4S9534,21445
4C9561,21448
4C9561,26168
1Z9591,21450
1H9726,21452
1S9873,7723
1S9873,23417
1S9873,24268
1S9873,25330
1S9873,26921
1T9072,21454
1A9992,21455
1K9160,21456
4C9563,21457
4C9560,21459
1P9839,21461
1Z9597,21463
1F9513,21464
1L9595,21465
1E9648,21466
1K9394,21468
1K9394,24572
4T9354,21470
4B9227,21471
1Z9601,21472
1H9739,21474
4T9364,21475
4S9537,21478
4S9537,26657
1E9509,21477
1Z9604,21490
4A9143,21492
1H9742,21494
1E9650,21495
1E9650,25715
4C9564,21498
1P9841,21499
1F9515,21500
1D9845,21501
1X9036,21503
1X9036,22993
4T9365,21504
6Y9056,21505
7ME,21506
7ME,21669
4C9566,21507
1V9227,21508
1V9227,23004
1V9227,23999
1V9227,24705
1Z9605,21509
2K9075,21510
AF9TA2,21511
7M5,21512
7M5,25634
7M5,25635
7M5,27597
1K9387,21513
1K9387,26476
7MF,21514
1A9881,21517
1S9384,21518
4B9223,21519
4S9535,21520
1E9587,21521
1E9587,25507
4M9135,21523
1D9846,21524
JPB,15533
1A9925,21526
1A9925,27460
1Z9534,21529
1K9397,21557
1N9394,21580
1G9578,21589
1A9922,21550
1J9500,21548
4B9232,21549
1G9579,21552
1K9398,21555
4T9369,21551
1L9598,21562
1H9746,21994
1F9517,21723
1G9462,21538
1G9462,24055
4A9150,21617
3H9015,21537
4A9147,21732
JE4,13426
JE4,21539
7MD,21614
1D9847,21806
1D9847,22676
1D9847,23814
4A9140,21554
2B9283,21556
2B9283,24328
1Z9608,21558
1U9181,21560
1U9181,28588
4B9233,21563
1K9400,21565
1R9910,21564
1G9580,21569
1J9503,21570
1V9235,21571
1R9898,21572
1P9844,21591
4A9144,21574
4B9236,21575
1R9903,21577
4T9359,21582
4T9359,24565
1X9037,21585
4B9229,21587
4B9018,21590
1N9395,21592
1Z9607,21594
VS9016,21598
1R9906,21595
1R9909,21599
1V9233,21600
1W9635,21601
4C9559,21596
4A9149,21597
1DG,21611
4M9145,21615
4C9574,21616
1TT,21960
1TT,22634
1TT,24908
WU1,21297
WU1,22045
WU1,23318
WU1,24457
WU1,24458
WU1,24459
WU1,24545
WU1,24546
WU1,24547
WU1,24588
WU1,24767
WU1,25233
WU1,25830
WU1,25831
WU1,26029
WU1,26031
WU1,26032
WU1,26642
WU1,27226
WU1,27302
WU1,27303
WU1,27340
WU1,27362
WU1,27532
WU1,28366
WU1,28367
WU1,28368
WU1,28802
4M9143,21625
1H9743,21631
4S9515,21648
4S9515,24150
1G9583,21650
4T9367,21654
4T9367,21838
4T9371,21655
7MV,21667
2N9090,21651
1H9745,21652
1R9901,21659
KMU,21660
KMU,22786
KMU,23462
KMU,23823
KMU,23978
KMU,24053
KMU,25118
KMU,25351
KMU,26603
KMU,26605
KMU,26627
KMU,27873
KMU,28178
KMU,28300
4S9542,21668
4A9152,21678
2VM,21679
1R9907,21690
1F9514,21684
1V9238,21691
4S9543,21692
1L9600,21702
1L9600,23332
1L9600,24644
1L9600,25820
1L9600,26585
7MH,21725
7MH,24315
1F9519,21808
ZN0,21719
4T9362,21722
7M7,21724
4M9147,21727
1R9912,21733
1P9843,21735
1R9913,21736
1N9398,21737
1U9182,21738
1H9749,21742
4A9154,21750
4A9153,21753
1G9584,21754
1K9402,21775
1P9842,21949
1J9504,21777
4S9546,21790
1E9654,21780
4M9146,21781
4B9240,21785
4S9547,21789
1R9914,21792
4C9571,21800
1P9835,21802
4M9139,21804
1Z9606,21807
L7Z,21815
1E9653,21817
3DG,21818
3DG,26708
4M9144,21823
4M9144,25169
1K9399,21827
1G9582,21825
1G9582,23877
7MX,21826
1L9602,21828
1L9602,23020
1R9916,21857
4S9549,21854
1W9633,21837
4T9374,21850
4T9374,23951
1L9603,21851
4C9576,21859
1N9400,21862
1K9404,21863
1H9755,21864
1G9586,21865
1Z9612,21866
1Z9612,27826
1Z9613,21869
4M9148,21874
4A9156,21876
1P9847,21877
1G9588,21878
4S9519,21882
4M9150,21889
1G9589,22456
WEW,21892
1H9753,21893
4S9545,21897
4S9545,28827
UKR,21898
7N3,21905
7N2,21907
L6J,21908
L6J,24560
TLF,21917
1N9402,21919
7B9CHG,21922
1K9405,21923
1D9827,21925
1W9640,21924
1W9638,21928
7N1,21934
15X,21935
1W9632,21936
1J9505,21938
4S9552,21937
1D9843,21944
1D9843,27838
4T9379,21947
4T9379,24219
1N9403,21950
1N9403,24334
4C9577,21954
4B9241,21966
4T9381,21975
4B9243,21978
1Z9617,21979
1L9605,21981
4C9579,21983
1Z9618,21987
4M9152,21988
4B9242,21989
1G9568,21993
1P9849,21995
1Z9615,21996
1Z9615,23918
RLP,22712
1Z9611,21999
7N0,22000
HA6,22006
HA6,24415
HA6,25604
1P9850,22029
7N6,22030
4M9153,22034
4C9581,22035
1Y9041,22040
1Y9041,23132
7NC,22041
1U9184,22043
1E9580,22046
4T9382,22048
4S9540,22049
4S9540,22643
7ND,22052
4M9154,22057
1Z9620,22056
4C9583,22063
1J9498,22066
4A9162,22069
4S9558,22070
1H9757,22072
1J9508,22073
1Z9616,22075
4B9245,22114
LPE,22080
LPE,26233
4S9560,22084
4S9560,23911
4S9560,26811
4S9560,28310
4S9559,22085
4S9559,23912
4S9559,26810
1R9917,22093
4S9555,22086
1L9606,22095
VG9021,22098
R4N,22099
1L9607,22100
4A9161,22106
4T9378,22107
1Z9596,22108
1N9405,22113
1G9585,22117
1P9851,22118
7NG,22123
1N9391,22125
4S9553,22126
1B9105,22129
1B9105,22236
4C9578,22130
4C9578,26516
1D9833,22133
1D9833,22570
2LE,22134
4T9375,22136
4T9383,22137
1N9407,22138
1N9407,22761
1N9407,23870
1R9920,22139
1N9406,22140
4T9377,22141
4S9557,22142
7NE,22145
4B9247,22149
1L9608,22154
2W9099,22168
2W9099,23542
1P9852,22174
4M9136,22175
1F9526,22176
1D9850,22177
1D9850,24800
1A9938,22178
1W9642,22181
1W9641,22184
1D9851,22183
W09Z16,22185
7NH,22188
1H9747,22994
1H9747,25268
1Z9622,22193
1Z9622,23482
1S9573,22198
1S9573,22199
4S9562,22200
LVP,22201
4C9585,22207
4A9165,22211
4A9165,23587
1F9522,22214
6K9605,22216
6K9605,27570
4B9125,22221
4M9156,22220
7LU,22219
1J9509,22223
1J9509,25681
1L9609,22224
4B9246,22225
4S9544,22226
4S9544,23177
4S9544,25200
389020,22228
1H9750,23002
1H9750,25269
7NP,22230
4S9564,22232
7NR,22234
7NR,24151
4T9388,22235
1R9919,22237
1R9922,22238
1V9240,22239
1V9241,22242
5G2,23251
5G2,24267
5G2,26800
1F9135,22246
1F9135,23262
1F9135,27778
1Z9564,22247
4A9083,22248
1J9507,22249
1R9927,22250
1Z9623,22251
1L9610,22252
1H9759,22256
4M9157,22257
4B9252,22258
4B9253,22259
4M9134,22260
4M9134,23731
1R9925,22261
1E9658,22273
2A9217,22274
4M9004,22275
1E9659,22276
1E9659,27779
4S9550,22277
4S9568,22279
7MZ,22287
7MZ,25357
7MZ,28280
1G9592,22298
5M4,22331
1D9854,22301
1G9594,22302
1G9593,22303
4A9157,22326
LV2,22327
1D9839,22330
1Z9624,22332
1R9932,22338
6K9345,22342
1G9595,22344
4T9390,22352
4T9387,22353
4B9254,22354
4B9254,25963
4B9237,22355
1D9855,22356
1K9409,22357
3S9115,22358
4C9592,22359
1W9361,22360
1D9856,22361
7NV,22363
1H9737,22432
1H9737,24095
7NK,22369
7NK,26630
1N9393,22370
1N9393,23569
1N9393,26497
4C9591,22374
7NJ,22375
7NJ,24062
7NJ,27280
1J9513,22377
4C9593,22378
4A9163,22379
1K9332,22380
4T9376,22382
4T9395,22384
7NZ,22386
1K9411,22387
1E9662,22388
1E9662,23737
4S9569,22389
1P9857,22390
1Z9631,22391
1P9845,22394
MLW,22395
MLW,28171
1L9613,22398
1L9613,28823
1W9645,22399
4A9170,22401
1F9531,22402
1P9855,22406
3F9063,22405
3A9249,22407
3A9249,28358
3D9028,22408
1G9596,22409
1G9596,22985
1K9410,22412
7P1,22413
7P1,24791
XL9081,22414
4B9250,22415
4B9250,22525
4B9250,24479
1R9933,22416
7NU,22417
7NU,27157
4A9160,22418
1F9527,22419
4T9380,22420
1W9643,22423
1Z9626,22427
4T9299,22428
1J9510,22431
4M9162,22433
4T9391,22434
4B9258,22437
1F9483,22438
AF9SZ2,22440
4C9589,22441
7N5,22445
4T9401,22446
4T9401,22976
4T9401,28878
4B9251,22447
1W9647,22448
4S9548,22449
1H9761,22450
4C9594,22453
4C9594,22540
NLN,22454
NLN,24427
4B9255,22455
1G9576,22457
4S9571,22458
4S9551,22462
4T9402,22460
4T9402,25107
4T9399,22463
1U9188,22464
4M9142,22465
1N9404,22466
1N9404,23170
4T9404,22467
4S9572,22468
1R9936,22469
7NY,22478
1K9413,22471
1D9859,22479
1E9661,22481
4S9371,22482
1L9615,22483
4A9158,22484
1Z9629,22485
4B9218,22486
1J9511,22487
4T9398,22488
7P5,22489
1W9646,22491
4T9400,22492
5K8,22493
5K8,26352
4A9174,22494
2T9206,22495
1F9532,22497
7N4,22500
7N4,27207
1L9576,22503
7PA,22505
7NW,22506
7NW,23794
4T9407,22508
1H9766,22509
1N9409,22510
1F9528,22511
4T9392,22515
4T9392,22665
1N9411,22516
1F9534,22517
1H9767,22518
1G9545,22523
1G9545,23900
4C9572,22526
1P9859,22544
1P9859,23863
1R9938,22545
1P9830,22547
4T9394,22548
4T9394,25312
PA9005,22552
PA9005,22554
PA9005,23780
PA9005,25068
1D9864,22551
4S9579,22555
4C9602,22556
6P1,22557
3G9055,22558
4A9176,22559
4S9577,22561
R56,22562
4M9165,22564
7P6,22565
7P7,22567
7P7,24168
7P7,25539
1R9937,22568
7NF,26364
1Z9632,22572
7PK,22580
4T9410,22581
4T9411,22582
4B9260,22583
1W9626,22587
7PE,22589
1N9412,22590
4B9264,22596
7PJ,22597
4T9405,22602
3EV,22601
2K9064,22607
4T9079,22609
4B9266,22610
4C9606,22613
1V9244,22617
1L9622,22620
1Z9420,22621
4T9403,22622
1L9612,22623
7PM,22624
1K9408,22626
1G9604,22627
4B9265,22629
4B9265,25075
4B9265,27920
4A9178,22628
1P9861,22630
1L9618,22631
1J9517,22632
1J9517,22653
1L9601,22641
1G9603,22787
1H9770,22659
4T9389,22660
1K9325,22662
1W9651,22664
1W9651,23915
7F3,22666
LR4,22734
1Z9637,22705
1G9602,22706
4C9609,22709
1D9867,22710
1Y9042,22713
4T9412,22714
4S9578,22717
4T9414,22718
4C9601,22723
4T9416,22727
1G9552,22728
1G9606,22729
1H9769,22737
7PH,22742
4T9418,22784
1H9772,22749
1L9620,22750
3A9290,22752
3A9290,27951
7FC,22753
7FC,24896
7FC,26201
7FC,26544
7FC,28020
1J9516,22758
4C9612,22765
1P9865,22770
1E9666,22772
1W9653,22774
4T9415,22779
4C9608,22785
1U9190,22793
1R9942,22792
1D9868,22791
4S9576,22795
4C9600,22806
1R9918,22807
H0D,22808
H0D,22817
H0D,24655
1E9663,22809
1U9192,22810
3NE,22811
3NS,10571
3NS,22811
3NS,23047
3NS,28540
TAP,22811
4B9270,22812
7PT,22814
1G9601,22818
1Z9636,22819
1R9941,22821
1R9941,25206
1B9487,22824
4A9177,22828
2G9103,22829
7P2,22830
50E,22831
50E,24719
50E,26036
50E,27102
50E,28418
4C9611,22832
1J9515,22833
1P9867,22834
1V9247,22836
4T9421,22837
1L9625,22838
1F9FT1,22840
1F9FT1,25271
1F9FT1,25276
1F9FT1,25278
1F9FT1,25279
1F9FT1,25282
1F9FT1,25283
1F9FT1,25286
1F9FT1,25287
1F9FT1,25290
1F9ST2,25273
1F9ST2,25274
1F9ST2,25275
1F9ST2,25277
1F9ST2,25280
1F9ST2,25281
1F9ST2,25284
1F9ST2,25285
1F9ST2,25288
1F9ST2,25289
1E9667,22841
4C9617,22843
1G9605,22844
4M9167,22845
4T9419,22850
4C9615,22852
4S9586,22855
4A9172,22857
1L9627,22858
2P9001,22859
2P9001,26610
2P9001,27810
4S9588,22870
4M9173,22880
4T9424,22883
1H9774,22889
1W9654,22890
4T9425,22894
4S9592,22895
4T9413,22896
1Z9638,22897
4B9268,22898
4B9268,25479
4B9268,26976
4A9185,22900
4S9583,22901
4S9593,22902
4B9273,22906
4B9273,25162
4B9273,26453
4B9275,22908
4B9275,25019
1K9416,22909
R5H,22912
1F9542,22913
4A9173,22914
4T9385,22917
4T9385,24326
4B9276,22921
4S9582,22922
4B9279,22923
4B9278,22925
1L9629,22926
1J9519,22929
4B9217,22930
7R8,22931
7P3,22938
3T9252,22939
2TL,22940
1L9630,22943
1L9630,27454
7R6,22944
1P9800,22946
1P9800,28064
56M,22947
4M9168,22949
1R9930,22950
4A9179,22955
4C9619,22957
7PN,22958
4C9618,22960
1Z9639,22961
1X9041,22962
1X9041,23802
1H9776,22965
4M9172,22966
4M9172,27635
7R4,22968
7R4,23917
7R4,26576
7R4,27914
1D9874,22978
1H9778,22980
1D9875,22983
7RB,22984
1P9660,22987
1J9521,22988
4T9427,22989
4M9176,22990
1A9915,22991
1A9914,22992
1F9544,23001
1F9543,23005
7NA,23006
1Z9641,23008
4S9597,23013
1R9948,23015
1H9764,23017
4S9595,23018
4C9623,23023
4T9428,23024
6B9AE6,23025
4S9561,23026
4S9561,25102
U89WL9,23035
1R9943,23037
4A9189,23038
3G9056,23039
1V9237,23041
1Z9644,23048
1R9950,23049
5NT,23056
5NT,24331
5NT,25536
5NT,27244
5NT,28179
4S0,23065
1U9187,23066
4B9174,23071
1E9671,23075
4C9625,23076
7RF,23077
4T9429,23078
4S9601,23093
7MC,23111
7NX,23113
4A9198,23114
4S9594,23115
1Z9640,23142
4T9430,23144
1D9877,23145
4M9041,23152
2M9202,23153
1T9428,23154
10H,23158
4B9267,23159
7RM,23160
4C9607,23162
1E9672,23163
4S9603,23164
6V9055,23166
2W9093,23169
4S9604,23178
4A9193,23179
4M9179,23180
4A9192,23182
1R9951,23186
4C9627,23191
7R3,23208
1D9871,23213
7R7,23240
4S9566,23241
4M9177,23242
7RN,23261
1G9611,23263
7PF,23264
7PF,24853
7PF,27578
7PF,28144
4C9034,23265
1P9868,23266
7RR,23267
4A9196,23268
1V9249,23274
2SG,23304
1R9923,23305
1Z9642,23306
1H9756,23317
1W9637,23323
57G,23325
7PP,23326
2H9096,23327
2P9027,23327
1H9781,23338
3EW,23341
4A9188,23344
1R9781,23345
7RS,23349
8A9MAC,23350
1H9762,23351
3CV,23353
3CV,23354
1L9633,23356
1E9675,23357
1R9953,23358
4A9203,23360
1Z9652,23375
1F9548,23376
3S9103,23377
7RU,23378
7RU,23776
1Z9646,23380
1Z9646,24041
1Z9646,25533
4C9631,23381
7RW,23385
4C9632,23386
1D9878,23387
3F9066,23388
1H9729,23389
4S9596,23392
1G9577,23393
4S9599,23394
1H9780,23395
1E9677,23396
4T9384,23398
R36,23399
590,23400
590,28612
4S9584,23401
1F9547,23402
1L9634,23403
1J9492,23404
1J9492,27817
4T9433,23406
4B9283,23409
4B9274,23416
5B5,23418
4M9182,23419
7PD,23439
7PD,24891
7PD,26202
7PD,26543
7PD,28019
2A9218,23441
W09A24,23442
1F9549,23443
1K9419,23444
4C9634,23445
4A9181,23447
1L9635,23449
1U9159,23450
7S0,23451
5CW,23452
4T9435,23456
3S9032,23457
3S9032,25386
3S9032,26780
4C9636,23460
6V9067,23461
1G9616,23463
1R9949,23465
1V9251,23466
1Z9654,23467
1G9597,23468
1L9632,23469
1Z9643,23470
4M9183,23471
4M9183,27865
4B9195,23472
4A9201,23473
4M9169,23474
4S9609,23479
3G9060,23480
1D9880,23485
4A9169,23486
1F9545,23488
7RL,23489
4S9605,23492
1E9669,23493
VF9964,23494
4C9629,23495
7NB,23497
1G9614,23500
1N9417,23501
1P9873,23502
2DA,23504
7S5,23505
4A9195,23506
SD7,23507
SD7,24148
SD7,25306
SD7,26767
SD7,28162
7S3,23510
4T9437,23511
3C9230,23512
4A9200,23513
2A9219,23514
3D9026,23516
3D9026,28024
4M9184,23517
1W9659,23518
1F9536,23519
3T9120,23522
3T9120,26533
R35,23524
R35,24060
4A9187,23526
1V9252,23533
4S9608,23537
4M9185,23541
4M9185,23861
1D9879,23545
4S9610,23546
4B9284,23547
1H9785,23548
7S8,23550
7MU,23553
7MU,24888
7MU,26275
7MU,27655
R5B,23554
2S9177,23555
1W9658,23556
1W9658,24142
1W9658,26735
2SJ,23557
6K9677,23559
1Z9276,23560
4B9096,23561
1G9613,23563
NRY,23568
1K9418,23567
1Z9656,23570
1P9874,23571
7RA,23572
1W9662,23573
1W9662,24969
4C9639,23574
1L9638,23578
1N9416,23582
3A9150,23583
4S9616,23584
4T9420,23595
4A9209,23596
1R9956,23598
4S9617,23599
7SD,23600
4A9151,23601
4M9171,23602
1D9884,23603
1D9884,24202
4A9182,23605
7RV,23607
7RV,24186
7RV,26154
7SC,23608
4T9440,23609
4A9210,23610
3V9026,23611
1R9955,23612
4B9289,23613
WB7,23614
4B9288,23615
3C9243,23616
4B9286,23617
4B9286,25110
1Z9650,23618
7FW,23619
4A9213,23621
1R9957,23622
2DR,23623
1J9528,23624
4T9441,23625
2K9073,23626
4S9600,23627
1E9680,23629
4C9641,23632
4C9638,23635
2M9200,23638
7SA,23640
7SA,24751
7SA,26239
7SA,27442
7SA,27933
1G9617,23641
1E9681,23642
4A9164,23643
4A9164,23730
4A9164,24199
4A9164,26421
R33,23644
1W9664,23645
1H9786,23652
6MD,23653
1Z9657,23654
4A9212,23655
LTU,23656
1J9527,23658
2R9699,23659
3M9099,23661
3M9099,23824
3M9099,26303
2D9004,23662
1P9880,23663
3A9309,23664
3A9309,26535
3A9309,28642
3M9076,23665
3M9076,24283
R3M,23667
R3M,24979
1E9665,23668
1V9212,23669
4S9618,23670
1D9848,23673
R45,23678
ZA9M91,23679
ZA9M91,26789
3EY,23682
3EY,24350
7SH,23683
4S9620,23684
1F9550,23685
7SR,23686
4C9597,23687
7SL,23688
4B9291,23689
1C9470,23690
4T9439,23692
4T9439,27334
4T9439,28556
7PV,23695
2S9184,23697
4M9181,23698
4M9181,25518
7JB,23699
5G5,23702
1L9641,23708
1L9641,26666
RLL,23709
RLL,24368
4A9215,23710
1F9546,23715
1F9533,23717
1D9882,23719
1A9867,23720
7SN,23721
4S9598,23722
1P9749,23724
1Z9664,23725
4A9171,23726
4S9622,23727
4T9444,23728
7SP,23729
4S9585,23736
3P9043,23738
3P9043,25203
9VB,23739
1M9961,23740
7RG,23744
3C9142,23745
1L9640,23746
1R9961,23747
2RE,23748
4S9606,23749
1Z9661,23750
4M9187,23751
4C9513,23753
2R9670,23754
7RZ,23762
7PL,23763
7PL,28382
1W9663,23766
4T9370,23767
1P9879,23770
1G9618,23771
1G9618,28510
1E9682,23772
4S9611,23774
R38,23775
4B9277,23778
1W9667,23781
7SX,23783
7SX,28134
7RX,23787
1Z9651,23788
4M9191,23789
VG9036,23793
4A9219,23795
1J9518,23797
1K9421,23799
4S9619,23801
1Z9669,23804
7SG,23805
4C9645,23806
1Z9665,23807
WB5,2446
WB5,23808
WB5,23981
WB5,24159
WB5,25148
WB5,26587
WB5,26595
WB5,27905
3S9118,23813
4M9190,23816
4C9646,23817
4S9613,23819
4C9642,23820
4C9643,23821
1P9881,23822
1P9881,26622
1D9863,23827
4S9624,23828
4S9624,24165
R6P,23829
LJ7,23833
4M9192,23837
7T4,23838
4A9220,23839
1P9882,23840
3LH,24026
1J9531,23842
1V9253,23843
7SE,23847
1E9686,23848
1R9963,23849
7SK,23852
1E9683,23853
1E9685,23854
1W9649,23857
1L9642,23858
3J9094,23860
4B9263,23862
1R9680,23865
1R9964,23866
7S1,23875
4C9647,23876
1Z9672,23878
1R9968,23879
4T9397,23881
1Z9673,23882
7SW,23884
1K9195,23888
7T7,23889
4A9223,23890
3G9057,23891
7T6,23892
1P9883,23893
1D9889,23894
4T9446,23896
R4C,23901
1Z9667,23902
3A9267,23905
1Z9668,23908
1P9866,23909
7TB,23913
4C9648,23914
1N9421,23916
4B9296,23919
4A9224,23920
4A9224,28478
1K9424,23921
2W9013,23922
1H9795,23924
1H9794,23925
3KM,26989
1D9887,23926
1E9688,23929
1J9533,23930
7T3,23931
2K9080,23932
1H9797,23935
5WM,23938
WEB,23939
WEB,27534
WEB,28697
1Z9634,23941
1Z9634,25618
1Z9634,27436
7TD,23943
1Z9670,23944
3C9115,23945
4A9207,23946
7TC,23949
4A9155,23962
1F9556,23963
1E9687,23964
4S9521,23968
4S9521,28371
4A9225,23969
7TE,23970
2V9031,23971
4M9193,23972
1P9885,23973
MP7,23974
1Z9666,23975
1Z9675,23976
4S9629,23977
7T8,23979
4S9627,23980
7TK,23982
1L9545,23983
4A9226,23985
2H9003,23991
2A9114,23994
1G9619,23995
1G9619,26736
1G9619,28010
7S4,23996
4C9438,23997
4M9164,23998
3R9178,24000
3J9057,24002
1Z9535,24003
1F9417,24005
1F9554,24006
4S9615,24008
1G9615,24010
7MW,24013
7MW,24866
7MW,27320
7T2,24019
1J9535,24022
1H9789,24029
7TP,24032
1N9414,24033
R19018,24034
R19018,27260
1H9790,24035
3K9004,24036
1J9538,24037
7R5,24038
4B9149,24042
1R9975,24043
1R9973,24044
7RD,24045
1R9970,24046
1L9646,24048
1J9539,24049
4T9443,24050
1J9536,24054
1R9971,24057
1H9768,24069
3GJ,24097
4S9631,24116
7TF,24117
7TG,24118
7TH,26368
4B9299,24120
R7S,24122
R7S,27258
1J9541,24127
7SF,24128
1N9420,24131
1Z9676,24135
4S9628,24140
1G9623,24143
1G9622,24145
1Z9653,24146
7MM,24149
7MM,25609
7MM,27240
7MM,28654
4S9634,24152
R75,24153
1D9892,24154
1F9560,24156
3F7,24157
1L9645,24158
3AM,24166
4M9196,24169
1H9801,24170
2R9708,24171
1R9977,24172
1J9544,24173
1R9962,24174
7L7,24175
1J9543,24176
1X9040,24177
1U9195,24178
1P9887,24183
4T9449,24184
1K9425,24187
ZPR,24189
7TJ,24193
1F9558,24194
4M9198,24195
3J9090,24197
3J9090,25696
YSM,25814
YSM,25870
YSM,26725
1L9644,24200
4B9144,24201
R76,24205
1W9669,24206
3R9050,24207
4A9194,24208
7TT,24209
1Z9679,24210
1R9969,24211
1E9692,24213
3T9253,24215
4T9451,24218
7R2,24220
7R2,25336
3EZ,24221
3P9047,24223
1N9424,24224
1Z9678,24228
3J9095,24229
3J9095,25454
1W9671,24237
1W9670,24238
3F8,24240
4C9654,24245
4B9304,24250
4C9655,24260
4C9653,24262
1H9800,24263
1F9559,24264
3J9091,24265
4A9230,24266
1H9763,24269
1K9417,24271
7PX,24272
6K9718,24274
1L9649,24276
VA9RB1,24277
VA9RB1,28043
7TY,24278
7TY,26975
4M9199,24279
1N9425,24280
1R9978,24281
7TL,24292
9AD,24299
4C9659,24300
7U0,24303
1H9802,24310
1A9882,24317
1R9981,24323
1W9639,24324
4C9610,24325
1Z9680,24327
1L9650,24329
1Z9677,24330
R7M,24336
R7D,24337
R7E,24338
13Z,24339
13Z,24352
4A9238,24340
7U4,24341
7U4,28755
1R9900,24343
4B9302,24344
HL3,24346
4T9434,24347
LGM,24349
7U3,24353
1D9894,24354
4A9216,24355
4S9638,24356
4M9202,24357
1H9804,24364
4A9231,24373
1D9896,24379
3P9046,24380
3P9046,28867
4C9662,24382
4C9661,24383
1W9532,24386
1R9928,24390
1D9897,24391
1D9898,24392
4M9203,24393
1F9561,24399
4B9309,24405
4B9309,27884
4A9239,24409
4C9660,24410
4A9240,24414
1F9562,24417
HB3,24418
1U9198,24419
1Z9684,24421
4A9233,24423
4A9234,24424
4A9199,24426
4A9199,25589
7U5,24430
4C9616,24433
1D9899,24434
4S9639,24436
7UD,24437
1V9254,24439
4B9311,24440
4T9453,24441
4T9453,25005
1E9693,24442
R6C,24443
4S9641,24451
4B9307,24452
1A9014,24455
HZ2,24456
HZ2,26323
HZ2,27758
3S9121,24460
R6J,24461
4M9200,24462
JYE,24463
JYE,24464
JYE,25040
JYE,25337
JYE,25460
JYE,25461
JYE,25468
JYE,25470
JYE,25491
JYE,25492
JYE,25494
JYE,25495
JYE,25496
JYE,25497
JYE,25499
JYE,25501
JYE,25502
JYE,25503
JYE,25515
JYE,25517
SN1,24465
SN1,24468
SN1,25039
SN1,25208
SN1,25213
SN1,25521
SN1,25523
SN1,25524
SN1,25527
SN1,25528
SN1,25531
SN1,25532
SN1,27848
4S9637,24466
7UC,24467
7UC,26500
5CK,25346
5CK,25367
4B9298,24480
7U8,24481
4A9235,24482
4M9201,24483
1R9984,24486
1X9042,24487
1X9042,24974
1W9673,24488
1Z9683,24494
1R9983,24495
1G9627,24497
1R9982,24498
1F9529,24515
1F9529,28663
1H9807,24516
3MF,23981
3MF,24518
3MF,25672
3MF,26595
3MF,27096
3MF,28271
4S9640,24520
4S9645,24521
7T0,24522
7T0,28060
4S9644,24525
R77,24534
1U9200,24536
1E9694,24538
7UL,24539
4A9243,24548
4A9243,27767
4C9663,24551
1W9672,24552
2A9125,24555
KN9CAU,24556
4T9458,24557
R2W,24558
1H9809,24559
1E9673,24563
7UN,24564
4S9646,24566
4S9489,24567
RMT,24568
1V9256,24569
7UG,24571
7UG,27917
4S9635,24574
3C9249,24575
3H9019,24576
3H9019,25332
3H9019,26566
7PY,24582
7PY,26210
SA9472,24590
4C9664,24591
4T9462,24592
7UE,24593
4T9463,24594
1S9903,24595
1R9987,24596
3F9061,24597
1H9806,24598
1F9504,24600
7M6,24602
H0U,24603
VCF,24605
4T9460,24606
1L9651,24615
3G9034,24616
4S9643,24617
1P9889,24619
4C9652,24620
4S9649,24622
7SV,24627
7SV,25987
7SV,27267
7SV,28733
7UA,24631
4C9665,24632
1J9550,24633
1J9550,28812
1P9890,24634
1L9562,24637
1R9991,24638
1R9991,26230
1R9991,27186
1R9991,28499
1R9990,24639
4B9147,24640
R2X,24641
4A9245,24643
1G9632,24645
1G9624,24646
1G9522,24647
1P9891,24648
3FH,24649
1R9763,24650
1R9989,24651
1W9674,24652
1N9426,24654
1R9994,24656
1Z9598,24657
4S9648,24659
1K9427,24660
1W9661,24661
1R9995,24664
1Z9692,24665
1E9696,24672
7SS,24676
4M9207,24677
7PU,24679
7PU,26870
1J9422,24680
4A9241,24682
1P9892,24683
4B9314,24684
1G9633,24685
7UM,24686
7US,24690
4C9667,24692
7UT,24693
4M9206,24694
1G9631,24695
KME,24696
KME,26369
KME,27574
KME,28316
3FJ,24697
1J9551,24698
1R9985,24699
1F9566,24700
7S6,24701
7NS,24703
V39AB8,24715
4T9457,24717
LA9CLW,24718
7UJ,24722
7UJ,25621
7UJ,26597
7UJ,27772
1K9426,24723
1K9426,25734
7UB,24724
7UK,24726
7UK,25062
1R9993,24728
4A9250,24729
4A9251,24730
1Z9691,24736
LA9SYL,24738
1K9382,24742
4B9319,24743
4T9461,24747
1C9510,16871
7G2,24749
7G2,26236
7G2,27444
7G2,28297
4M9208,24750
1G9634,24752
1R9992,24753
7Z0,24754
7Z0,26423
7Z0,27572
7Z0,28863
4S9652,24755
2E9088,24757
4S9647,24758
4B9320,24759
4C9218,24760
4YS,24774
2SL,24779
4A9249,24781
1F9479,24783
4C9670,24784
4C9669,24790
3T9251,24792
3T9251,28122
3G9052,24793
2C9183,24794
3H7,24795
3H7,27533
7NN,24796
VV1,24799
7UW,24802
4A9254,24811
4B9322,24813
3S9120,24823
4B9154,24824
4B9154,26809
1Z9682,24825
1Z9681,24826
1G9629,24828
1G9629,25341
3PE,24829
R1R,24830
7KY,24831
R41,24832
R41,26068
4B9324,24833
HD1,24834
3M9093,24835
1R9996,24836
4C9673,24837
4S9632,24840
7UV,24842
3C9248,24843
3PB,24845
1P9893,24846
7V2,24847
1L9639,24852
4A9255,24859
1D9903,24860
1N9429,24862
4T9473,24863
1J9537,24864
1J9537,28826
4T9472,24867
4M9213,24870
7T1,24871
4A9252,24872
4A9252,24941
4S9656,24875
1F9568,24881
1G9635,24882
7UZ,24883
4C9672,24884
4T9470,24885
7SU,24886
7SU,26545
4C9671,24887
4C9671,26688
4C9671,28871
1R9966,24889
1L9654,24890
7V3,24892
3H5,24894
3W1,24895
7V5,24900
HL4,24901
HL4,25732
HL4,27041
HL4,28415
4T9469,24903
4S9655,24904
1D9886,24906
7V0,24909
KF9005,24913
4T9477,24914
1Z9694,24915
50T,24917
1D9902,24918
1F9571,24922
LA9LYB,24923
4S9658,24926
1H9815,24929
R4X,24930
1D9905,24936
1P9896,24937
1Z9689,24938
7VC,24939
1K9175,24954
7VA,24956
1H9818,24957
R74,24958
1W9678,24959
4M9205,24960
4M9214,24961
4M9214,25639
4T9259,24963
1U9204,24964
4S9653,24966
4B9325,24968
SE3,24971
SE3,28469
7VD,24972
1Z9698,24973
9F5,24977
3F9033,24980
3T9254,24981
1E9690,24982
1F9573,24984
1F9573,26869
1F9573,28690
4T9480,24985
7VE,24987
4M9218,24988
4M9212,24989
1H9816,24993
3S9100,24995
1R9904,24999
4A9260,25000
7VG,25006
1R9791,25007
1U9205,25011
4S9663,25012
4T9467,25015
4T9467,27994
2DG,25018
1F9574,25024
7VL,25025
1D9906,25026
1N9430,25027
1Y9046,25028
4B9327,25029
1F9569,25031
1F9575,25032
2A9191,25038
1W9677,25042
1W9679,25043
4B9330,25046
4T9482,25048
4S9331,25049
4S9331,25050
4R9001,25052
4M9217,25053
2P9099,25054
1D9904,25055
1H9811,25056
4S9642,25057
1W9676,25060
4A9244,25061
4B9316,25064
R1J,25067
3G9061,25069
3BH,25072
3BH,25346
3BH,25367
1R9866,25074
1R9866,28066
1L9657,25076
R7N,25077
ZZ3,25078
4S9660,25079
7V8,25080
4S9664,25083
4C9658,25088
4A9262,25089
4A9262,28853
1D9888,25090
1Z9701,25092
4S9668,25095
4S9667,25096
2C9318,25098
4B9332,25099
1E9699,25103
4S9665,25104
1L9659,25105
1Z9699,25108
1J9553,25111
1H9814,25112
4M9216,25113
2DD,25114
4M9221,25115
4B9334,25116
4B9334,26592
7TN,26295
7VM,25121
R5C,25122
4A9258,25125
1G9639,25126
XLW,25130
XLW,26395
XLW,27934
7VS,25131
1E9701,25132
1E9701,26860
1E9701,28074
1N9431,25133
7TZ,25136
7VH,25138
3EU,25139
7VU,25141
R2A,25146
1G9636,25147
4A9222,25149
1V9260,25155
4A9265,25156
4S9672,25158
1Z9706,25160
1P9900,25163
4T9487,25164
4T9491,25165
4S9671,25166
1E9702,25167
4R9007,25168
1V9262,25171
3TH,25174
3NG,25177
3A9316,25178
4T9483,25179
7VW,25182
LA9ZGC,25184
4A9267,25185
1H9805,25187
1H9805,26920
4S9670,25188
1P9897,25191
R3W,25193
R8B,25194
2M9189,25195
R8N,25196
1P9902,25197
1H9821,25198
1D9865,25201
4B9326,25202
R8C,25207
7V1,25215
1G9626,25219
4M9222,25221
3S9124,25223
4B9337,25224
4B9337,27281
4T9493,25225
7VY,25226
1Z9649,25227
1Z9649,26102
1Z9649,27752
1Z9649,28262
1P9901,25228
NR9442,25229
3T9055,25230
1U9194,25235
7VJ,25238
4T9488,25239
4S9676,25240
1Z9696,25242
1M9610,25243
1M9610,26631
1M9610,28752
4C9677,25244
1J9554,25245
4C9679,25246
1G9645,25247
1W9681,25248
7W2,25252
1U9208,25256
1P9903,25258
4B9343,25263
7W7,25265
7W0,25270
7VZ,25272
1F9ST1,25273
1F9ST1,25274
1F9ST1,25275
1F9ST1,25277
1F9ST1,25280
1F9ST1,25281
1F9ST1,25284
1F9ST1,25285
1F9ST1,25288
1F9ST1,25289
1F9FT2,22840
1F9FT2,25271
1F9FT2,25276
1F9FT2,25278
1F9FT2,25279
1F9FT2,25282
1F9FT2,25283
1F9FT2,25286
1F9FT2,25287
1F9FT2,25290
4C9621,25292
4B9230,25296
7W8,25297
7W8,26680
4T9484,25298
7VN,25299
7VN,27591
4B9341,25301
4R9010,25304
1L9661,25307
1D9908,25311
KL9B9E,25313
KL9B9E,26827
1Z9709,25314
1H9826,25315
1H9826,26820
4A9270,25316
4A9259,25317
1E9704,25318
R8R,25319
ZSG,25320
ZSG,26454
ZSG,26954
ZSG,28326
2C9331,25321
1Y9047,25322
4C9465,25323
3A9209,25324
4T9496,25325
1L9593,25326
R2V,25327
R8M,25328
R8M,27898
1K9433,25329
R8F,25333
7WB,25334
4C9678,25338
7WC,25339
4T9497,25340
7R0,25342
2WE,25346
2WE,25367
5CJ,25346
5CJ,25367
1W9686,25348
1W9686,27912
1P9907,25349
MXV,25354
6K9950,25358
4R9013,25360
3B9028,25361
1G9641,25362
1G9641,26953
1G9641,27690
1P9908,25363
1V9263,25364
7U7,25365
7VB,25365
3D9031,25368
4S9679,25369
1L9658,25370
4C9684,25372
4T9485,25387
7WF,25392
1D9909,25393
4C9680,25419
4C9680,26654
5G3,25422
7W1,25430
4T9492,25433
1G9647,25435
HU3,25436
HU3,26211
HU3,27894
1G9648,25437
1C9099,25438
4A9273,25439
4C9686,25440
4C9651,25441
1G9649,25445
1A9460,25446
7WJ,25451
7WK,25452
1G9646,25453
4M9225,25455
4C9688,25457
1E9709,25458
4T9499,25459
4T9499,27141
4T9499,28475
4C9687,25466
1E9706,25469
1L9662,25471
1L9662,26868
1M9435,25477
1K9434,25478
4B9333,25480
7WH,25481
1P9898,25484
7WL,25488
1W9687,25489
1W9687,26598
1L9664,25498
1F9555,25500
1Z9716,25504
4A9275,25505
1L9663,25512
1F9579,25513
4B9336,25514
4C9674,25516
1P9910,25519
4B9339,25520
1F9576,25522
1F9580,25526
4S9680,25529
4S9681,25530
4C9689,25534
4C9689,27973
SC6,25538
1J9557,25541
1Z9704,25542
1Z9717,25543
4R9018,25556
4B9271,25559
4A9114,25560
1Z9660,25563
1W9688,25564
1W9688,26940
1W9688,28146
1V9264,25566
1U9211,25567
1U9211,28406
7SM,25568
1D9912,25570
4R9017,25583
1J9549,25584
4M9227,25586
4C9595,25587
XL9530,25588
1D9900,25590
4T9489,25605
4T9468,25606
1Z9707,25613
2T9131,25616
1D9910,25630
4T9504,25631
4T9504,28419
4C9690,25636
4B9349,25637
1U9213,25695
1G9651,25697
1F9581,25698
7WR,25700
7WR,27566
3R9191,25701
3U9009,25702
SH3,25703
56Z,25704
4S9407,25705
1U9212,25709
3A9074,25712
4T9506,25713
1P9911,25714
7WS,25716
3L9033,25717
1C9140,25718
5CX,25720
7WD,25721
1L9665,25722
1L9660,25723
4S9682,25725
4S9662,25744
1N9435,25749
3A9319,25806
A6H,25807
4S9684,25815
7TU,25829
7TU,27885
4T9495,25835
1F9582,25838
4A9282,25839
1P9915,25840
1J9560,25854
YSR,26727
YSR,27305
YSR,28385
YSR,28387
1F9236,25900
1Z9720,25906
4A9266,25907
4A9261,25908
7WE,25914
7WE,26684
20E,25928
AT5,25929
4S9685,25935
4M9229,25953
4M9229,27694
1J9559,25958
4T9508,25959
4A9283,25960
4Z9723,25965
7UY,25966
7UY,28611
7PZ,25967
1D9913,25968
1F9570,25969
4R9021,25970
4R9021,28045
1G9653,25972
20D,25977
1U9215,25974
4T9509,25976
7X0,25978
RMF,25979
1N9423,25980
4M9231,25984
4T9450,25985
4T9510,25988
4C9682,25989
4A9229,25992
1N9438,25993
4A9276,26010
1H9817,26011
1F9583,26012
7W4,26021
1Y9048,26024
1J9565,26028
7PW,26030
1D9901,26035
SD8,26048
1K9437,26060
4R9025,26061
1S9684,26062
1V9266,26063
1V9266,27063
1V9266,27808
1P9917,26064
4S9677,26072
7WX,26073
4S9688,26081
4T9514,26082
5E0,26084
1C9148,26083
PAG,26086
PAG,26590
PAG,27243
PAG,28769
SA1,26087
4R9027,26090
3R9014,26091
1Z9728,26093
1U9214,26094
4R9016,26096
4R9016,26663
1D9918,26097
4C9694,26099
1H9832,26103
1Z9726,26104
R3C,26105
4R9026,26108
1L9668,26110
1L9668,26502
4R9022,26111
1E9712,26112
1S9542,26113
1H9831,26116
3GR,26118
4C9697,26119
1H9833,26120
1E9708,26121
4C9696,26122
3A9311,26124
1D9919,26132
PFD,26133
PFD,27531
PFD,28609
1P9914,26134
4S9692,26136
4S9692,27784
4S9692,28862
1J9563,26138
1Z9725,26141
7X4,26143
4B9352,26148
7X7,26150
1L9669,26153
RA9007,26155
1D9911,26156
1F9584,26157
4A9287,26158
9F9046,26159
R2T,26160
4B9353,26161
2RH,26163
R3F,26164
R61,26165
W09R06,26166
4S9693,26167
7X6,26171
3M9014,26172
R8G,26173
R3G,26174
4B9269,26175
3S9132,26176
2M9197,26177
2S9010,26178
3V3,26179
1L9666,26180
RTJ,26181
9F9090,26182
4A9280,26186
4M9237,26192
3A9165,26197
LRR,26198
LRR,28420
1H9822,26200
SF3,26203
XL9551,26205
1L9443,26204
1F9572,26208
3R9116,26212
2W9087,26213
4B9354,26214
H0N,26215
4A9285,26216
3A9259,26220
2M9209,26221
4C9698,26223
4M9238,26224
LA9KTF,26229
4A9288,26231
4M9117,26232
359001,26235
7XD,26237
7XD,27290
SLJ,26240
H1M,26241
H1M,28703
R62,26242
SJ1,26243
SJ1,28219
7VV,26244
7VV,28220
7VV,28222
1P9922,26247
1N9367,26248
57B,26249
1K9435,26250
4T9516,26251
7WA,26252
4T9502,26253
7XC,26256
7XC,28249
4T9519,26258
4W5,26259
4W5,27311
4W5,28169
1N9436,26261
1L9670,26265
4B9359,26274
7XF,26276
7XF,27367
7XF,28307
1P9927,26277
9VD,26278
1U9216,26279
1P9926,26281
1P9928,26283
7XH,26284
4R9020,26285
1H9834,26286
2EP,26287
1F9585,26288
7XE,26289
4R9031,26290
4S9683,26292
7WT,26293
4B9358,26294
4B9358,26890
3GP,26260
3GP,27312
3GP,28170
1S9705,26296
4B9345,26297
1Z9695,26301
4B9347,26302
7XM,26305
1P9919,26308
7XG,26313
4R9030,26314
4M9235,26315
1Z9730,26316
2L9162,26319
1E9711,26326
1G9655,26337
7XJ,26338
RNV,26341
H2E,26343
4M9197,26344
3M9102,26345
1N9440,26346
4T9500,26347
4A9294,26348
1W9685,26353
1Z9731,26354
4B9360,26355
1F9402,26356
4A9297,26358
4T9521,26362
V6E,26363
2LB,26367
2LA,26366
2TZ,26370
1K9436,26371
1K9436,28713
R78,26373
H84,26375
H84,28276
H84,28302
4R9033,26376
1D9922,26377
HG6,26381
HA0,26385
4S9695,26387
4S9695,26644
1F9540,26388
1H9813,26402
1N9442,26403
4T9520,26404
4T9518,26405
1G9657,26406
4A9296,26407
1U9217,26408
4B9361,26409
4B9361,28487
3C9223,26411
1D9924,26412
3R9218,26413
3TZ,26414
1P9933,26417
1L9672,26419
7WG,26422
7XP,26424
SE4,26425
SE4,28613
1V9258,26427
3LT,26428
7XB,26429
7XB,28696
1P9918,26431
4A9300,26433
4M9240,26435
1P9931,26436
1N9443,26438
1U9218,26439
4C9700,26440
1P9934,26446
4R9023,26447
6P6,26448
4T9524,26449
1F9586,26452
4R9034,26457
1K9441,26458
4C9702,26459
L7K,26460
4T9525,26461
4C9701,26462
3S9127,26465
SA9350,26466
1S9944,26467
1F9564,26468
4A9301,26472
1L9671,26478
1W9691,26483
4T9527,26486
H0J,26487
4S9697,26488
54G,26489
4T9526,26490
1P9935,26492
SH7,26493
7P0,26494
4B9272,26501
4M9243,26504
1N9441,26506
7X8,26507
7X8,28101
4T9515,26508
1D9925,26509
1V9268,26511
4C9704,26512
1P9930,26513
1Z9688,26514
4T9529,26515
7XV,26517
1L9675,26519
1G9659,26520
4B9365,26521
LA9AKK,26522
7XW,26523
1L9674,26524
7N7,26525
7XZ,26526
AAH,26528
1E9717,26529
1J9485,26531
1P9937,26532
4T9530,26537
1V9243,26539
4A9302,26541
4B9239,26542
3A9323,26546
4C9582,26547
7XY,26548
4T9531,26549
4C9705,26556
4M9246,26557
1E9718,26562
4B9366,26563
1B9374,26571
4R9035,26572
7Y0,26573
XL9650,26575
4B9364,26578
1P9939,26579
MD9357,26580
1H9840,26581
4B9368,26584
4C9706,26596
7Y1,26599
4S9623,26600
7Y2,26601
3ES,26607
4M9248,26608
2P9110,26611
2P9110,27811
1P9940,26613
1P9943,26620
1G9656,26621
1G9396,26624
7Y5,26625
7Y4,26626
1Z9738,26628
1Z9735,26636
4T9517,26637
1D9926,26638
1J9570,26639
4B9344,26641
1K9438,26645
4M9247,26646
4T9523,26647
1P9884,26648
7TX,26650
7WZ,26652
4M9245,26653
1F9589,26655
1H9843,26664
1H9839,26667
4C9708,26668
4M9251,26670
4M9250,26671
4R9041,26672
1V9270,26676
1Z9740,26677
4S9699,26679
7Y8,26686
4M9249,26687
4R9040,26689
1Z9741,26690
7XU,26692
4S9701,26705
4R9044,26706
1E9719,26709
1Z9739,26710
4M9220,26711
4M9220,27600
4M9220,28782
1L9676,26712
1K9442,26713
4S9673,26714
4R9042,26717
4T9535,26721
1S8,26722
1S8,27911
3C9164,26723
7SY,26728
7SY,28100
7SY,28384
7SY,28386
4T9536,26729
1P9945,26732
1P9945,28699
4R9037,26734
1J9131,26738
7Y6,26755
7Y6,28550
4M9252,26759
4B9369,26764
1J9568,26766
4S9702,26777
2M9166,26779
1F9590,26781
1Z9743,26783
1Z9715,26790
H0L,26791
1Y9049,26796
LJU,26798
1P9848,26799
4T9522,26803
4T9538,26804
1R9875,26805
NR9493,26806
1P9925,26812
ZRG,26813
1N9445,26814
4C9714,26816
1H9844,26817
1Z9745,26819
4A9306,26821
4S9705,26822
1H9842,26824
4A9299,26828
1Z9746,26829
1U9219,26832
TA9144,26839
1Z9737,26841
1G9660,26842
1G9660,28009
7X1,26843
1Z9747,26844
LB7,26852
4A9304,26853
1G9661,26856
1G9661,28007
V6T,26861
1W9694,26865
4T9533,26866
4B9370,26867
1F9587,26871
1G9652,26877
1E9722,26882
1W9697,26897
7Y3,26914
1L9652,26918
1L9652,28614
7XL,26919
1Z9748,26922
1F9592,26923
1N9446,26924
1W9695,26926
1Z9750,26927
1Z9750,28099
1H9848,26928
4A9305,26932
3S9133,26941
1E9698,26944
4B9374,26946
7V4,26957
4A9202,26959
4A9309,26960
4R9043,26961
1K9439,26968
4M9255,26977
1L9680,26978
2JB,26987
1P9941,26988
4T9537,26991
W09T06,26993
1J9573,26996
7YG,26997
7YG,28028
4R9048,26998
R3R,27001
1U9019,27002
1L9679,27004
1L9679,27993
7YS,27009
1L9678,27010
4R9049,27013
4B9375,27014
4B9375,27799
3HD,26931
3HD,27948
3HD,28781
2B9301,27015
2B9301,28803
1J9572,27016
7YP,27017
4C9711,27018
7YE,27019
4R9051,27020
1N9447,27021
7YD,27022
KN9CGS,27024
1F9593,27025
7YL,27030
4C9719,27038
1HW,27039
1Y9050,27040
1F9552,27042
57J,27045
SCE,27049
16C,27050
1CM,27051
ZBB,27052
7JD,27064
7JD,27069
7JD,27070
7JD,27076
7JD,27079
7JD,27082
7JD,27085
7JD,27088
7JD,27091
7JD,28182
7JD,28187
7JD,28189
7JD,28191
7JD,28193
7JD,28195
7JD,28197
7JD,28199
7JD,28201
7JD,28203
1E9724,27062
102,27073
4A9311,27092
4C9715,27093
7YU,27094
4C9720,27097
1Z9751,27101
LLJ,27103
4M9226,27105
7YT,27106
4A9307,27108
7YK,27109
1Z9734,27110
VNB,27127
VNB,28768
WLA,27128
NLF,27132
NLF,28844
1U9174,27135
HT5,27136
HT5,28732
4A9268,27137
4C9721,27138
3H9023,27139
1H9707,27140
R8S,27142
LA9ZBK,27143
3R9227,27145
3C9192,27147
1H9783,27148
4S9710,27159
7Z1,27160
1P9938,27161
4R9053,27172
1E9728,27184
1H9849,27185
1H9845,27187
1G9662,27188
3R9225,27189
2D9121,27190
1L9677,27191
4S9709,27192
4C9666,27198
4M9261,27203
4S9713,27204
7WW,27209
AG2,27215
1E9729,27216
1E9729,27792
2J9023,27217
1J9523,27218
1N9449,27219
1N9450,27233
1X9043,27227
4R9055,27229
1L9682,27230
1K9446,27232
4M9160,27234
3NT,27235
1V9273,27239
4B9372,27242
7GR,27254
7YX,27255
4C9722,27256
1W9692,27265
3S9123,27270
1P9949,27274
1K9448,27279
4C9432,27282
1N9451,27283
4C9723,27284
1D9937,27285
1E9725,27286
1G9486,27289
1Z9757,27291
1P9951,27292
1D9936,27293
1F9175,27294
4B9377,27297
1D9938,27298
7ZC,27300
7YW,27301
1K9445,27304
1E9730,27310
1N9452,27321
1D9939,27322
4T9540,27324
4T9544,27325
1W9698,27333
1H9851,27346
4S9715,27347
LFX,27351
4T9548,27352
4T9548,27806
4S9716,27353
4T9549,27357
7Z6,27358
LA9NJX,27360
LA910E,27361
7ZD,27363
1C9681,27364
1E9732,27365
1E9732,27937
1V9274,27369
MD9142,27370
3F9067,27371
1W9699,27372
1J9574,27373
4A9314,27374
4M9257,27375
1L9689,27376
4C9724,27377
1L9690,27378
1N9453,27379
HL5,27382
H2N,27383
1H9850,27384
1J9576,27390
3A9296,27391
4A9315,27393
7ZB,27395
1X9039,27397
H09RLC,27398
1K9447,27399
4W1,27402
4W1,27419
4W1,27706
H3B,27403
1E9731,27405
3S9134,27406
4S9700,27407
4T9550,27414
4T9546,27415
4S9719,27416
1L9692,27417
4R9057,27421
H2D,27422
H2U,27432
H2U,27946
7ZF,27433
4A9290,27437
7ZA,27439
7YA,27441
7YA,27956
7YA,28004
1D9235,27443
1Z9758,27446
1G9667,27447
1P9954,27452
1L9686,27453
1H9852,27462
4T9551,27464
1G9668,27465
1G9668,28054
4M9265,27466
7KX,27472
4B9380,27485
4A9317,27486
7Z3,27489
4S9723,27491
1Z9759,27494
1Z9759,27846
1K9449,27495
LP4,27508
VKD,27519
1D9929,27524
51F,27525
1W9562,27526
SJB,27530
4S9687,27535
H7Y,27559
4T9542,27560
4B9381,27561
4B9378,27562
7RY,27563
4M9262,27564
4S9725,27565
LFU,27569
4C9728,27571
3S9129,27575
4S9666,27577
L6T,27579
RA9015,27580
H3A,27581
4A9308,27582
4T9532,27585
4M9267,27586
492,27587
492,28610
7UX,27588
7UX,28820
1F9553,27589
1K9444,27594
4S9727,27595
1G9669,27596
4S9728,27599
7ZN,27607
7ZN,28855
1SP,27608
1P9947,27610
1W9624,27611
7ZP,27612
LG9BYD,27625
LG9BYD,27798
7ZM,27626
4M9269,27628
7UU,27629
7UU,28061
1V9275,27630
1U9221,27631
7ZT,27632
7ZT,27922
1R9268,27634
2P9112,27636
2P9112,27801
1L9681,27637
4B9383,27645
H1N,27656
LA9DC1,27658
3FZ,27659
1G9671,27660
1G9672,27661
7ZR,27666
7ZR,27977
4M9266,27668
1G9664,27669
4A9319,27670
3PT,27671
1E9733,27672
2G9105,27673
7ZY,27676
1F9599,27677
1Z9762,27678
4S9729,27704
4M9264,27729
4M9264,28424
4B9384,27736
1G9673,27739
4T9552,27740
4S9712,27745
1N9456,27746
3JC,27753
2T9149,27756
1F9596,27757
4S9718,27761
7ZL,27762
LZ9SSY,27771
7ZS,27775
4R9059,27776
4R9059,28854
4A9320,27777
MZD,27780
LYZ,27781
4M9253,27782
2MS,27783
2BY,27785
2BY,28789
1D9932,27787
3JD,27788
4S9714,27791
1Z9763,27794
1E9734,27795
4A9321,27796
1J9579,27800
1K9450,27802
3E9072,27805
7ZW,27807
1U9222,27809
7Z2,27812
1Z9765,27813
1K9451,27814
4M9272,27815
H09PLE,27816
3S9136,27818
3G9073,27830
1P9099,27831
3A9324,27832
4S9722,27833
4T9554,27835
4A9318,27839
1D9943,27840
1G9674,27844
711,27845
1E9735,27849
4M9274,27850
1N9457,27851
4B9386,27852
4B9387,27853
4M9275,27854
713,27855
1Z9770,27856
4T9545,27858
4C9726,27859
1V9276,27860
1Z9768,27861
AE9MT1,27862
715,27864
4S9731,27866
1K9423,27867
SA9457,27868
3A9318,27869
1H9856,27870
1R9750,27871
H2W,27872
1F9520,27876
7Z8,27877
1V9277,27878
1X9044,27879
56W,27880
1E9736,27886
1H9857,27889
7ZX,27890
1H9855,27891
1W9704,27893
LS8,27895
7XA,27897
1P9958,27899
1S9176,14914
4C9733,27901
4B9388,27902
4A9324,27903
4C9731,27913
712,27916
4M9280,27918
2XB,27919
1D9947,27921
1K9452,27923
718,27924
1V9278,27926
716,27927
4S9733,27928
NP9176,27929
1J9530,27930
1U9224,27931
4R9009,27932
1P9961,27935
1L9695,27936
L5D,27938
1Z9702,27941
2T9205,27945
4A9313,27947
1L9696,27950
1W9705,27952
1V9279,27953
7ZJ,27957
2A9209,27959
4A9323,27960
4Z2,27961
2M9281,27962
1A9514,27963
4R9060,27964
4R9063,27965
1P9962,27969
R6U,27971
UDU,27972
1H9858,27974
1G9676,27975
714,27976
71C,27978
1D9949,28002
MLY,28006
MLY,28720
1Z9761,28011
1G9677,28012
4M9282,28016
4B9391,28017
4A9327,28022
R8H,28023
HSL,28025
1M9343,28026
4T9557,28029
4B9395,28032
1G9666,28034
LA9HTK,28035
4S9195,28036
4S9195,28576
4B9390,28037
7YZ,28038
7YZ,28116
4A9329,28039
1L9699,28040
4A9328,28041
3C9260,28046
1H9859,28047
4B9393,28048
4M9277,28052
710,28053
1H9860,28055
4M9283,28056
4S9735,28057
1G9678,28058
4A9142,28059
1E9668,28063
4R9066,28065
4T9559,28067
H2H,28071
4S9736,28072
1G9679,28073
1H9861,28075
4S9737,28076
1N9458,28077
4M9285,28078
1A9853,28079
1E9726,28080
4M9284,28081
4B9397,28082
4T9562,28083
1L9701,28084
4S9738,28085
4M9287,28086
7U1,28088
71L,28094
7XX,28095
71H,28096
1D9945,28098
1W9706,28105
1L9697,28106
4B9392,28107
2ND,28109
4B9394,28110
71K,28113
4M9289,28114
4T9565,28118
1L9700,28120
5JT,28128
1D9948,28129
4R9068,28131
3F5,28132
4M9271,28133
7YY,28135
71N,28138
1H9863,28141
4T9566,28142
1L9703,28143
1Z9775,28145
1N9460,28147
54A,28151
3PM,28152
2E9092,28153
71E,28157
1D9953,28158
4A9331,28159
1D9951,28160
1Z9777,28161
4M9288,28163
4S9742,28164
VF9391,28165
4B9398,28166
1V9281,28167
3RC,28168
4M9292,28172
4B9399,28173
4T9569,28175
4T9570,28176
7FY,28181
1Z9778,28204
4T9564,28205
1P9929,28207
4T9556,28210
HA9MAH,28213
1L9683,28218
4M9270,28221
4M9295,28227
1J9580,28228
1G9680,28229
4A9303,28230
4R9065,28231
4S9743,28241
3D9032,28246
1D9687,28252
H0R,28253
1L9707,28256
4M9296,28258
4A9334,28259
1V9283,28263
1V9284,28265
1Z9776,28266
71F,28267
1Z9732,28268
1Z9780,28272
1J9581,28278
1D9952,28284
Y79E81,28289
2SH,28290
4M9286,28291
1X9046,28292
4M9297,28293
99L,28295
4M9298,28301
YAF,28303
1G9681,28305
4S9739,28308
H3Y,28311
4T9561,28313
1XM,28320
1XM,28321
1XM,28322
1XM,28323
4S9734,28330
PL9056,28332
4C9736,28334
6K9860,28339
2R9730,28342
4T9573,28343
7YF,28347
4S9745,28350
1N9462,28351
3FX,28354
4A9338,28355
4R9071,28356
4S9730,28361
9790Y6,28369
71U,28370
1F9603,28372
4R9074,28374
4B9401,28375
1L9708,28377
4S9746,28378
1F9602,28381
SF6,28390
4R9072,28391
1D9950,28405
U1V,28413
1G9682,28414
3L9036,28417
1P9970,28425
5DD,28426
1N9223,28427
4T9534,28428
LA9GFC,28429
1V9285,28431
1Z9782,28432
4A9337,28433
1W9709,28434
1N9464,28441
6PM,28442
1N9463,28443
1F9600,28444
4R9073,28445
VF9045,28446
4A9340,28447
7ZZ,28448
1L9685,28449
1Z9489,28451
PF9002,28452
1Z9697,28453
2T9218,28454
3HF,28455
LTE,28456
LTE,28725
4R9076,28457
4C9740,28463
4C9741,28464
1P9964,28471
UN9092,28472
1H9862,28473
4B9405,28474
1U9227,28477
1D9954,28483
3F9071,28488
1W9684,28494
2WV,28495
4S9748,28497
59Y,28498
NP9299,28500
4B9402,28506
HJ5,28508
LZ9EJH,28509
1H9773,28511
LM0,28525
3E9073,28526
1S9260,28530
4B9409,28531
721,28532
1K9453,28533
7XK,28534
7GA,28537
4S9749,28538
4B9406,28541
727,28542
4A9343,28543
1H9867,28544
1K9432,28545
1P9973,28548
4A9183,28551
7ZK,28553
4M9294,28557
4A9341,28559
71X,28561
7KJ,28562
2C9342,28564
H7L,28566
4R9075,28567
1H9868,28568
1J9585,28571
1W9703,28572
1E9744,28573
1P9969,28580
2P9118,28582
4M9268,28583
1V9286,28585
LCS,28595
H09SHT,28596
H09YZM,28597
4T9579,28598
1Z9714,28599
4C9744,28600
H09SLJ,28601
H09SKJ,28602
1D9935,28603
71T,28604
71V,28605
4A9344,28615
LZ9JLF,28617
1K9454,28625
7JK,28638
4M9302,28641
3J9103,28647
3E9074,28648
1L9711,28650
728,28651
4C9746,28652
1P9976,28653
1F9607,28658
NR9810,28674
4S9754,28675
1Z9783,28676
1N9465,28677
1P9977,28681
1Z9784,28682
71P,28683
H9X,28686
4T9578,28687
1V9287,28691
4B9396,28694
WPU,28695
1G9685,28698
1V9272,28702
1W9710,28704
3HU,28705
1D9927,28710
1M9967,28714
4C9325,28716
1J9586,28721
4S9659,28722
4B9415,28723
ZFM,28727
4S9031,28728
1J9584,28729
1Z9744,28730
1D9870,28731
4R9080,28738
1H9791,28739
6S4,28740
4B9414,28741
1F9610,28742
KL9EF7,28743
SB1,28745
1K9456,28746
W09P06,28747
1N9315,28748
2D9132,28751
1L9713,28756
1W9712,28757
1P9978,28758
1N9471,28759
1G9684,28761
1N9468,28763
4M9301,28766
4S9758,28767
1K9458,28771
ZRP,28778
4S9759,28779
2N9096,28780
LA9CFR,28783
LA9PWS,28784
4C9752,28785
H09ACC,28786
72H,28787
1E9746,28788
4B9417,28790
72D,28794
1E9747,28799
1F9608,28801
4T9141,28804
LPG,28813
2C9333,28814
4T9581,28816
R8V,28817
1F9611,28818
4B9413,28819
1S9132,28822
7UF,28824
7UF,28838
4T9582,28828
3HK,28829
4T9583,28831
4B9410,28833
1H9870,28834
4T9584,28837
4B9385,28839
4S9760,28843
6RH,28845
4S9763,28847
4C9748,28856
1V9290,28857
1G9683,28859
4C9749,28860
4A9345,28866
722,28870
ZNA,28872
SA9534,28873
4C9754,28875
H09DLL,28876
H09FMX,28877
4S9750,28879
4C9753,28880
