Wmi,Make
101,Mo Trailers Corp.
102,CAMELOT
109013,Odom's Manufacturers
109015,Mang
109016,Odom
109021,Williamson Ocean-Trailers
109022,On The Road
109024,Ottawa Brimont Corporation
109123,OK Trailer Mfg.
109125,Outdoor Aluminum
109127,Onan Corporation
109131,Overland R.V. Depot
109133,Oregon Woodchuck
109134,Omega Manufacturing Inc
109135,Mike Olsefski's Auto Accessories
109136,"Omega Southwest Mfg., Inc."
109137,"Ozark Sales and Service, Inc."
10B,Brenner Tank
10B,Wabash
10B,Brenner/Beall/Lafayette
10B,Brenner
10B,WABASH TANKS
10H,HUDSON BROTHERS
10R,E-Z-Go Division of Textron
10T,Oshkosh
10T,Pierce Manufacturing
10T,JLG
10T,McNeilus
10T,Jerr-Dan
10T,London
10T,Frontline
10T,Smit
10W,Owens Classic
10Z,Omni
112,Eager Beaver
119001,"1M Custom Car Transports, Inc."
11H,Hendrickson
11J,McCullugh Trailers
11L,Carolina Running Gear
11N,City Trailers
11P,Pleasant View Mfg
11R,Reid's Trailer
11U,TRAIL-ET
11U,Equibuilt LLC Trailer
11V,Kalmar Industries LLC
11W,W-W
11X,Lindig
11Y,SAM'S
11Z,"Badsey Bullet U.S.A, Inc."
123,Sherman + Reilly
127,IDEAL
129001,2-G Trailer Co LLC
12A,Avanti
12H,"Holden Industries, Inc"
12J,"REBUILDERS & SANDBLASTERS, INC"
12R,Terrell
12U,Mitchell Industries Inc
12Z,"Patent Products, Inc"
130,Lightline Products Inc
137,AM General
137,Hummer
138,Travalong
139002,33 East Maintenance Inc
139003,3M Dynamic Message Systems
13D,Dixie Craft Trailers Inc
13E,AMS
13K,D & P Welding
13N,Fontaine Trailer Co.
13S,Sundowner
13T,Carriage
13U,BesTrailers
13W,Wolverine
13X,J-10 Trailers
13Y,Starlite Trailers
13Z,PARK
141,KARI-KOOL
143,Zoe Motors
145,"Hyundai Steel Industries, Inc."
148,Transglobal Industries
149002,4 Star Fabrication
149004,4 X 4 Trailers Ltd
14D,Chilton Manufacturing Corp.
14J,Trinity Industries
14K,Interstate Manufacturing
14V,Western
14V,EZGO
14V,Western LIDO
14X,General Automotive Corporation
14Y,TM Marine Group
14Y,Star Custom
154,Paris
159001,Five Star Custom Trailer
15C,"MCT INDUSTRIES, INC."
15G,Gillig
15R,Bocats
15U,Trailboss Boat Trailers Inc
15V,Landmark
15X,KAUFMAN TRAILERS OF NC
166,McCullough
169002,"6 & 34 Trailers & Mfg, Inc."
16C,Clenet Coachworks
16D,Boss Equipment Trailer
16F,Carriage
16G,"Gooseneck Trailer Mfg.,Co, Inc"
16J,Belshe Industries
16M,MGS Incorparated
16R,Pyramid
16S,Carriage
16U,1ST CHOICE MANUFACTURING INC
16V,Big Tex
16W,West-Mark
171,"Hydra-Sports, Inc."
173,Long Neck Trailers
176,Custom Haul
177,Ford
179446,Oregon Trailer
17E,Valley Trailers
17J,Owosso
17N,John Deere
17X,Texas Bragg Enterprises
17Y,"Ameritrail, Inc."
184,Eagle Trailer Manufacturing
185,American Bos Corp
186,Karavan Trailer
188,Thomsen
18D,Six Wheel Wonder
18F,Catalina Marina
18G,Sheller-Globe Corporation
18L,LondonCoach Inc
18S,Sno-Bird
18X,"Western Recreational Vehicles, Inc."
18Y,"Rogue Industries, Inc."
197,Kross Kountry
198,First Products Inc
19B,B & M Manufacturing
19D,Skyline Corporation
19E,Skyline Corporation
19F,Royals
19L,Hy-Line Enterprises
19M,MASTERCRAFT BOAT COMPANY
19T,Royals
19U,Acura
19V,Acura
19X,Honda
19Z,Ultra Acquisition Corporation
1A0,Art Roll Tech
1A2,Chrysler
1A3,Chrysler
1A4,Chrysler
1A6,Chrysler
1A7,Chrysler
1A8,Chrysler
1A9005,Acro Trailer Company
1A9013,American Skier
1A9014,IDLE-TIME
1A9050,"Ainley Kennels & Fabrication, Inc."
1A9055,Anaheim Welding & Fabrication
1A9064,ASHFORD MFG
1A9082,ADMIRATION HOMES
1A9084,Anderson Truck Body & Equipment
1A9085,A. B. Chance Company
1A9087,Auto Truck
1A9090,Amfab
1A9097,Atlanta Fabricating & Equipment Co
1A9099,Atlas Mfg Co Inc
1A9100,Del-Val
1A9103,Automated Engineering Systems Inc
1A9105,Ashcan Fab. Co.
1A9110,Ace Custom Trailers
1A9114,A & R Custom Trailers
1A9117,ATK
1A9121,Baker
1A9122,AEROTEK
1A9123,A & H
1A9125,Art's Portable Welding
1A9127,Apex Manufacturing Co.
1A9130,A Bar K Trailers
1A9131,Asphalt Machinery
1A9132,Trailers by JEL
1A9133,"CUSTOM TRIKES, INC."
1A9134,Crosley Trailers
1A9142,"ALCAN TRAVELER, INC"
1A9143,Acv Inc
1A9147,Archer Manufacturing Corporation
1A9149,"Dimensional Homes, Inc."
1A9157,Addco
1A9158,"CUSTOM TRIKES, INC."
1A9163,Aurora Modular Industries
1A9164,Alpha Tank Builders
1A9165,"A-N-S Manufacturing, Inc."
1A9169,ACE Truck Body Co.
1A9172,Andrews Equipment Service of Washington Inc.
1A9176,American Trailer Company
1A9181,Amko Service Company
1A9185,"Auctioneering Systems, Inc."
1A9188,Ash Company of Mountain Lake
1A9190,Allied Welding Services
1A9198,"American Wood Splitters, Inc."
1A9200,"Automated Waste Equipment Co., Inc."
1A9206,Hy-way Products
1A9211,Arndt Trailer Manufacturing
1A9220,"IBEX Industries, Inc."
1A9223,Aero Fiberglass Company
1A9225,"Arning Industries, Inc."
1A9229,"A.P.E, INC"
1A9230,Advanced Transport Technologies Inc.
1A9232,"Abtec of Wisconsin, Inc."
1A9234,Allvan Corporation
1A9236,A. Bergman
1A9241,"Alum-Line, Inc."
1A9244,ADVANCED FABRICATORS INC
1A9245,Atoka Trailer & Mfg.
1A9246,APC EQUIPMENT
1A9247,"ADVANCED CONTAINMENT SYSTEMS, INC"
1A9248,ATWOOD TRAILERS
1A9250,"Ajax Tools, Inc."
1A9251,"ALEWINE MOTORS, INC."
1A9253,THE ALLIED GROUP
1A9256,ABC Manufacturing
1A9261,Antioch
1A9261,Cates
1A9261,McKay
1A9270,"AMERI-CAN ENGINEERING, INC."
1A9271,American Thunder Tryke
1A9274,The American Road Machinery Company
1A9275,Agri-Drain Corp
1A9277,Action Equipment
1A9285,AZIMUTH INC.
1A9286,AFTER-MARKET SPECIALTIES
1A9288,NABI
1A9288,New Flyer
1A9288,Ikarus USA
1A9289,Axis Corporation
1A9294,"AJAX TRAILERS, INC"
1A9299,ASI TRAILERS
1A9304,"ASTORIA INDUSTRIES, INC."
1A9306,AMERICAN TRAILERS CO
1A9317,ARROWHEAD
1A9318,Puffy Boy
1A9324,Auto Transport Service
1A9326,APS Systems
1A9327,Architectural Welding & Design
1A9329,ATLAS
1A9330,Anvil Products Corporation
1A9332,AG. BELT TRAILER
1A9333,ALUM-A-FAB INC.
1A9334,"Mesco Industries, Inc."
1A9341,Aulick Industries
1A9344,Ark Custom Trailers
1A9347,Red Ewald
1A9359,Accel Trailers Inc.
1A9360,"Aristocrat Industries, Inc."
1A9374,Adams MFG
1A9375,Alloy Custom Vacuum Products Inc
1A9378,American Electronic Sign Co
1A9379,Ace Motorcycle
1A9383,American IronHorse Motorcycles
1A9393,Aeroglas
1A9394,A & W TRAILOR MANUFACTURE
1A9397,"AG Industrial, Inc"
1A9398,AMERITECH CORPORATION
1A9406,APACHE SINCA INDUSTRIES INC
1A9412,AMERICAN WARRIOR MOTORCYCLES
1A9416,AmeriMax
1A9421,Albert Lea
1A9423,AC Customs
1A9427,ASTEC INDUSTRIES INC.
1A9428,A.P.C. Motor Company
1A9432,AJR Inc.
1A9433,ALLEN'S MFG INC.
1A9436,AMERICAN DOZER INC.
1A9438,All South Equipment Co. Inc.
1A9440,"All American Manufacturing, Inc."
1A9442,AMERICAN QUANTUM CYCLES
1A9445,American Augers
1A9446,Aquacraft Inc
1A9448,ASPEN TRAILER INC.
1A9456,"ALTAMONT TECHNOLOGIES, INC"
1A9457,"Ag Spray Equipment,Inc."
1A9458,APOLLO TRAILER COMPANY
1A9460,Allegheny Trailers
1A9461,Arrow Dump Trailers
1A9462,Anderson Repair
1A9463,"ARGO FAB, INC"
1A9469,ALLISON DUMP BODIES & TRAILERS
1A9471,ADIRONDACK KOTTAGES
1A9477,Alumax Trailers
1A9480,Aeroswint Trailers
1A9482,"Al-jon, Inc."
1A9493,American Welding Service
1A9494,American Motorcycle Corporation
1A9503,Alloy Custom Products
1A9505,ABC Enterprises
1A9507,A.A. Trailer
1A9509,"Appleton Steel, Inc."
1A9513,American Steel V-Twin
1A9514,American Trailer Mfg. Co
1A9516,Aapex Trailers Inc
1A9520,"Alkota Cleaning Systems, Inc."
1A9522,American Airport Support & Rescue Systems
1A9524,"ADVANCED MANUFACTURING & POWER SYSTEMS, INC."
1A9525,Advanced Trailer Systems
1A9526,A-1 Truck Repair
1A9527,Arsenal Trailer Manufacturing Inc
1A9528,Allied Machine Inc
1A9529,Almax Holding Limited
1A9530,Almax Holding Limited
1A9531,A & B INDUSTRIES
1A9532,ABI
1A9533,Advanced Directional Drilling Services
1A9536,AAR Welding
1A9539,Autodelta USA Inc
1A9541,Adams Equipment
1A9542,Advanced Metalcraft & Co
1A9543,American Homestar Corporation
1A9545,Avesco Welding & Fabrication
1A9546,Allco Trailer Manufacturing
1A9549,Allen Boat Company
1A9550,Covered Body
1A9551,Advanced Portable Buildings & Trailers
1A9554,A & D Company
1A9555,Action Industrial Studio
1A9558,Andy's Welding
1A9559,Aliso Trailer Mfg. Inc.
1A9561,Advanced Striping Equipment
1A9563,Allstates Production Equipment Company
1A9565,"All Wheel Drive Equipment Mfg., Inc."
1A9566,"Advanced Trailer Service, Inc."
1A9567,Apogee Trailers LLC
1A9568,Aluminator Trailers LLC
1A9569,Apex Custom Trailers
1A9571,"Alpine Industrial, LLC"
1A9572,American Trailer Manufacturing Company
1A9574,American Wash Company
1A9577,Amaron Trailers
1A9582,AMEN CHASSIS WORKS
1A9585,AgriFleet Leasing Corporation
1A9586,AP Trailers LLC
1A9588,"Arlen Ness Enterprises, Inc."
1A9589,ALPINE WELDING & FABRICATION INC
1A9590,AMAZE-N-TOW
1A9592,"Arizona Machine & Fabrication, Inc."
1A9593,AEC Enterprises
1A9596,ACG
1A9597,ALL-IN-ONE Products
1A9600,American Welding & Machine Co
1A9601,Armstrong Trailers
1A9602,American Truck Company
1A9603,"Anything In Iron, Inc."
1A9604,Ameri-Camp
1A9605,All Pro Cycles
1A9606,"Arrowhead Trailer Mfg., Inc."
1A9611,Agvantage Manufacturing Corp.
1A9613,ARGO Trailers
1A9614,Action Trailers
1A9616,A.T.M.
1A9617,ALC Manufacturing
1A9618,Alumituff Manufacturing
1A9619,"ARMSTRONG TRAILER MANUFACTURING CO., INC."
1A9624,Aluminx
1A9629,"AAD Welding, Inc."
1A9638,AMERICAN TRAILER SYSTEMS
1A9640,Adirondack White Pine Cabins
1A9642,"ACTION WELDING & FABRICATION, INC."
1A9646,American Metal Fabrication
1A9648,American Hawg Choppers Inc
1A9650,"Alumina, Inc."
1A9652,Ace Trailers
1A9653,Adventure Trailers
1A9654,"ACCU-TEK TRAILER MANUFACTURING, INC."
1A9657,ATLANTIC TRAILERS
1A9658,Aluminum Cargo Trailers Inc
1A9659,American Farrier Systems LLC
1A9660,"Advanced Trailer Concepts, Inc."
1A9662,Avila Manufacturing
1A9663,ALL IN ONE CUSTOM FABRICATION & DESIGN
1A9664,Arcade Iron Motorcycle Company
1A9665,ATSATV
1A9668,American Manufacturing Operations
1A9669,Advanced Fabrication
1A9670,AEROPUP Trailers LLC
1A9671,Ahoy! Houseboats and Fishhouses
1A9672,"ATTITUDE CUSTOM CYCLES, INC."
1A9673,"ACME CRYOGENICS, INC."
1A9674,ACES CHOPPERWORKS
1A9675,Aero Flite
1A9678,ACCURATE CYCLE ENGINEERING
1A9679,All Seasons Manufacturing
1A9682,American Trailers
1A9683,"ARIZONA WOODRIVER OUTFITTERS, LLC"
1A9684,Aluminex Fabrication
1A9685,Aurora Trailers
1A9686,Advanced Welding and Manufacturing
1A9687,Asphalt Equipment & Service
1A9689,AMP Customs
1A9690,Anesko's Custom Trailers
1A9692,Apollo Choppers
1A9695,Fuel Horse
1A9697,Action Enterprises & Fabrication
1A9698,"Alcan Trailers, LLC"
1A9701,Absolute Performance
1A9702,All American Choppers Co.
1A9707,ACME
1A9708,Apache Golf Cars
1A9710,American Airboat Corporation
1A9711,All American Big Twin
1A9714,All American Trailer Manufacturers
1A9717,Anarchy Motorcycle Company
1A9718,Advance Pump & Equipment
1A9720,Adrian Homes
1A9725,American Sport Trailer
1A9726,Alcom LLC
1A9727,A & A Manufacturing
1A9729,Aluma Tower Company
1A9730,Albright Bikes
1A9731,Alsalor Corp.
1A9733,Automotive Transformation Inc.
1A9734,"AG-Quip, Inc."
1A9736,Advanced Customs & Conversions
1A9737,American Hotrod Motorcycles
1A9739,American Steel Horse Cycles
1A9747,"Aluminum Trailers, Inc."
1A9748,Arkfeld
1A9749,American LaFrance
1A9751,Arizona Trailer Specialists
1A9752,Arsenal of Virginia
1A9753,A & E Trailers
1A9754,"American Eagle Trailers, Inc."
1A9756,Absolute Concepts
1A9757,All American Manufacturing LLC
1A9758,"American Crafted Trailers, Inc."
1A9759,American Recreational Vehicles
1A9760,"Aguilar's Welding, Inc."
1A9762,After Hours
1A9766,"Allentown Shotcrete Technology, Inc."
1A9767,Art In Motion
1A9768,American Kulture Cycles
1A9771,American Kulture Rod and Cycle Shoppe
1A9772,ArTech Parts Fabrication
1A9773,All Phase Trailer and Equipment
1A9774,Auto Craft Wholesale Auto
1A9776,A.R.M.
1A9779,All Around Trailers
1A9781,A.Q. Manufacturing
1A9785,Atek Trailers
1A9788,Arcweld
1A9790,Affordable Trailers
1A9791,Applied Research/Vertek
1A9793,"Amaze-N-Tow, LLC."
1A9795,Acme Trailer Works
1A9796,A & E Fabricators
1A9798,"All Star Carts & Vehicles, Inc."
1A9799,A1 Cycles
1A9801,Activity Trailer
1A9802,Affordable Aluminum
1A9804,Aerobilt Manufacturing
1A9805,American Classic Motors Inc.
1A9806,All Marine Trailers
1A9809,Action Signs and Billboards
1A9810,ACcustomX
1A9811,Americana Chopper
1A9813,Alameda Trailer Sales
1A9814,Arcimoto
1A9815,Ability Metals
1A9816,Acme Group
1A9817,A.N. Bowling
1A9818,A to Z Auto
1A9820,Anvil Trailer
1A9822,American Trailer Builders
1A9823,Astec Mobile Screens
1A9825,Al's Motorsickle Shop Inc.
1A9827,American Custom Coach
1A9828,Antrim Metalworking & Repair
1A9829,Alpha Products International
1A9830,AFAB Petroleum Equipment & Steel Fabrication
1A9831,Accu-Weld Truck Body & Trailer Inc
1A9833,Ace of Spades
1A9836,Alley Rat Custom Cycles LLC
1A9837,AZLand
1A9840,All Star Trailers
1A9841,AC Propulsion
1A9843,Advance Lifts
1A9844,AFC Company
1A9845,Alleykat Kustoms of Arizona
1A9849,Austin Welding Service
1A9850,Alumacar
1A9851,AMERICAN PRODUCTS
1A9852,All Boat Manufacturing
1A9853,American Made Products
1A9854,"Allied Manufacturing, Inc."
1A9855,Alfred Industries
1A9857,"All Right Steel, LLC."
1A9858,AmeriFab Industries
1A9860,CLASSIC DESIGN TRAILERS
1A9861,Atlas Custom Trailers
1A9867,Fearless Eagle Trailers
1A9869,All Custom Fabrications
1A9870,American Truck & Trailer Body
1A9871,All Day Lawn
1A9872,AEP North America
1A9873,Awesome Rebuild
1A9875,American Teardrop
1A9876,Ashcroft Enterprises
1A9877,All Fab Trailers
1A9881,ART
1A9882,AJAX TOCCO MAGNETHERMIC CORPORATION
1A9884,Appalachian Teardrop Company
1A9890,Airtronics Metal Products
1A9891,"ASC, INC."
1A9893,American Super Cycle
1A9894,Kikker 5150
1A9895,"All Steel Trailer, LLC"
1A9896,Ace
1A9896,Cozad
1A9896,Reliance
1A9898,AMS Global
1A9900,Astec Underground
1A9901,"Alan Ritchey, Inc."
1A9902,"Advantage Terrafab, LLC"
1A9909,Arch Motorcycle Co
1A9910,Augusta RV
1A9914,Metro Tram
1A9915,Metro Trailer
1A9917,Allen Fabricators Inc.
1A9920,American Scooter Manufacturing
1A9922,JEREH
1A9925,ARBOC
1A9932,Ameri-Carts
1A9935,A & M FABRICATIONS
1A9938,ATG
1A9939,Applied Cryo Technologies
1A9940,"Amelit, Inc."
1A9941,Absolute Trailer Sales
1A9948,Advantage Customs
1A9949,Asphalt Zipper Trailer
1A9950,America's Best Cargo
1A9951,Aerovault
1A9951,FM Aerovault
1A9953,ABASTECEDORA DE TRACTOPARTES Y REFACCIONES
1A9956,Anderson Custom Iron Works
1A9958,Alkane
1A9960,Outlaw Trailers
1A9961,"Airbagged Trailers, Inc."
1A9963,"Aleph Group, Inc."
1A9963,JD - Bertonlini Ind. Ltd.
1A9967,Anderson Industries
1A9968,AirTech Tools
1A9970,American Star Metal Fabrication
1A9971,Alien Engineered Products
1A9974,Storms Welding
1A9975,ATR
1A9980,Absolutely Wild Ranch
1A9985,American Made
1A9987,ASF LoadMaster
1A9991,American Best Corporation
1A9992,Trailer Made Custom Trailers
1A9994,Advance Metal Fabrication and Machine
1A9995,"Aluma Pro Trailers, LLC."
1A9997,Humvee
1A9998,Alexander's Machine and Maintenance Service Company
1A9999,AG Works International
1A9AKL,"ADIRONDACK KABINS, LLC"
1AB,Airstream Inc.
1AC,American Motors
1AF,American LaFrance
1AF,Mobile Armoured Vehicle
1AJ,HERCULES AJAX
1AL,Alloy
1AM,American Motors
1B2,Dodge
1B3,Dodge
1B4,Dodge
1B5,Dodge
1B6,Dodge
1B7,Dodge
1B8,Dodge
1B9014,"Barrett Trailers, Inc."
1B9038,Bradley
1B9053,Biscamp's Trailer Sales
1B9064,Brainard Kilman Drill Company
1B9066,BROUGHAM BRIDGER
1B9072,Blair Trailers
1B9073,C.P.S.
1B9077,B-Line Corporation
1B9079,Bud Antle Inc
1B9086,Bollin Tile Stringer
1B9089,BELLUE'S WELDING
1B9091,Trail A Board
1B9094,Bock Industries
1B9099,Martin Camper
1B9100,Best Built Manufacturing Inc.
1B9101,Bar-Bel Fabricating
1B9102,"Weyhrich Industries, Inc."
1B9105,Big John
1B9110,"Bean & Conquest, Inc."
1B9113,Vironex
1B9123,Built Rite
1B9124,Balestra
1B9125,Bildon Inc
1B9127,Bushman
1B9131,"Burch Body Works, Inc."
1B9133,BUELL (EBR)
1B9133,Buell
1B9134,Britton
1B9139,"Bayshore Systems, Inc"
1B9140,Bienville
1B9141,"Brent Industries, Inc."
1B9145,Bilt-Redi Corporation
1B9149,"Burlingame Industries, Inc."
1B9166,"Bonner Metal & Fabrication, Inc."
1B9172,The Graham Co.
1B9178,"Brooks Sales and Engineering, Inc."
1B9183,"Bob Baxter Welding, Inc."
1B9184,"Bryant Enterprises, Inc."
1B9187,Brothers Industries Inc.
1B9190,B & H Welding Services
1B9191,B & O Custom Trailers
1B9196,Borek Brothers Automotive
1B9206,B & M Enterprises
1B9208,Bivouac Commercial Vehicles
1B9210,Boss Trailers
1B9212,B & B Trailers
1B9216,BNM Trailer Sales
1B9220,"Bigbee Trailers, Inc."
1B9222,B & H Trailers
1B9228,Burrell Enterprises
1B9230,"Bauer Built Manufacturing, Inc."
1B9236,Brandy Industries
1B9238,B & W CONSTRUCTION
1B9239,Blackwood's Welding & Trailer Sales
1B9240,Burdick Bros. Machine & Repair
1B9241,Built-Rite Trailer
1B9242,Braco Trailers
1B9249,B & S Concession
1B9251,Bodholt Brothers Manufacturing
1B9252,Big W Sales
1B9254,Belotti Mfg. Inc.
1B9256,Brother's Fleet Service
1B9257,Bandy Trailers
1B9258,BO Manufacturing
1B9259,Bradford Built
1B9260,BETTER WEIGH MFG
1B9263,Brians Welding Service
1B9269,BRESEE MANUFACTURING
1B9272,Bartel Welding
1B9274,Brooks Brothers
1B9275,Boydstun Metal Works
1B9276,BROCK'S FIELD SERVICE FABRICATION
1B9277,Bee Trailers
1B9280,Barreto Manufacturing
1B9282,B & S TRAILER SALES
1B9285,Boss Hoss
1B9290,BAY EQUIPMENT AND REPAIR (BEAR)
1B9292,Beck's Mobile Home and RV Center
1B9298,"Busby International, Inc."
1B9308,BOSTON STEEL & MFG. CO.
1B9311,B & G Supply
1B9316,B B'S TRAILERS
1B9318,BACKWATER TRAILERS
1B9320,Unicell Body Company
1B9321,"BRYANT'S TRAILERS, INC"
1B9327,B & L Trailer Manufacturer
1B9328,B & R WELDING
1B9329,BGRS INC
1B9330,Beehive Road Welding
1B9332,Bartley Corporation
1B9337,B & B TRAILER SALES
1B9338,"Bob's Used Cars, Inc. dba Cobra Manufacturing"
1B9339,Bayer Trailers
1B9347,Blairz Homes
1B9348,Barcroft Welding and Ornamental Iron
1B9353,"Boggs Steel Fabrication, Inc."
1B9355,BOLLINGER-ONKEN INC
1B9356,Builtwright Fabrications & Con.
1B9358,"Big O's Manufacturing,Inc"
1B9359,Bohnert Welding
1B9360,"Big 4 Rents, Inc."
1B9363,B & E Trailer Sales Inc.
1B9364,Best Trailers
1B9365,"B & K Trailers, Inc."
1B9366,Bootheel Custom Trailers
1B9370,"Blanchat Manufacturing, Inc."
1B9374,Big Dog Motorcycles
1B9380,BT&T
1B9381,B-WELDING
1B9393,BOURGET'S
1B9397,B & M HI-LITE
1B9414,BOOTSTRAP INC
1B9416,Big Bubba's Trailer Sales
1B9426,Buttler Built
1B9435,Besler Industries
1B9446,Workman and Sons Inc.
1B9453,Big Smith Sales & Service
1B9457,Barlow's Welding
1B9458,"B.L. INDUSTRIES, INC."
1B9461,BETTER BUILT TRAILERS
1B9462,Reinert MFG.
1B9464,Bar Y
1B9466,Lazy B
1B9470,BAZ MFG.
1B9472,"BELL POWER SYSTEMS, INC."
1B9473,BURTEK INCORPORATED
1B9474,Baird & Slaska Mfg
1B9475,BROWN MANUFACTURING
1B9478,BAHR CUSTOM BOATS & TRAILERS
1B9485,BOB'S WELDING & FABRICATION
1B9486,"Bowman Manufacturing Co., Inc."
1B9487,BOSSELMAN 
1B9489,BETTER BUILT TRAILERS
1B9491,BOXED UTILITY TRAILER TECHNOLOGIES
1B9493,Billings Trailer Fabrication
1B9498,BETTER BUILT TRAILERS
1B9502,Burns Mfg.
1B9504,"BURRO TRAVEL TRAILERS, LLC"
1B9508,"BOULDING & LAWSON, INC."
1B9509,Bloomfield Custom Fabrication Inc
1B9511,Bloomer Trailer Manufacturing
1B9513,"BUILT RITE TRAILERS OF NEBRASKA, INC"
1B9519,BES&T Inc
1B9528,Bovine Pedicure Industries
1B9534,Burke's Welding
1B9536,B&W Welding & Repair
1B9538,B.C. TRAILERS INC
1B9539,B & B Enterprises
1B9541,Blue Lake Industries
1B9542,Bob Boersma Co.
1B9545,"Bert Jensen & Sons, Inc"
1B9549,Baltic Industries Inc
1B9551,"Buffalo Truck Equipers, Inc"
1B9552,Best Bilt Inc.
1B9555,Bullmobile Trailers Inc
1B9560,Blue Ridge Manufacturing
1B9563,Bull-Dawg Trailers
1B9564,B & B Enterprises
1B9565,BMC Motorcycle Co.
1B9566,Brownell Hydraulic Trailers Inc
1B9567,BackTrek
1B9569,"BACKYARD TRAILERS, LLC"
1B9573,B & B Fabricators
1B9574,Bill's Welding & Repair
1B9575,Buckeye Trailer Mfg. Co.
1B9576,Bales Equipment Trailers LLC
1B9578,Bodeann Inc
1B9580,Bell Machine & Fabrication
1B9582,Bob Gerena Fabricating Inc
1B9584,Bear Track Products
1B9586,B.E.E. Welding
1B9591,"Brunner's Fabrication, Inc."
1B9593,"Biotech Systems, Inc"
1B9594,"Boice Marine, Inc"
1B9595,"Bluegrass Industries, Inc"
1B9598,Bill's Trailer Sales
1B9599,Bar T Z Unlimited
1B9601,"Bluegrass Tank & Equipment Co, Inc"
1B9603,Blackhawk Bikes
1B9605,Bray's Metal Works
1B9607,Blue Coyote
1B9609,Buchanan Welding
1B9611,Big D's Products
1B9612,Bear River Trailers LLC
1B9613,Bagley Inc.
1B9616,Bale Runner Mfg.
1B9617,Best Bet Fabrication Inc
1B9618,Beach City Motorcycles
1B9623,"BMF Trailer Works, LLC"
1B9625,Brazier Trailers
1B9628,"Big ""T"" Trailers"
1B9629,Baron USA Inc
1B9630,Blazing Glory
1B9631,Big Bear American Made Chopper dba Big Bear Choppers
1B9633,Bennett Enterprises
1B9635,Blue Streak Manufacturing LLC
1B9638,"Bentley Industries, LLC"
1B9639,BARCO Industrial Supply
1B9640,Biker Barn
1B9642,Club Car
1B9642,Yamaha
1B9642,EZ GO
1B9644,Badger Utility Inc.
1B9645,"Break-A-Way, Inc."
1B9646,Bumper Bar Products
1B9648,Beach King Inc
1B9650,"Blockbuster, Inc"
1B9651,"Baillie Diesel, Inc."
1B9653,Blueridge Trailer
1B9654,B and M Trailer Sales
1B9656,Base Camp Recreational Vehicles
1B9657,Belmont Machine
1B9659,B&W
1B9662,BULK FABRICATED PRODUCTS
1B9663,"Brute Engineering Company, Inc."
1B9664,"Brown & Reese Enterprises, Inc."
1B9665,Buckeye Carriage
1B9668,Blueline Manufacturing Company
1B9673,BCA Fabrication LLC
1B9678,Blue Thunder Custom Motorcycles Inc.
1B9680,"Barton Investment Group Manufacturing, LLC"
1B9682,Butler Trailer Sales
1B9684,Black Horse Trailer
1B9693,BIG E TRAILERS
1B9694,BRUNSWICK TRAILERS PLUS AND MARINE INC.
1B9698,Brotherhood Cycles
1B9699,Big Boar Custom Cycles
1B9703,Bundit
1B9704,Bad Ass Choppers
1B9705,BENTECH INDUSTRIES
1B9706,Booth Specialty Manufacturing
1B9707,BC TRAILERS
1B9708,Diamond Line Chassis LLC
1B9709,"Built Wright, LLC"
1B9711,B&A TRAILERS INC.
1B9714,BILLS
1B9721,Bay Town Choppers
1B9722,Black Label Choppers
1B9725,BULLDOG TRAILERWORKS
1B9726,"BUTLER TRAILER MFG. WEST, INC."
1B9727,BYW Trailers
1B9728,Beiler Machine
1B9729,Barro Ag Welding and Trailer Repair
1B9730,Bauer
1B9731,BOLINGER INC.
1B9732,Big Dog Trailers
1B9734,Binder Trailer Mfg.
1B9739,Big Dog Industries
1B9740,BOB'S TRAILER SALES AND SERVICE
1B9741,BERGEI'S BAD BOYZ BIKES
1B9742,Boom Trikes USA
1B9743,BEST OF SHOW DETAILING SYSTEMS
1B9744,BOMAG PAVING PRODUCTS
1B9747,BIGASS GRILLS AND SMOKERS
1B9748,Spencer Bowman Customs
1B9749,"BERLON INDUSTRIES, LLC"
1B9750,Bare Knuckle Choppers
1B9751,B&G Trailers Inc
1B9752,Bay City Choppers
1B9754,BROWN EQUIPMENT COMPANY
1B9755,Balon Corporation
1B9756,Badge Boyz Customz
1B9759,Broken Bonz
1B9762,Black River Choppers
1B9763,Big Bear Trailers
1B9764,Black Dog Custom Cycle Mfg LLC
1B9766,Big Easy Choppers
1B9767,Broadway Choppers
1B9769,Bitter End - Old School Choppers
1B9770,B & H Customs
1B9772,Burch Tank & Truck
1B9774,Bad Boyz Toyz
1B9776,Bills Performance Automotive
1B9778,BackRoad Choppers
1B9779,Bad Boy Trailers
1B9780,Buffalo Choppers
1B9781,B & R Trailers
1B9784,BLACK IRON CHOPPERS LTD
1B9785,Bear River Fabrication & Machine
1B9786,Burke Enterprises
1B9787,Boss Powersports
1B9788,Bakers Trailer
1B9789,Barnyard Customs
1B9791,Bella Cycles
1B9793,Bruno Trailer Co.
1B9794,Billy's Hot Rod Cycles
1B9796,Blastcrete Equipment
1B9798,Backwoods Choppers
1B9799,Baja Custom Trailers
1B9800,Benchmark Motorcycles and Utility Trailers
1B9801,BACK 40 CREATIONS
1B9803,Bergkamp
1B9804,Blacksmith Trailers
1B9806,Bobby's Rule
1B9808,Blue Ridge Mountain Trailers
1B9810,Black Dragon Choppers
1B9811,Blue Ribbon Customs
1B9814,BJN Manufacturing
1B9815,Black Tie Manufacturing
1B9817,Bruton Manufacturing
1B9818,Blacksmith Choppers
1B9819,Brians Choppers
1B9821,Brain Unlimited
1B9822,Ballews
1B9823,Brass Knuckle Choppers
1B9824,Black Widow Custom Motorcycle Works
1B9825,Blazing Technologies
1B9828,Black Sunshine Customs
1B9829,Boss-LTG
1B9831,Breedlove Motor Works Inc
1B9832,BSC Motorsports
1B9833,Bravo Trailers Inc.
1B9835,Boz Designs / Taylormade Trailers
1B9838,"BigBoy Trailer, MFG."
1B9843,Bell Custom Products
1B9848,Blue Steel Axle & Fabrication
1B9849,Backyard Choppers
1B9853,Broyhill
1B9854,Big City Cycle
1B9856,Beast Custom Cycle
1B9857,Bad Island Toyz
1B9858,Blue Steel Manufacturing
1B9859,Boxes Creek Fabricating & Welding
1B9860,Bear Steel
1B9864,Bull Stout Manufacturing
1B9867,Bentley Trailers & Custom Coaches
1B9870,Blue Coyote Trailers
1B9872,B+B Trailers
1B9874,Brammo
1B9878,Blackwater Target Systems
1B9879,Bike Performance & Accessories
1B9880,Brower Equipment Sales
1B9882,Blueridge Trailers
1B9883,BBC
1B9884,BBC
1B9886,Biohazard Cycles
1B9887,Bowie Industries
1B9890,Brothers Body and Equipment
1B9892,Boomer's Trikes
1B9893,Boot Hill Trailer
1B9899,Brown Industries
1B9900,Bair Bodies and Trailers
1B9901,B & W Mantrad
1B9903,Bryant Trailers
1B9906,MYROS
1B9908,GREEN DISTRICT
1B9909,BQ Grills
1B9912,Bulletproof Trailers
1B9913,Be Seen Advertising and Custom Designs
1B9915,"Bittercreek Hunting Blinds & Dog Boxes, Inc."
1B9919,Bob's Custom Creations
1B9923,BYC
1B9924,Boulder Electroride
1B9927,Brumby Iron Horse Cycles
1B9928,Barrier Systems
1B9929,Bling's Cycles
1B9930,BG Automotive Group
1B9931,Boulder Choppers
1B9932,Black Brothers Equipment Sales
1B9934,Blue Ghost Cycles
1B9935,B.T. Custom Trailers
1B9937,"Boss Products, Inc."
1B9939,Bushtec Products
1B9940,Brimstone Cycles
1B9941,Brothers Equipment
1B9942,Boulder Electric Vehicle
1B9943,Bonnell Industries
1B9944,Bay Bridge Manufacturing
1B9945,CL WHIGHAM
1B9945,BEST BUILT
1B9946,Blackstone Trailer Company
1B9947,Bestway
1B9948,Birschbach MFG.
1B9950,Badlands Steel Worx
1B9951,Billy Bob's Trailer
1B9952,Boss Hawg Motorcycles
1B9953,Bohnenkamp's Whitewater Customs
1B9955,BRM Trailers
1B9956,Bourbon Trailers
1B9957,BigLug Trailer Works
1B9958,Boylan Signature
1B9958,Drive (Boylan Golf Cars)
1B9958,Ultima (Boylan Golf Cars)
1B9958,Sun Classic (Boylan Golf Cars)
1B9960,Burchland Mfg.
1B9962,Big Boy Trailers
1B9963,B&M Performance Cycles
1B9965,Barry's Trailers
1B9968,"Brad's Welding Shop, LLC"
1B9970,Big Boy Manufacturing
1B9971,Backwoods Trailer Sales & Manufacturer
1B9974,BB Rollahome
1B9975,Motus Motorcycles
1B9976,Bar H Welding
1B9977,Buckner Trailers
1B9979,Badger Equipment
1B9982,Braun Northwest
1B9984,Bazooka Farmstar Trailers
1B9988,Berg Equipment Corporation
1B9993,Brumley Manufacturing
1B9RWC,Black Hawk Trailers
1BA,Blue Bird
1BB,Blue Bird
1BC,Blue Bird
1BD,Blue Bird
1BL,BALKO
1BN,Beall Trailers
1BT,SPORTSMAN
1C2,Chrysler
1C3,Dodge
1C3,Chrysler
1C3,Fiat
1C3,Lancia
1C4,Dodge
1C4,Chrysler
1C4,Volkswagen
1C4,Jeep
1C4,Fiat
1C4,Ram
1C4,Lancia
1C5,Chrysler
1C6,Dodge
1C6,Chrysler
1C6,Volkswagen
1C6,Jeep
1C6,Fiat
1C6,Ram
1C6,Lancia
1C7,Dodge
1C7,Chrysler
1C7,Volkswagen
1C7,Jeep
1C7,Fiat
1C7,Ram
1C7,Lancia
1C8,Chrysler
1C9005,Cherokee Manufacturing Co.
1C9025,C.R. Warren Manufacturing
1C9026,COWBOY COACHES
1C9030,Chuck Wagon Industries
1C9031,Cascade General Inc
1C9032,CONDUX INTERNATIONAL
1C9033,Central Alabama Trailer & Truck Equipment
1C9039,"Cosmo Truck Equipment, Inc."
1C9040,"Concord Road Equipment, Mfg."
1C9043,Cato Customs
1C9053,"Curtis Industries, Inc."
1C9056,CJ
1C9058,Collin-Arndt Trailer Manufacturing Inc
1C9059,Clark Trailers
1C9065,Cycle Products
1C9066,CECO Equipment Inc.
1C9069,Clackamas Body and Equipment
1C9077,American Spray Technologies
1C9086,Companion Trailer Company
1C9099,C&C INDUSTRIES INC.
1C9102,Crown Coach Corporation
1C9113,Custom Covers
1C9126,Country Wagon Trailers
1C9138,Coast
1C9140,CIRCLE W TRAILERS
1C9148,COTTRELL
1C9158,Chariot Manufacturing
1C9163,Custom Welding and Trailers
1C9175,C.H. CUSTOM COACH
1C9188,Crown Coach Corporation
1C9189,California Sidecar
1C9191,COUNTRY BOY MFG.
1C9193,CENTREVILLE TAG-A-LONG TRAILERS
1C9195,CEMENTECH
1C9199,Cropp Welding & Fabrication
1C9202,Coose Trailer Mfg Inc
1C9204,C & H Manufacturing Inc
1C9207,Century Trailer Company
1C9208,Custom Fit Trailers
1C9211,CREATION DESIGN
1C9213,"Casita Enterprises, Inc."
1C9216,Charmac Trailers
1C9222,William Clark
1C9227,Coker Enterprises
1C9232,Catolac
1C9234,Custom Equipment Co Inc
1C9235,Champagne
1C9236,CTM
1C9237,COLUMBIA NORTHWEST
1C9245,Custom-Fab
1C9248,Craig Systems Corporation
1C9250,KAST-RITE
1C9251,Collins
1C9257,"CEI Equipment Company, Inc."
1C9264,Cumberland Farms
1C9265,Chancey
1C9266,"Cajun Machine & Welding, Inc."
1C9268,"Coffeeville Trailer Manufacturing, Inc."
1C9271,Crystal Welding
1C9272,Champion Manufacturing Inc
1C9274,C.C. Rider Trailer Co.
1C9275,Chance Coach
1C9275,Chance Rides
1C9287,Comanche Trailers
1C9290,"Quality Trailers, Inc."
1C9291,CX Automotive
1C9292,Crosley
1C9293,Catolac
1C9294,Durabilt
1C9298,CIRCLE W TRAILER MFG INC
1C9301,Class Trailer Manufacturing
1C9304,Coburn Equipment & Repairs
1C9308,"Corey Enterprises, Inc."
1C9316,CRISMON MOBILE CLASSICS
1C9319,Country Trailers
1C9324,Champion Home Builders Co
1C9324,Champion Home Builders Inc.
1C9326,Calico Trailer
1C9330,Container Enterprise
1C9331,Coast Container Corporation
1C9334,Capacity Trucks
1C9335,C & S Farms
1C9346,Cross Industries Inc.
1C9353,Creighton's Trailers
1C9356,"Custom Fabricators, Inc."
1C9360,Crowe Co.
1C9363,Circle M Trailers
1C9364,Circle M
1C9369,Classic Sports Cars
1C9372,The Canopy Man
1C9376,Custom Mobile Food Equipment
1C9385,Century Metal Products
1C9389,CPS Trailer Company
1C9391,Cat Trailers
1C9392,Carolina Custom Mfg.
1C9393,C & O Manufacturing
1C9395,"Custom Designed, Inc."
1C9396,Clenet
1C9398,Cajun Trailers & Fabrication Inc.
1C9399,Claypoole Specialties
1C9409,Take 3 Trailers Inc
1C9411,"Cy-Corp Enterprises, Inc."
1C9416,Creative Coachworks Inc.
1C9418,Crafco Inc.
1C9420,Custom Built Products Inc.
1C9423,Craig's Custom Fabricating
1C9424,"Corn Belt Manufacturing Co., Inc."
1C9428,CROMWELL
1C9429,Custom Equipment Sales Inc.
1C9436,"CARRIER TRANSPORTS, INC"
1C9442,Carrier Trailer Mfg.
1C9443,"CENTER LINE FABRICATORS, INC"
1C9447,"CROWD PLEASERS, INC"
1C9452,"CRYENCO, INC."
1C9453,Cobra Cars
1C9456,Cowboy Trailers
1C9460,Capitol Packaging
1C9462,PHOENIX TRAILERS
1C9466,Chalet RV Manufacturing
1C9470,CMW
1C9473,Competition Trailers
1C9477,CJ CARGO INC
1C9480,Colt Trailer Mfg. Co.
1C9483,J & A Custom Trailers & Fabrication
1C9485,Corona Ltd. dba Baron's Trailer Sales
1C9498,"DOUGLASS TRUCK BODIES, INC."
1C9502,"R & R FARMS, MFG"
1C9503,Camper Exchange
1C9507,Custom Line Campers
1C9510,COWBOY COACHES
1C9516,Consulier
1C9519,C-R CHEETAH RACE CARS
1C9520,Commodore Homes of Indiana
1C9525,CJ'S TRAILERS
1C9530,COWELL CUSTOM TRAILERS
1C9533,Cascadian Co
1C9534,C & W Enterprises
1C9535,Chance Coach
1C9536,Cactus Metal Works
1C9539,CALAVERAS MFG. INC.
1C9540,Cobra MFG
1C9555,Country Trailers
1C9559,Custom Trailers Inc
1C9560,Castle Motorcycle
1C9567,C N Power Systems Inc
1C9576,Campbell & Kelly Inc.
1C9577,CHIEF TRANSPORTATION PRODUCTS
1C9578,Circle G Trailers
1C9587,California Motorcycle Company (CMC)
1C9588,"C & M Fabrications, Inc"
1C9593,CHAR-KAN SALES
1C9596,C & D Trailers
1C9599,Commercial Structures
1C9604,Corbin Motors
1C9624,"Certified Advanced Technologies, Inc"
1C9627,CREEK HILL WELDING
1C9628,Bend Trailers
1C9635,CUBE MANUFACTURING
1C9636,Country Boy Trailers
1C9643,C & C Trailers
1C9648,CHRISMAN CORPORATION
1C9655,CLEVELAND MOTORCYCLE MANUFACTURING CO
1C9658,Creative Mobile Systems
1C9660,CENTINELA STATE PRISON
1C9662,Crafton Equipment
1C9664,COLE STEEL
1C9665,CR SPECIALTY MANUFACTURING
1C9668,"CARLIN MANUFACTURING, INC."
1C9670,C F Welding & Mfg Inc
1C9671,CAJUN TRAILER AND FARM MFG.
1C9672,CAMERON AND SONS WELDING
1C9673,Cascade Custom Manufacturing Inc.
1C9680,Chica Custom Cycles
1C9681,Chassis King
1C9684,"C & H TRAILERS, INC."
1C9685,CROFT TRAILER SUPPLY
1C9688,COUNTY LINE TRAILER CO.
1C9691,"CRAFTSMEN INDUSTRIES, INC."
1C9692,"COBRA MOTORHOMES & TRAILERS, INC."
1C9697,CONTRACTORS SPECIALTIES COMPANY/WATER WORKS
1C9699,CUSTOM TANK TECHNOLOGY
1C9702,COOL CARRIERS CUSTOM TRAILERS
1C9705,"CP Industries, Inc."
1C9709,COM-FAB INC.
1C9710,CLASSIC MOTORCYCLES & SIDECARS
1C9713,Custom Trailer Company
1C9714,CALIFORNIA METAL WORKS
1C9718,CLASSIC TRAILERS
1C9725,Chalet RV
1C9737,Corbin Motors
1C9742,Classic Trolley
1C9746,"Coachcraft Technologies, LLC"
1C9747,Classic Tows
1C9748,Classic Tows
1C9750,Carefree Custom Cycles
1C9754,Robert Van Fleet dba Cash Wagons
1C9759,CIRCLE H TRAILERS
1C9762,Criminalistics
1C9762,"Innovative Control dba Criminalistics, Inc."
1C9764,CGM Fabrications
1C9768,California Live Floors
1C9769,"Crosley Trailers, Inc"
1C9770,CONSTRUCTION TRAILER SPECIALISTS
1C9772,Cozad
1C9772,COZAD TRAILER SALES
1C9773,Classic Motor Works
1C9774,Curt's Welding
1C9775,Cellxion
1C9776,"Cargo Pro, Inc"
1C9777,"Classic Golf Cart Company, Inc"
1C9778,CMS WELDING
1C9780,CIRCLE R TRAILER MANUFACTURING
1C9781,Cobra Racing Products Inc
1C9784,Cable Pulling Equipment Inc
1C9786,C&P Trailer Sales
1C9789,"Chandler Mfg., Inc"
1C9790,Champion Trailer Company
1C9791,Cotner
1C9792,"Chart, Inc."
1C9793,Collins Trailers
1C9794,"Cape Fear Manufacturing, LLC"
1C9795,"Carbo Tech, Inc"
1C9796,ConTec
1C9798,Cedar Crest Park Homes Inc
1C9799,C & M Fabrication
1C9801,Chatham Enterprises
1C9802,Covington Cycle City LLC
1C9803,Carolina Trailers & Equipment
1C9804,"Cooper Equipment, Inc"
1C9805,Contech
1C9810,Cryogenic Vessel Alternatives (CVA)
1C9811,Classic Acquisitions LLC
1C9812,"C.C.E. TECHNOLOGIES, INC."
1C9814,Cal-Trailer Mfg
1C9816,"Crown Custom Trailers,Inc"
1C9817,"CMMC Machine, Inc."
1C9819,Car Twin Trailers Inc
1C9820,Camp N Boat
1C9821,"Coastal Metal Fab, Inc."
1C9822,"Colorado Custom Center, Inc."
1C9825,Custom Trailers
1C9826,Catamaran Cruisers
1C9828,Cargo-Liner Inc
1C9829,"Carolina Equipment Sales, Inc."
1C9830,C-C Enterprise
1C9836,Custom Mfg.
1C9837,"Central Parts Welding, LLC"
1C9838,Country Sales and Service
1C9839,Capco
1C9843,Country Welding
1C9844,Create A Custom Cycle
1C9853,Cross Lander of North America Inc.
1C9854,Chronic Choppers
1C9856,Chopper Works Performance Motorcycles
1C9857,CDF Trailers
1C9859,"Cowboy Fabrication, Co"
1C9862,Cooke's Trailer Manufacturing
1C9864,Carron Truck Repair LTD
1C9866,C&P Trailer Sales
1C9868,"Cowtown Customs and Cobras, Inc"
1C9870,"CLEVELAND T-TRIKE MANUFACTURING, INC."
1C9871,C & M Trailers
1C9873,Cliff's Welding Service
1C9875,Custom Chassis Inc.
1C9876,Custom Chassis Inc.
1C9878,Mark Miner Enterprise dba Custom
1C9879,Capital Industrial
1C9879,Olympic
1C9880,CC CYCLES
1C9881,County Road Trailers
1C9882,"Custom Equipment Builders, Inc."
1C9883,Choice Trailers Manufacturing
1C9889,CHOPPERHEAD ROAD
1C9891,Carolina Custom Products
1C9893,C&W Trailers
1C9894,Creekside Welding & Jamar Trailers
1C9895,CMI TEREX
1C9896,Copper River Fabricators
1C9898,Combs Trailer Manufacturing
1C9899,Corullo Forest Products Corporation
1C9901,The Chopper Shop LLC
1C9902,Carder's Custom Cycles
1C9905,Custom Bikes of Lauderdale
1C9908,Confederate
1C9909,The Chop Shop LLC
1C9910,Creative Custom Manufacturing
1C9911,Cascade Trailer & Truck
1C9912,"CLIFF'S WELDING SERVICE, LLC"
1C9913,Custom Built Trailers
1C9915,Creative Cycles
1C9917,CHEMGUARD
1C9918,C & B TRAILERS MANUFACTURING LLC
1C9920,"CLEVELAND T-TRIKE MANUFACTURING, INC."
1C9921,CARTER'S FABRICATION & DESIGN CO
1C9924,Cazzani Custom Cycles
1C9929,CYGNUS MANUFACTURING COMPANY (CMC)
1C9930,Custom Cycle Carrier
1C9932,"C & S TRAILER DEPOT, INC."
1C9933,Central Montana Panels
1C9939,Count's Kustoms
1C9942,"CENTRAL TANK OF OKLAHOMA, INC."
1C9943,"Chopper Nation, INC"
1C9946,CIRCLE D TRAILERS
1C9947,Cool City Inc
1C9951,"Chapman Enterprise, LLC."
1C9955,CRANFORD RADIATOR INC.
1C9956,CAMPER PRODUCT INC
1C9957,Caliber Boat Trailers
1C9958,Custom Bikeworks Inc
1C9959,CIRCLE CITY CHOPPERS
1C9960,CLASSIC MC
1C9961,"Central Florida Trailers Sales, Inc."
1C9962,"CHRISTIANSEN WELDING & MACHINE, INC."
1C9965,CREATIVE HOT RODS
1C9967,CHOCTAW TRAILERS
1C9968,CYCLE CONCEPTS INC.
1C9969,Chopper Designs
1C9971,CAMI
1C9973,COAST 2 COAST CHOPPERS
1C9974,Chopper Kings LLC
1C9975,COPPER STATE CYCLES
1C9977,Cyclone
1C9980,COWBOY TRADING COMPANY INC
1C9986,Calico Trailer
1C9987,CHRISTIANSON SYSTEMS
1C9988,Custom Motorcycle Works
1C9989,C & S CHOPPERS
1C9990,The Chariot
1C9992,Cascon Transportation Equipment
1C9993,COLEMAN CUSTOM CHOPPERS
1C9996,"CLEARSPRING CONVERSIONS, INC."
1C9997,Capital Industrial
1C9998,C & W Trailers
1C9999,Choppers Only
1C9ACA,Commercial Mobile Systems
1C9CCA,CABIN CRAFT INC
1C9CCC,Custom Cottages
1C9CEW,Chariot Eagle West
1C9CTM,Cabins in the Mountains
1CA,Cobra Industries
1CD,CLARK TRAILER SERVICE
1CK,Correct Craft Inc
1CM,Checker
1CU,Cushman
1CY,Crane Carrier
1CY,Crane Carrier Company (CCC)
1CY,BTL
1D2,Dodge
1D3,Dodge
1D4,Dodge
1D5,Dodge
1D6,Dodge
1D7,Dodge
1D8,Dodge
1D9020,DANCO
1D9022,Duncan Supply Company
1D9027,Dodgen Industries
1D9028,D & D Trailers Inc.
1D9033,The Dickirson Corporation
1D9040,D & H Enterprises
1D9043,"DYNAMICS COMPOSITE DESIGNS, INC"
1D9058,Firepower
1D9061,Mobile Mini
1D9063,Universal
1D9075,Dively Mfg. Co.
1D9076,Double Duty
1D9078,D & G Welding
1D9083,Dat Trailers
1D9084,Daughtry
1D9088,Duralite Truck Body & Container
1D9089,"Drive-On Trailer Co., Inc."
1D9092,Eurostyle
1D9097,Dutcher
1D9102,Damon
1D9104,Design Home
1D9108,Dave's Welding
1D9110,Diamond T Trailers Inc.
1D9111,Diamond-K-Mfg.
1D9114,"Durnell Industries, Co."
1D9116,Daniel B. Shirk Welding Shop
1D9120,"Dave Hanson Trailers, Inc"
1D9121,Diamond D Trailer Mfg
1D9124,D&D Machine and Welding
1D9131,Discount Trailer Mfg.
1D9134,"Dutchmen Mfg., Inc."
1D9135,"DOSKO INDUSTRIES, INCORPORATED"
1D9141,"DURALITE, INC"
1D9142,Day's Steel & Trailer Barn
1D9145,Dempster Systems Western Div.
1D9147,DIAMOND Z TRAILER INC
1D9148,Dolans
1D9150,D & K Trailers
1D9151,Lectrus
1D9152,Davis' Countryside Trailer World
1D9154,Douglas Truck & Equipment
1D9155,"Dandy Digger & Supply, Inc."
1D9162,Demumbreum Welding Shop
1D9163,Deluxe Bumper Works
1D9164,Dailey Trailers Inc
1D9165,Dale's Welding Sales
1D9172,Dur-A-Lift Inc.
1D9178,D&D Trailers
1D9183,Dakota Corporation
1D9184,UEC Equipment Company
1D9188,D T Supply
1D9192,DIAMOND H SALES
1D9193,DICKSON
1D9197,DIAMOND B TRAILERWORKS
1D9200,DENTON TRAILER CO.
1D9203,D & M Trailers
1D9208,Doonan Specialized Trailer
1D9209,Data Mfg.
1D9212,"Daral, Inc."
1D9217,DARTRON INDUSTRIES INC.
1D9224,"JD Handling Systems, Inc"
1D9226,DURANGO TRAILER MFG.
1D9227,D&L TRAILERS
1D9231,Diamond Machining Inc.
1D9233,DDI
1D9234,DIRECT SALES
1D9235,Diamond
1D9243,DOUGLAS MARINE CORPORATION
1D9246,Double S Welding
1D9250,Double D Trailer Sales
1D9251,Daytec Center
1D9254,"DOSKO INDUSTRIES, INCORPORATED"
1D9255,DAN'S REPAIR & MFG.
1D9259,Dodger Trailer Manufacturing Inc
1D9260,Douglas Trailers
1D9261,DAVES AUTO SALES
1D9268,DESSCO
1D9269,Debra H Morgan Co
1D9276,DI BLASI OF AMERICA Inc.
1D9277,DEERSKIN
1D9286,Davis Trailer Sales
1D9302,Demountable Concepts
1D9309,Diamond Reo
1D9310,Diamond Boats Inc
1D9312,DESIGN CONCEPTS
1D9313,Davidson Enterprises Inc
1D9319,DAVE'S WELDING SERVICE
1D9330,D & S Trailer Sales
1D9331,Dreamline
1D9340,DORCHEAT MANUFACTURING COMPANY
1D9341,Desperado
1D9342,D & H Truck Equipment Inc
1D9348,Dynamic Air Systems
1D9350,"DARDON, INC"
1D9351,Slagel
1D9354,DANIEL J. ESSENPREIS MFG.
1D9355,Dawson
1D9356,Drake Trailers
1D9358,Dynamax Corporation
1D9359,DELUXE WELDING INC.
1D9363,Double D Distributors
1D9365,D.J. TRAILERS AND WELDING
1D9368,DEWALT UTILITY TRAILERS
1D9369,"DIEDRICH DRILL, INC."
1D9371,"Delavan Industries, Inc"
1D9373,DUTCH PARK INC
1D9378,DBAT TRAILER SALES & SERVICE
1D9379,DABCO FABRICATION
1D9382,"DiamondStar Trailer Industries, Inc."
1D9384,"DUCKWORTH BOAT WORKS, INC."
1D9385,Dixie Hitch
1D9386,Dover Trailer & Fab
1D9387,Diamondback Trailers
1D9388,Dempster Industries Inc
1D9389,DiamondBack Trailer
1D9390,D & D Speed
1D9393,Dumas Welding
1D9396,Dutch Park Homes
1D9407,Daigle Trailers
1D9412,Debris Systems Plus
1D9413,"DANDEA ENTERPRISES, INC."
1D9415,"Dick's Welding, Inc"
1D9424,Double R Trailers
1D9425,D & D SALES
1D9426,D & D SALES
1D9427,D&R METAL FAB. INC.
1D9430,Diamond D Trailer Mfg
1D9432,"Dal-Fab & Machine, Inc"
1D9434,Diversified Service
1D9435,D & J Fabricating LLC
1D9436,Danco Trailer Sales
1D9437,DRS Cycle Corp
1D9438,"DayStar Motorcycles of America, Inc."
1D9439,Daniel's Certified Welding Inc.
1D9440,"Dan Gurney Alligator Motorcycles, Inc."
1D9441,Duraco Inc
1D9442,DMC Inc.
1D9443,Domatex
1D9444,Dealers Choice LLC
1D9446,Duvall Equipment LLC
1D9448,Down to Earth
1D9450,Dino's Manufacturing
1D9451,Double R Trailer MFG
1D9454,"Double D Trailers, Inc."
1D9457,DMC Five Star Trailers
1D9461,DanRon Enterprises
1D9462,D & S Trailers and Manufacturing Inc.
1D9463,Double LJ Manufacturing
1D9464,Diversified
1D9465,"Dan Hudon Sales, Inc."
1D9466,"Daytona Beach Bike Works, Inc."
1D9467,Darnell's Welding and Fabrication
1D9470,Donaldson Fabrications
1D9472,Drake Truck & Trailer Equipment
1D9474,Denair Manufacturing LLC
1D9475,Dynamic Manufacturing Corporation
1D9476,Demon Motorcycle Company
1D9479,DTM Trailers
1D9480,DPJ
1D9481,"DB Industries,Inc"
1D9482,"Dixon Trailers & Fabrication, LLC"
1D9485,DBR Systems LLC
1D9486,Canajoharie Customs
1D9487,Davis Trailer World LLC
1D9488,Dazon ( Arizona) Inc DBA DZ Motorcyle Rentals
1D9489,Delaware American Motors LLC
1D9490,"Dakota Litehouse, LLC"
1D9493,Dakota Motorcycles U.S.A. Inc
1D9495,Dynatest
1D9498,Delta Waseca Mini
1D9499,Diamond Trailer Manufacturers
1D9500,D & D Industries
1D9501,"Diamond Trailers dba Profection Metalworks, Inc."
1D9503,Delta Scientific Corporation
1D9513,Double K Custom Trailers
1D9514,Diamond Heavy Vehicle Solutions
1D9515,Dave Morgan Trailers
1D9518,Dave Finn Motorcycles
1D9520,Dynamic Chopper Inc
1D9523,DRC Trailer and Sport
1D9526,"Death Row Motorcycles, LLC"
1D9528,D&D METAL WORKS AND POWDER COATING 
1D9530,DARKSIDE CHOPPERS
1D9534,"DYER'S DOCKING SYSTEMS, INC."
1D9537,"Distinct Builders, Inc."
1D9538,DETROIT TOOL INC.
1D9539,DiamondBack
1D9540,Dauntless Motors
1D9541,D's Fiberglass
1D9543,Dakan Mountain Teardrop Trailers
1D9545,D-Lux Trailer Sales Inc
1D9548,Detroit Bros.
1D9549,Delaware Valley Cycle
1D9552,Dominion Motorcycle
1D9558,Draggin Custom Cycles
1D9559,DD Custom Cycle LLC
1D9560,D&D Trailers
1D9561,Dentoni's Welding Works
1D9564,Dark Dayz Choppers
1D9567,Desert Toys RV
1D9568,Deviant Design
1D9571,DNA Specialty
1D9573,Dirt-A-Holic
1D9574,D & M Marketing Inc.
1D9575,D & N Trailers
1D9578,"Daredevil Choppers, Inc"
1D9579,Daigle Brothers
1D9582,Duffer's Manufacturing
1D9583,Demons Cycle
1D9585,Dixie Welding
1D9586,Design Worx
1D9587,Drewes Engineering
1D9588,Down Low Customs
1D9589,Durbin's Custom Weld & Design
1D9590,Deep South Choppers
1D9591,DV Manufacturing
1D9592,DYMAC International
1D9593,Dusold Custom Cycles
1D9594,Diamondback Choppers LLC
1D9595,Darkside Chariots
1D9596,Disaster Power & Equipment
1D9597,Darwin Motorcycle
1D9598,Desert Sun
1D9599,DLC Power Diesel Corp.
1D9600,Dakota Motorcycle Co.
1D9601,Dutch Master
1D9602,Desert Thunder Customs
1D9603,Devil Dawg Custom Cycles
1D9605,D.R.T
1D9607,"Diamond E Manufacturing, LLC."
1D9609,Doonan Specialized Trailer
1D9610,Deano Motorcycle Company
1D9611,Diablo Performance
1D9612,Drews Ironworks
1D9614,Don Johnson Sales
1D9615,Del Mar Trailers
1D9616,D&B Cycle Parts & Accessories
1D9619,Duralite Trailers
1D9625,Dragontail Trailers
1D9627,Driving Ambitions
1D9628,DYMAC Vehicle Group
1D9633,Demented Cycles
1D9636,Denbeste Manufacturing
1D9637,Delta Oilfield Tank Co.
1D9638,Doz N Go
1D9639,DuraLast Trailers
1D9640,DHS Systems
1D9643,DG Fabrication
1D9644,Dejana Truck and Utility Equipment
1D9645,Diamond Cut Carriers
1D9646,Dukane Precast
1D9648,Dallas Smith Corporation
1D9651,DM Machine
1D9652,D & M Trailers
1D9653,Donham's Mobile Service
1D9654,Dream Ridge Development Corporation
1D9655,Dream Ridge Development Corporation
1D9657,Dp Manufacturing LLC
1D9660,D & D Trailers & Equipment
1D9661,Dragon ESP
1D9662,Dream Coach Trailers
1D9663,Dan's Golf Car and Trailer Sales
1D9664,Drillers Mud Systems
1D9665,DesignLine USA
1D9667,Detroit Custom Chassis
1D9668,D.G.C. Trailer Sales
1D9669,Design Concepts Manufacturing
1D9670,DeTect
1D9672,Danko Emergency Equipment
1D9674,Ducworld
1D9675,D & D Repair and Fabrication
1D9677,Davis Metal Works
1D9678,Duesway
1D9679,DePuy's Custom Cycles
1D9680,DTP Muscle Custom Choppers
1D9684,Dymax Inc.
1D9686,Dragonwing Custom Builds
1D9687,Hometown MFG
1D9688,Douglas Holding LLC
1D9689,Danco Products
1D9692,DLW Payless Transmissions
1D9693,Dream Design and Fabrication
1D9702,Dennis Boggs Welding Works
1D9705,"DMI (D.M.I) PIPE FABRICATION, LLC"
1D9707,Dark Warrior
1D9711,Deus Ex Machina
1D9714,DC WELD INC. DBA DCW CUSTOMS TRAILERS
1D9715,Bruder Trailers
1D9716,Donnerite Incorporated
1D9717,Dons Truck Sales
1D9718,"Diamondback Trailers, LLC."
1D9720,Dub Box USA
1D9721,Man Cave RV
1D9724,Defiance
1D9727,DEADEYE WELDING AND FABRICATION
1D9728,Desco Mfg.
1D9731,D & S Trailer Builders
1D9731,Explorer Forward Fold
1D9731,Explorer Rear Fold
1D9731,Mod Box
1D9731,Jackson Forward Fold
1D9731,Robson XTT
1D9731,XH7.4 Hauler
1D9731,XT16 HR East West
1D9736,Dyal's Welding
1D9737,Columbia Basin Trailers
1D9738,Heritage
1D9739,Dast Tanks
1D9741,Dyna Products
1D9746,Davis Industries
1D9748,Dragon Trikes
1D9749,Oshkosh Trailer
1D9750,Diversified
1D9753,"Delavan Automotive, LLC"
1D9755,Dynamic Trailers
1D9756,DNM Teardrop Trailers
1D9757,DMP Awnings
1D9765,Dominight
1D9770,Davis Village Solutions
1D9772,DP Coningplant USA Corp.
1D9774,Diamond K Manufacturing
1D9775,Dakota Trailers
1D9776,"DBT Designs, LLC."
1D9778,"Delivery Concepts, Inc."
1D9780,Daniel Lohr
1D9783,"Dugan/Stone Trailer Co, LLC"
1D9784,DRIVEN FAB LLC
1D9788,Debnam
1D9789,Dakota Airboats
1D9791,Dennis
1D9791,Dennis Eagle
1D9792,WINDROCK
1D9794,"DIAMOND COMPONENTS, INC."
1D9796,"Dooley Tackaberry, Inc."
1D9797,Denney Brothers Fabrication LLC
1D9799,Dyna Hauler LLC
1D9800,Darrell's Welding Inc.
1D9802,DKOI INC
1D9803,D and A Custom
1D9810,DeNardis Motocross Factory
1D9811,DECATUR
1D9812,Dragster Supply
1D9813,DMP TRAILERS
1D9814,DuraBull Trailers
1D9815,Daniel Mfg Inc.
1D9816,Duwa
1D9817,"Derstine Trailer Works, LLC"
1D9818,"Disler Trailer, LLC"
1D9819,Dyreng Farms
1D9820,Phoenix
1D9823,"Dose Steelworks, Inc."
1D9824,"Driven Innovations, LLC"
1D9825,Duffield Marine Inc.
1D9827,Decatur Electronics
1D9832,DH Farm Equipment/DH Trailers
1D9832,Hay Toter
1D9833,Dynamic Carts Corporation
1D9836,Drifter Trailers
1D9837,DAC
1D9838,Danny's Custom Golf Carts
1D9839,DUNRAVEN 
1D9840,XTREME16LED
1D9841,Deep Creek Carts
1D9843,Driftwood Boats
1D9844,Digital Defense Surveillance LLC
1D9845,VOLT
1D9846,Douglas Trailers Inc
1D9847,DRE CUSTOM TRAILERS
1D9848,D SQUARED
1D9850,Grain hopper
1D9851,D Master
1D9854,Dart
1D9855,ROCKY MOUNTAIN CHALET
1D9856,"DAPCO, INC."
1D9859,DA 
1D9863,D&S EQUIPMENT
1D9864,DTGC
1D9865,DISCOUNT DUMPS
1D9867,Brylamon
1D9868,DAVCO
1D9870,DNJT
1D9871,Lipert Components
1D9871,Dvele
1D9871,DVELE OMEGA CORPORATION
1D9874,DUSK TIL DAWN 
1D9875,DSS
1D9877,DOUBLE H
1D9878,D&A WELDING AND FABRICATION
1D9879,DK
1D9880,DTM Powersports
1D9882,DTC
1D9884,DESIGN SOLUTION CONCESSION INC.
1D9886,BOULTON BUILT
1D9887,Bluff City
1D9888,Dragonfly Three Wheeler
1D9889,DAB Motors
1D9892,DOVE WELDING
1D9894,Lippert Components
1D9896,DG Marshall
1D9897,DYNAMIC DRIVES
1D9898,DOBYS KUSTOM KARTS
1D9899,DUN-RITE
1D9900,DY Concrete Pumps
1D9901,DAMON MOTORS
1D9902,DISCOVERY DESIGN
1D9903,Dragon Tiny Homes
1D9904,DRAPERBILT
1D9905,DISCOUNT TRAILERS USA LLC
1D9906,DUNN RITE FAB
1D9908,DR FOOD TRUCKS
1D9909,Dead On Fab
1D9910,DIME
1D9911,DAKOTA CABINS OF TEXAS
1D9912,DOUBLE D
1D9913,DROP 2 LOAD
1D9918,"DECATUR ELECTRONICS, LLC"
1D9919,Davis Industrial Trailers
1D9922,Desert Star
1D9924,Western Elite
1D9925,DEMI
1D9926,DARK HORSE EXPERIENTIAL
1D9927,Diamond Eco Solutions
1D9929,DTH
1D9932,Duke's
1D9935,DeeCo Trailers
1D9936,DAVIS MANUFACTURING LLC
1D9937,DAKOTA METAL SOLUTIONS
1D9938,D&D
1D9939,D&B Fabricators
1D9943,Dorado
1D9945,Dragonfly Trailers
1D9947,DSM TRAILERS LLC
1D9948,EQ Outdoors
1D9949,DopplerTech
1D9950,"Desert Custom Trailers, LLC"
1D9951,Dura Trailers LLC
1D9952,DREAM PROJECTS BUILDERS LLC
1D9953,DFP
1D9954,Denton
1D9ADA,Hide-A-Way RV's
1DA,Dakota Manufacturing Co. / TRAIL-EZE
1DD,Drydock
1DG,"Doolittle, FoxTrail"
1DP,Nortrail
1DR,King of the Road
1DS,Ditch Witch
1DV,Kiefer-Built
1DW,Stoughton Trailers
1DY,"Glassstream Trailers, Inc."
1E1,East Manufacturing CORP.
1E3,Eagle
1E9003,Elliott Machine Works Inc
1E9007,Etnyre
1E9012,"Excel Trailer Co., Inc."
1E9013,Ellis & Watts
1E9014,Ellis & Watts
1E9037,Easley
1E9038,Ellis Trailers
1E9039,ENERGY FABRICATION
1E9040,Eagle Trailers Inc
1E9043,XPLORER
1E9046,"Econoline Trailer, INC"
1E9048,Emerson Electric Co.
1E9052,EG & G Mount Sopris Instruments
1E9057,Eagle Car Carriers
1E9058,"Easy Time Trailers, Inc."
1E9064,Express Welding
1E9069,Elite
1E9071,East/West
1E9073,Eddy's Welding
1E9095,Elmat Inc.
1E9097,"Eclipse Trailers, Inc."
1E9101,Execucoach Inc
1E9104,Electric Car Company
1E9105,Elgin Sweeper Co
1E9111,Etnyre
1E9113,Equi-Lite Horse Trailers
1E9119,ED-KA MFG. INC.
1E9123,ERSKINE & SONS
1E9124,Elkin Hi-Tech
1E9127,ENGLE FABRICATION
1E9130,E & L Trailers
1E9133,"Eagle Trailer Sales, INC."
1E9136,OGAWA ENTERPRISE
1E9140,"EL-SAN, INC"
1E9141,East Kentucky Trailers Mfg Co
1E9143,EL PASO TRAILERS
1E9149,"ETHER ENTERPRISES, INC."
1E9151,"ELITE TRAILERS, INC"
1E9152,EARTHWORM INC
1E9155,ECSTASY TRIKES INC
1E9156,EAM
1E9157,ECSTASY
1E9161,EASTERN WHOLESALE DISTRIBUTORS
1E9164,"EZ-HAUL, INC"
1E9166,"Eagle General Contractors, Inc"
1E9168,Enpro Engineered Products LLC
1E9169,"E-Z Pull, Inc."
1E9170,E-Z-TOW FABRICATIONS
1E9174,EDGE MANUFACTURING INC.
1E9179,East Prairie Fabrication
1E9181,Eagle Iron Metal Works
1E9185,"EverLite, Inc"
1E9188,EM & RS
1E9190,ETI ELECTRIC TRANSIT INC
1E9191,E.C. Woods
1E9195,ENTECH INDUSTRIES
1E9196,EARTH TOOL CO LLC
1E9197,ENVIRON PRODUCTS INC
1E9200,Ed's Machine & Repair
1E9207,"Eastern Shore Trailer, Inc"
1E9209,EMI Technologies
1E9214,EDDIE INC
1E9217,"EASTERN, INC."
1E9222,Escobar Truck Equipment
1E9224,ECONOBOY CORPORATION
1E9227,EASTERN METAL WORKS
1E9229,Environmental Service Products
1E9230,Elite Trailers
1E9231,ENERGY SYSTEMS
1E9232,"ELLIS INDUSTRIES, INCORPORTED"
1E9233,"EAST COAST RACE CARS, INC."
1E9235,Exolon Systems Inc.
1E9237,"EQUIPMENT INNOVATORS, INC."
1E9241,EDGE MANUFACTURING INC.
1E9242,Equiquest Horse Trailers
1E9252,Emerson Trailers
1E9253,ERSKINE & SONS
1E9254,Berggie
1E9256,"Beyond Extreme, LLC dba Extreme Cycle Works"
1E9258,Elite Trailers
1E9260,Eastern Trailer Sales
1E9265,E.T. Services
1E9267,"Eaton Drilling CO., INC. dba Eaton Fabrication CO."
1E9268,Excaliber Fabrications Inc
1E9270,EAGLE INDUSTRIES
1E9271,eGO Vehicles
1E9272,E & W Manufacturing
1E9274,E & L Trailers
1E9275,ECM
1E9276,Environmental Service Products
1E9278,E-Z Pull Trailer Mfg. & Sales
1E9279,Exotix Cycle & Motor Werx
1E9280,Excel Truck Equipment Specialties
1E9283,Evaco Acquisition
1E9284,Excel Trailers Inc
1E9285,Experimental Fabrication Inc
1E9286,Excel
1E9291,East Tennessee Trailers LLC
1E9293,"Euro-Liner, LLC"
1E9297,EHW
1E9298,T-Trike
1E9299,Express Roaster
1E9300,Boston Motorcycle Company
1E9301,Emtec Composites Inc.
1E9302,Ellis Manufacturing Inc
1E9304,Evil Twin Limited
1E9305,East River Machine Corporation
1E9307,Encore Trailers
1E9309,"Ecosse Moto Works, Inc."
1E9312,Exile Cycles
1E9313,Eddy Motors
1E9314,Excavation Technology Corporation
1E9315,Eastmond Trailer Company
1E9316,"Eaglerock Trailers, Inc."
1E9317,"Equip Manufacturing, Inc."
1E9319,East Coast Manufacturing & Design
1E9320,EZ Draw Trailers
1E9324,Eagle Trailers LLC
1E9325,"El Dorado Foundry Machine & Supply Company, Inc."
1E9327,EXCALIBUR TRAILER COMPANY
1E9330,Extreme Classic Trailers
1E9333,Engine Connection
1E9334,Edge Recreation Vehicles
1E9335,Extreme Welding
1E9336,EIP Manufacturing
1E9337,ECC
1E9338,E-W Trailers
1E9347,"Elite Specialty Trailers, LLC"
1E9348,"Ernest Industries, Inc."
1E9349,"EXTREME CHOPPERS, INC"
1E9350,Eagle Trailers Mfg
1E9351,Erwin Precision
1E9353,Haulmax Trailer Company
1E9354,ELAN MANUFACTURING
1E9359,E.T. & T. Enterprises
1E9360,ERICKSON TANK & PUMP
1E9361,Eight Mile Choppers
1E9362,ENERGY ABSORPTION SYSTEMS
1E9362,Trinity Highway Products
1E9362,VALTIR
1E9363,E-SUV
1E9366,EWD Cycles
1E9368,Eco-Fueler Corporation
1E9369,"Eagle Craft, INC."
1E9370,Easton Custom Frames L.L.C
1E9371,ELASTEC
1E9372,"Evco Service Co., Inc."
1E9373,E-Bilt LLC.
1E9375,EPIC CUSTOM CYCLES
1E9376,TailGator Trailers
1E9377,Evergreen Trailer
1E9379,Eiks Bikes
1E9380,Eagle Erectors
1E9381,East Side Custom Choppers
1E9385,"EDDIE ENGLISH COMPANY, INC."
1E9388,Evil Empire Choppers
1E9389,ENRY CYCLE CREATIONS LLC
1E9390,"E.F. Couvrette Company, INC"
1E9392,ETI Global Solutions Inc
1E9393,Eagle Head Lifts
1E9394,Electric Vehicle Transportation of America
1E9396,Edmondson Custom Built
1E9397,EFL Manufacturing
1E9400,Eclipse Aluminum Trailers
1E9401,EVCOR
1E9402,E3 Trailers
1E9403,ENGINEERED MANUFACTURING
1E9407,EQUIPMENT SERVICES
1E9408,Efficient Hauling Systems
1E9409,EQUIPT
1E9410,Extreme Fabrication
1E9412,East Coast Trailers
1E9413,Eurospeed
1E9415,EMERALD WELDING
1E9416,ELECTRICAL ENGINEERING AND EQUIPMENT
1E9417,The Electric Vehicle Company
1E9419,"ECHELBERRY MANUFACTURING, LLC"
1E9421,Express Shuttle Service
1E9424,Executive Choppers
1E9425,Elevated Security
1E9426,PI MOBILITY
1E9428,EZ Trailers
1E9429,Eastcoast Bikeworks
1E9430,Elkin Hi-Tech
1E9434,EZ Deploy Systems
1E9440,Eagle Welding & Machine
1E9441,EFL Manufacturing
1E9442,Eyeball Eng.
1E9443,Easyrider Motorcycle Company Trailers
1E9444,Easyrider Motorcycle Company
1E9445,East Texas Trailers
1E9449,Essex Performance Boats
1E9451,EMF
1E9454,Electrovaya
1E9456,Electric Motorsport
1E9457,Elk Valley
1E9458,Current Motor Company
1E9459,Evergreen Off Road Campers
1E9460,Extreme Trailers (TN)
1E9462,Eye4Design Conversions
1E9463,EP Design
1E9465,EV Innovations
1E9466,Electric Mobile Cars
1E9472,EV America
1E9473,Excalibur Choppers
1E9474,ERIE ALUMINUM
1E9477,Ebert Precision Products LLC
1E9478,EQUIPMENT SERVICES
1E9479,E.G.M. Trailers
1E9486,Electric Vehicles International
1E9487,"Echo Manufacturing, LLC"
1E9490,ERIE SHORE MARKETING
1E9494,EZ Pull Trailers
1E9495,Ellington Industry Supply
1E9497,Elite Custom Trailers
1E9498,Eastern Rod and Chopper
1E9500,E.P. Industries INC
1E9503,Execuhitch
1E9504,Elite Equipment
1E9505,E-PAK MANUFACTURING
1E9506,EZ Hunt & Haul
1E9507,Electro-Technologies
1E9509,Electric Vehicles International
1E9511,End 2 End Welding
1E9512,EMK
1E9513,Evolution Trailer Technologies Inc.
1E9519,Exosent Engineering
1E9520,E.K. Machine Co. INC.
1E9521,Eagle Ford Tanks & Trailers LLC
1E9523,EL-MAR
1E9524,Elk River Machine
1E9530,El Tiron Custom Trailers
1E9531,ENERGY PRODUCTS
1E9532,Enduraplas
1E9532,Enduratrailer
1E9533,Edge Marine INC. dba Edge Marine
1E9537,EM Transfer
1E9540,Ecotrek Camper
1E9541,EVAC
1E9546,Elite Tool
1E9550,EO TRAILER
1E9551,ECOJOHN
1E9553,Empire Tanker
1E9560,E-TUK
1E9562,EPV Corporation
1E9562,DesignLine
1E9562,Metrolina
1E9563,EH Concepts
1E9566,EISEN
1E9568,ET Manufacturing Corp
1E9569,EZ Life Campers
1E9570,Equipment Source
1E9572,Elite Motor Sales
1E9574,Envoltz
1E9577,eMa Motorworks
1E9578,Eretz Trailers Manufacturer
1E9579,eMa
1E9580,eMa Motorworks LLC
1E9581,eMa
1E9582,"Elite Custom Trailer,LLC"
1E9583,Eagle Trailers
1E9587,Elite Industries
1E9588,EXTREME TRAILERS LLC
1E9589,"Edgewood Welding & Fabrication, Inc."
1E9591,"Envtech Tank Services, LLC"
1E9593,GreenGo Buggies
1E9594,CRUX EXPEDITION TRAILERS
1E9597,Elusive
1E9599,EZ
1E9600,ELSEY MFG.
1E9602,TerraPod
1E9603,Ernest Spencer Trailer
1E9605,"Easyway Tailers, Inc"
1E9607,Escapod Trailers LLC
1E9608,Epic
1E9610,E.A. Collins and Sons
1E9612,Elite Cottages
1E9613,eCart
1E9614,Extreme Chute Trailers
1E9616,"Efficient Drivetrains, Inc."
1E9617,Envirotech Drive Systems Incorporated
1E9617,ENVIROTECH DRIVE SYSTEMS INCORPORATED (EVT)
1E9619,Econo-Trailer
1E9620,E & R Trailers
1E9622,"Easy UP, Easy GO Trailers"
1E9624,eDrift
1E9625,Elevate Trailers
1E9627,Evans Metal Fab
1E9629,ERC TRADING
1E9631,Escapade Camper
1E9633,East Coast Oven and Pizza Co.
1E9634,EcomAutomotive
1E9634,Tuff Stuff
1E9635,Epic
1E9636,Epic Fabrication & Design LLC
1E9638,Easy Go LSV
1E9648,Eco Sense
1E9650,Envirotech Drive Systems Incorporated
1E9653,Earth Traveler
1E9654,ECHO DESIGN CONSTRUCTION AND LOGISTICS / ECHO
1E9658,Euro
1E9659,ECPC Epic
1E9659,Apex
1E9659,Reinco
1E9659,Easy Lawn
1E9661,Excel
1E9662,EXTREME WIRELINE TRUCKS AND EQUIPMENT LLC.
1E9662,BRB
1E9663,Exoalloy LLC
1E9665,EXTREME TRAILERS OF TEXAS
1E9666,EAST COAST 
1E9667,EUROSTAGE 
1E9668,AMIDA
1E9669,EATON COMPRESSOR AND FABRICATION
1E9671,ENCORE HPG
1E9672,Revel Off Grid
1E9673,Rog/Venu
1E9675,ELITE AIRBOAT COMPANY
1E9677,"EDOMO, INC."
1E9680,ENGLOBAL
1E9681,ECO
1E9682,ETS MFG
1E9683,ELEVATION PARK
1E9685,Elite Motor Sales
1E9686,EV TITAN
1E9687,Energy Link Trailer
1E9688,EDGE
1E9690,Ecocar
1E9692,SASQUATCH III
1E9693,ELECTRIC ELK
1E9694,ENVIROTECH DRIVE SYSTEMS INCORPORATED (EVT)
1E9696,Elite Retreat Homes
1E9698,ELKINGTON
1E9699,EPIC POWER SOULTIONS
1E9701,EV PORTABLE
1E9702,Echthaft Trailers
1E9704,Express Concession Trailers
1E9706,Ecostream
1E9708,"EKONO CATERING EQUIPMENT, INC."
1E9709,E-Chopper
1E9711,ELKHART TRAILER
1E9712,Energy Tree
1E9717,Evos
1E9718,Evolution (EVOLUTION WELDING & FABRICATION LLC)
1E9719,"Emagineered Solutions, Inc."
1E9722,EAST COAST TREE SERVICE
1E9724,ERNEST INDUSTRIES LLC
1E9725,MARRA FORNI
1E9726,Easton
1E9728,EAST RIVER MANUFACTURING
1E9729,EBYS PORTABLE WELDING & FABRICATION
1E9730,ELITE WELDING & FABRICATION
1E9731,RIF PERFORMANCE
1E9732,EAST TEXAS BUILDING SYSTEMS
1E9733,Envirotech Drive Systems Incorporated
1E9734,Evans Machinery
1E9735,E&M Trailers
1E9736,ECS
1E9744,Axios
1E9746,Essential Homes
1E9747,EPIC SOLUTIONS INC.
1E9AAA,Empire Manufacturing Company
1EA,Fleetwood Enterprises (Terry)
1EB,Fleetwood Folding Trailers
1EC,Fleetwood Enterprises (Prowler)
1ED,Fleetwood Enterprises (Wildnerness)
1EE,Fleetwood Enterprises (Avion)
1EF,Fleetwood Enterprises (Mallard)
1EG,Fleetwood Enterprises (Savanna)
1EH,Fleetwood Enterprises (Park Models)
1EJ,Fleetwood Enterprises (Caribou)
1EK,Fleetwood Enterprises (Elkhorn)
1EL,"Fleetwood Enterprises, Inc. (Angler)"
1EM,"Fleetwood Enterprises, Inc. (Westport)"
1EU,Eagle Coach Corporation
1EZ,Worthy
1F1,Ford
1F6,Ford
1F7,Ford
1F9000,Heat Innovation
1F9007,Flame King Inc
1F9017,Fontaine Truck Equipment Company
1F9025,FLEMING TRAILERS INCORPORATED
1F9027,"Fibre-Tech, Inc."
1F9029,Frisbie Construction Co Inc
1F9032,Fazekas Industries
1F9033,Fruetel
1F9034,Fabricated Designs Company
1F9037,Federal Motors Inc
1F9039,"SIE, INC"
1F9047,Fiba Compressed Gas Equipment
1F9048,Sauber MFG. Co.
1F9054,Foretravel
1F9063,"Forsythe & Dowis Rides, Inc."
1F9069,"FUQUA HOMES, INC"
1F9072,Felling Trailers
1F9076,Fannin Fabrication
1F9078,Farrington Chariots
1F9081,FORCE MANUFACTURING
1F9084,FRP Trailers
1F9089,Freedom Trailers
1F9090,FREDERIKSEN ENTERPRISES INC
1F9091,"FOGLEMAN MANUFACTLURING, INC."
1F9092,Flournoy Trailer Sales
1F9095,Fobes Welding & Iron Works
1F9103,"OLYMPIC FIBERGLASS INDUSTRIES, INC"
1F9106,FARMERS & CONTRACTORS SUPPLY CO.
1F9107,FOX BETTER BUILT TRAILERS
1F9109,O.K. Corral
1F9112,FISHER WELDING COMPANY
1F9113,Foral Company
1F9114,EAGLE BRIDGE
1F9117,FRAMTRAC MANUFACTURING CO. LTD
1F9118,Falcon Engineering & Mfg Co.
1F9124,FABRICATION & DESIGN INC
1F9125,FIBERGLASS PROTOTYPES DEVELOPMENT MANUFACTURING COMPANY
1F9128,"FOWLER TRAILERS, INC"
1F9129,"MARION FABTECH, INC"
1F9130,FIVE STAR TRAILER AND EQUIPMENT
1F9133,"FANTASY COACH COMPANY, INC"
1F9135,Finn
1F9140,Ferrara
1F9140,KME
1F9143,Fun Slides Inc
1F9144,Frontier Trailer Sales
1F9146,Ferrotek Corporation
1F9152,Fry's Welding Inc.
1F9157,"FIRETAC SYSTEMS, INC."
1F9164,SMI & HYDRAULICS
1F9166,FREEPORT MILLS SIGNWORKS INC
1F9169,FLYER
1F9170,FUTURE HOME TECHNOLOGY
1F9171,"FASTLINE TRAILER MFG., CO."
1F9174,"PRECISION EQUIPMENT COMPANY, INC."
1F9175,Frontier Manufacturing Co
1F9187,"FLEET AIR WORLDWIDE, INC"
1F9190,FYRBERG WELDING
1F9192,FLAC INDUSTRIES INC.
1F9199,Featherlite Vogue
1F9200,Fab Tec
1F9203,Fiber Trailer
1F9204,Frontier Industrial
1F9211,Foxworth Enterprises
1F9212,"FUN TECH INDUSTRIES, INC."
1F9214,First Line Manufacturing
1F9217,Forks RV
1F9223,"Fiberlite Travel Trailers, Inc"
1F9224,"FunTec, Inc."
1F9226,Freeman's
1F9229,Fiberlite Trailers
1F9230,Frank Siviglia & Co. Inc
1F9233,"Fox Valley Metal Tech, Inc"
1F9235,"Flame Trailers, Inc"
1F9236,EH Wachs
1F9238,Factory Direct Trailer Sales & Manufacturing
1F9242,"Fiber Pulling Equipment, Inc."
1F9245,Nash Car Trailers
1F9246,Fox Fabrication Inc.
1F9247,Fletcher's Equipment
1F9252,Four Horseman Motorcycle Co LLC
1F9253,Fields Trailer Sales
1F9254,Farmer Fabrications
1F9255,Firedancer Manufacturing Inc
1F9256,"Fitzgerald Kit Trucks & Sales, LLC"
1F9257,Frala's Trailers
1F9259,Fab-rite Trailer Mfg.
1F9260,FINISHLINE CUSTOM TRAILERS
1F9262,Fat Attack Custom Bikes
1F9263,FLINT MANUFACTURING
1F9264,Fat Socks Motorsports
1F9269,FATT HOGG FRAMES
1F9273,FIRST CLASS TRAILERS
1F9285,Freedom Fabrication
1F9286,Flyrite Choppers
1F9287,FX Motorcycle Design & Performance
1F9290,"Fast Master Products, Inc."
1F9291,Fullmoon Customs
1F9293,Flynn's Welding & Machine Shop
1F9297,Fairline Inc
1F9300,"FENRIS CYCLE, INC."
1F9301,Firebird Custom Choppers
1F9302,"Fat Boy Trailers, LLC."
1F9303,"FM Mfg., Inc."
1F9305,Fast Truck Body & Equipment
1F9306,Formula 1 Street Com
1F9307,First Call Flagging
1F9308,Fox Hollow Mfg.
1F9309,Frontier RV
1F9312,Freedom Motorcycle Company
1F9314,Fearless Choppers
1F9315,"Freeborn Customs, Inc."
1F9317,FBI Motor Co.
1F9319,Flow-Boy by Hi-Way
1F9321,"Freeman Choppers, LLC"
1F9324,Florida Custom Choppers LLC
1F9325,Foretravel
1F9326,F-3 Trailers & Fab.
1F9327,Factory Direct Equipment Inc.
1F9329,Ferro Trailers
1F9330,Felony Street Gear
1F9332,Franko's Custom Cycles Inc.
1F9334,Falcon Trailers
1F9335,Fanntana Trailers
1F9336,Factory Motorhomes Inc.
1F9339,"Falcon Road Maintenance Equipment, Inc."
1F9341,Fastrack Engineering
1F9342,Freedom Trailers LLC
1F9344,Fischer Tharp
1F9345,Flow Tech Fabricators
1F9346,Free Drive EV
1F9348,Formcaster Inc.
1F9349,Fabtech
1F9350,Freeborn's Chop Shop
1F9351,Fat Daddy Racing
1F9353,Flatt Enterprises
1F9355,Forrest City Manufacturing
1F9356,Four - W Trailers
1F9358,Fibertech Services
1F9361,Foundry Moto
1F9364,Farwest Golf
1F9368,Fords Trailer Sales
1F9369,Flicker Group
1F9370,Fabform Industries
1F9371,"FabWeld, Inc."
1F9372,Foremost Truck & Trailer Specialists
1F9373,FreeMyer Industries
1F9375,Fastload Enterprise
1F9376,Fabricators Plus
1F9377,"YODER SMOKERS, INC."
1F9380,FMB Choppers
1F9381,First Fueling Systems
1F9382,Fat Guinea Customs
1F9384,Fatmancycleworks
1F9385,Fast Eddie's Customs and Classics
1F9386,"Faith Forgotten, LLC"
1F9387,FEMCO
1F9388,FastlaneLSV
1F9389,Fineline Trailers
1F9393,Fleet Equine
1F9394,Formula Trailers
1F9395,Fireblast 451
1F9396,"Factory Transports, Inc."
1F9397,Custom Crank Down Fish Houses
1F9400,Fiber-Tron Trailer
1F9402,FireVent
1F9403,Foss Developing
1F9406,Falcon
1F9407,Ultra
1F9408,Fortitude Manufacturing
1F9410,Freespirit Recreation
1F9412,Flaming Hacksaw Fabrication LLC
1F9413,Midwest Industrial Tanks
1F9414,Fehr Industrial Manufacturing
1F9415,Fleet Equipment
1F9417,Forest Trailers
1F9418,Flex Temp Systems
1F9420,Ferguson Truck Body & Equipment
1F9421,Freedom Fabrication
1F9424,Five Diamond Trailers
1F9432,Stars
1F9434,Fulmer Fabrications
1F9436,Food-Trailers
1F9437,Fleet Masters
1F9438,Fido Motors
1F9440,Fidelity Manufacturing
1F9441,Flaunt Electric Vehicles
1F9445,FTG Equipment Solutions
1F9446,Funbuddy
1F9447,FMD Fabrication Services
1F9448,Fire Plus
1F9449,Francis Trailer Manufacturing Inc.
1F9451,FNA GROUP INC
1F9452,"Fukushu, Inc."
1F9454,Fabco
1F9455,Forever Concession Trailers LLC
1F9456,Full Throttle Fabrication
1F9457,Flex Trailers LLC
1F9462,Ferguson Built Trailers
1F9463,"FABTECH, LLC"
1F9464,Fair West
1F9465,Foreshee Flatbed Ladders and Manufacturing LLC
1F9467,USA FLIR DETECTION INC.
1F9468,FlexTop Trailers LLC
1F9471,CDH Industries
1F9474,Greenwater Trailers
1F9475,FWM Inc.
1F9477,"Fabrication and Maintenance Service, LLC"
1F9479,Perch & Nest
1F9480,Fairview Automated Burnouts
1F9482,FATMAN
1F9483,FORT
1F9489,Four Mile Fabrication LLC
1F9490,Fast Toys
1F9491,Bunkhouses
1F9492,Faulkner LLC
1F9493,Fox Teardrop
1F9494,"Fryfogle Manufacturing, Inc."
1F9497,"Food Trailers, Inc."
1F9500,Flextech Manufacturing
1F9501,"Fast Flow Pumps, LLC"
1F9503,Farm Boss Trailer
1F9504,"Firefly, LLC"
1F9507,"Foothills Custom Cabin, LLC"
1F9509,FAST CARGO LLC
1F9510,"Fabbro Industries, LLC"
1F9511,"Freedom Trailers, Inc."
1F9512,Fantom Teardrops
1F9513,Fowler Welding and Repair
1F9514,Fehr
1F9515,Floatride Trailers
1F9517,WTT
1F9519,USA Trailer Co.
1F9520,Falcon Motors
1F9522,Fat Boy
1F9526,FLUX HORIZON 
1F9527,FABRINEERING 
1F9528,FRUITLAND PARK TRAILERS
1F9529,Fractal
1F9531,Food Trucks USA
1F9532,FS DESIGNS USA 
1F9533,"Home Grown Choppers DBA Framed Up, LLC"
1F9534,FYNN
1F9536,EWHEELZ
1F9537,Fonzis
1F9540,RetroRide
1F9542,Twin Hauler
1F9543,FABMETALS
1F9544,FOX VALLEY 
1F9545,FAMILY GARDEN
1F9546,EggCamper
1F9546,FreeRanger
1F9547,FLY BY TRAILERS
1F9548,FUELTEC
1F9549,FITZGIBBONS
1F9550,FLINSTONE
1F9552,Ullman Motorcycle Co.
1F9553,"Focal Technologies, Inc."
1F9554,FOODCART USA
1F9555,FIVE STAR
1F9556,Fisher Tiny Trailer
1F9558,Forecast
1F9559,Faudoa Taco Carts & Trailers LLC
1F9560,Smyrna Truck & Cargo
1F9561,FLOWERS CUSTOM TRAILERS & REPAIR LLC
1F9562,Florida Built
1F9564,VCalm
1F9566,Fleet Tech
1F9568,Freedom Builders
1F9569,FORTE BIMETAL
1F9570,WaterMade
1F9571,AVI
1F9572,Flivver
1F9573,Fourmen MFG
1F9574,Far-Out Trailer
1F9575,FINISH STRONG TRAILERS
1F9576,Food Carts Unlimited
1F9579,FIVE HUNDRED
1F9580,"FD INTERNATIONAL, INC."
1F9581,FOOD TRAILER PROS
1F9582,FAT
1F9583,e-TRO
1F9584,Falcon Trailers LLC
1F9585,FINERSON BROTHERS LLC
1F9586,Fish TX
1F9587,Frontier Unlimited
1F9589,FADING WEST
1F9590,"FIVE STAR FABRICATIONS, INC"
1F9592,FLEX SECURITY LLC.
1F9593,FTD
1F9596,Fault Line
1F9599,FCB
1F9600,SPOG Trailers
1F9602,"FAMILY FORGE UTILITY TRAILERS ,LLC"
1F9603,Fehring
1F9607,Firebolt Equipment
1F9608,Fast DMS
1F9610,FL Custom
1F9611,FAB Country Outfitters LLC
1F9640,Big A Mfg. Co.
1F9655,"ADVANCED BOAT TRAILERS, INC."
1F9682,DIW engineering & Fabrication
1F9715,Aztec Trailer
1F9797,Moose Boats
1F9822,TOMKEN MACHINE INC.
1F9948,Smack Trailers
1F9FCL,Flat Creek Lodges
1F9FT1,FWD
1F9FT2,FWD
1F9ST1,SEAGRAVE 
1F9ST2,SEAGRAVE 
1FA,Ford
1FB,Ford
1FC,Ford
1FD,Ford
1FL,Th!nk
1FM,Ford
1FT,Ford
1FU,Freightliner
1FV,Freightliner
1FW,Metal Craft Trailers
1FY,Freedom Outdoor Products
1G0,Opel
1G1,Chevrolet
1G2,Pontiac
1G3,Oldsmobile
1G4,Buick
1G5,GMC
1G5,Pontiac
1G6,Cadillac
1G7,Pontiac
1G8,Saturn
1G9000,GREEN ELEC-MOTOR
1G9004,GOOD PACE INC
1G9008,General Trailer
1G9009,GDM Incorporated
1G9012,Johnie Gregory Truck Bodies
1G9014,Gore
1G9015,Galyean Equipment Co.
1G9020,Glenn
1G9033,Galbreath
1G9036,G & R Enterprises
1G9038,"J T Trailers, Inc."
1G9039,GETTIG TECHNOLOGIES LTD
1G9046,G & D Enterprises
1G9057,Grigsby
1G9059,GARLOCK TRAILERS
1G9061,"Garneau's Garage, Inc"
1G9064,Gaitway Trailer Co
1G9070,"Custom Trailers, Inc."
1G9072,"Glas Fab, Inc."
1G9073,Global Fabricators
1G9074,GRIFFIN TRAILER
1G9077,Galvanized International
1G9080,Grimes-Parker IND Inc.
1G9086,Gold Star
1G9088,Grumman
1G9091,"GCL, Inc."
1G9103,Graham Company
1G9104,G.P.T.
1G9107,GDM Incorporated
1G9108,G & B Manufacturing
1G9111,Interstate Products Inc.
1G9115,"Guzzler Manufacturing, Inc."
1G9119,GARLOCK TRAILERS
1G9123,GENERAL TRUCK BODY
1G9126,GREEN'S WELDING AND TRAILER SALES
1G9130,GEORGE R. LAWSON
1G9131,Gardner-Pacific Corporation
1G9134,Cart Masters Inc.
1G9136,General Welding and Fabricating Inc
1G9136,MSA Trailers
1G9139,Great Lakes Trailers
1G9141,Nause
1G9148,Golf Car Center
1G9154,GOLDEN WEST HOMES
1G9160,Gulf Coast Trailer Mfg.
1G9164,"GOODSON BUILDING SYSTEMS, INC"
1G9165,"G. C, MANUFACTURING, INC"
1G9172,Gichner Refrigerated Systems
1G9174,Geisert Enterprises Ltd
1G9175,"Goodman Motorcycles, Ltd."
1G9176,Global Fabricators
1G9178,Gillespie Welding and Fabrication
1G9181,Green Bros. Manufacturing
1G9182,G&S Enterprise
1G9188,"GMR Trailers, Inc"
1G9190,General Fertilizer Equipment
1G9201,Ground Heaters
1G9222,GLIDEWELL TRAILER SALES
1G9223,General Shelters
1G9227,"GALPIN MANUFACTURING, INC"
1G9230,Gerald L. McCoy
1G9231,"GULLWING INTERNATIONAL MOTORS, LTD."
1G9232,Grooms Welding & Machine Inc
1G9233,"GULL WING INDUSTRIES, INC."
1G9238,"GIDDINGS MACHINE COMPANY, INC."
1G9239,General Duty Trailers
1G9242,"GENIE MANUFACTURING, INC."
1G9245,Great Basin Industries Inc
1G9253,Gorham Fabrication Inc.
1G9255,Generac Power Systems Inc
1G9262,G & C Inc.
1G9265,Grizzly Cycle Works
1G9266,GRA-TER INDUSTRIES INC
1G9267,Golf Cars of Arizona
1G9269,Street Car
1G9270,GT Mfg
1G9271,"General Shelters of Kenedy, TX Ltd"
1G9272,Grizzly Mountain Manufacturing Inc
1G9274,Gamble's Welding & Fabrication
1G9276,Grand Canyon Golf Cars Inc
1G9279,GCA - Largo Industries Inc
1G9281,GIVCO CUSTOM TRAILERS
1G9282,Grandeur Cycles Inc
1G9283,Gorilla Vehicles
1G9285,"Grimaldi's Heating & Sheet Metal, Inc."
1G9288,GEMINI AUTO & TRAILER INC
1G9289,EVO-NTS Trailers
1G9292,GME
1G9295,G.W. Fabrication L.L.C.
1G9296,GREEN VALLEY MANUFACTURING
1G9297,General Purpose Vehicles
1G9298,"Gladiator Custom Trailers, Inc."
1G9299,"G-Fab, Inc."
1G9300,GoodBrand Enterprises LLC
1G9302,Global Power Components
1G9309,Good Thunder Motorcycles
1G9311,Great Lakes Choppers
1G9313,Gerling and Associates
1G9314,HiPoint
1G9315,"Garrett Container Systems, Inc."
1G9322,Ghormley Mechanical Industries Inc.
1G9323,Grumpys Custom Motorcycles
1G9324,Grasshopper Enterprises
1G9334,GS MANUFACTURING
1G9336,Globe Trailer Manufacturing
1G9339,"GOOD TIME OUTDOORS, INC."
1G9340,GRYPHON BIKES & CHOPPERS
1G9341,"GRAVES CUSTOM CYCLES, LLC"
1G9343,GROUND FORCE MANUFACTURING LLC
1G9345,Galion Manufacturing
1G9346,NorthStar Fabrication & Machine
1G9348,GREAT LAKES TRAILER
1G9350,GSE CUSTOM CARS AND CYCLES
1G9352,GT'S BOAT WORKS
1G9356,GRAVITY CONCEPTS
1G9358,GREAT AMERICAN CHOPPER
1G9359,GS Motor Company
1G9361,GAM
1G9365,Gear Jammer
1G9367,Gearheads Inc.
1G9369,Gold Star Communications
1G9371,Goose Creek Enterprises
1G9372,Gear Gasm
1G9373,GREEN ELEC-MOTOR
1G9376,GR Trailers
1G9377,GREAT WOLF TRAILERS
1G9378,GRIFFITH CHOPPERS
1G9379,The Glass Hand
1G9380,Gold Star Custom Trailers
1G9381,GUERDON ENTERPRISES LLC
1G9384,Gichner Truck Bodies
1G9385,"Gardner Denver, Water Jetting Systems"
1G9388,HTC
1G9389,GREAT WHITE TRAILERS
1G9391,Gemini Auto Lifts
1G9392,G & K Steelworks
1G9393,G-2 Motorcycles
1G9395,GForce Fabrication
1G9396,GREENFIELD PRODUCTS LLC
1G9397,Gemco Park Homes
1G9398,"General Services, Inc (GSI)"
1G9401,Gateway Materials
1G9402,"GUAM STEEL SERVICES, LLC dba TSUNAMI MOTORSPORTS"
1G9404,GUARDAIN TRAILERS INC.
1G9408,Grabill RV Manufacturing
1G9409,General Crane Service
1G9410,GREEN POWER TECHNOLOGY
1G9411,Bubble Buddy
1G9411,Transport Buddy
1G9411,Utility Buddy
1G9412,GRAND LAKE FABRICATION
1G9413,G & G Fab
1G9414,GEM-L INC
1G9415,"Ganzcorp Investments, Inc."
1G9416,American Pride
1G9417,Moto Electric Vehicles
1G9418,General Machine Products
1G9419,Global Pump Company
1G9420,Gabilan Welding
1G9423,G & G METAL FABRICATION
1G9424,GUERILLA CUSTOMS
1G9425,GUERILLA CUSTOMS
1G9426,Gap Hill Aluminum Shop
1G9427,GREAT PLAINS FABRICATION
1G9432,Graham LSV
1G9433,Garland Trailer Designs
1G9437,Genuine Jacks
1G9438,Graetz Manufacturing
1G9441,Grace Industries
1G9442,GE Trailers
1G9444,GSN CUSTOMS
1G9445,GREENLITE TRAILERS
1G9446,GRAND ISLAND
1G9448,Global Vaccum Systems
1G9449,Garcia Industries; L.L.P
1G9452,Gotwals Brothers
1G9453,Gorilla Built Enterprises
1G9454,Gangster Choppers Inc
1G9455,Vessel Service Co
1G9458,Global Steel
1G9459,Guardian
1G9460,GENERAL TRUCK BODY
1G9461,GE Packaged Power
1G9462,GLOBAL ENVIRONMENTAL PRODUCTS INC
1G9467,"GENESIS SUPREME RV, INC"
1G9470,Gibson Brothers Welding
1G9471,Gambler
1G9474,GK Machine
1G9475,Gene's Golf Carts
1G9478,Global Truck & Trailer Sales
1G9480,Global Inventive Industries
1G9483,"GEFCO, Inc."
1G9484,Geistwerks
1G9485,GREEN INTERNATIONAL SOLUTIONS
1G9486,Gator Pit
1G9487,Gerdes Fabricating
1G9491,Gregory Racing Fabrications
1G9492,GreenPower
1G9493,Moto Electric Vehicles
1G9495,Google
1G9497,Teardrop Camper
1G9500,GREASYHILL
1G9502,Girtz Industries
1G9503,GRANDWATT ELECTRIC
1G9507,Gicon Pumps and Equipment
1G9508,Calnan Enterprises
1G9509,GBA Sales Consignment & Rental
1G9510,Golden Gait Trailers
1G9511,Green Hop'r
1G9512,Gulf South Trailer Works
1G9514,Gorman
1G9515,Gateway Teardrops
1G9518,Genave/NRC
1G9519,Outback
1G9519,Classic
1G9519,Commander
1G9519,Custom
1G9519,Hunter
1G9519,Weekender
1G9522,GALE MARINE LLC
1G9527,Oxbo International
1G9528,Gun Fighter Customs
1G9529,Gun Fighter Customs
1G9531,Go RV
1G9532,USA Trailer Manufacturer
1G9533,Galaxy
1G9535,Southern Cartz
1G9537,GFA
1G9538,"Go Rite Trailers, Inc."
1G9539,Golden Building Corporation
1G9540,Greenhead Trailers MFG
1G9542,Red Rhino
1G9542,Red Ox
1G9542,Poke Tote
1G9542,Hay Competitor
1G9543,Honda
1G9543,Club Car
1G9543,Kawasaki
1G9543,Yamaha
1G9543,Polaris
1G9543,EZ GO
1G9543,Bad Boy Buggy
1G9543,John Deere
1G9543,Cushman
1G9543,Kubota
1G9543,Textron
1G9544,Club Car
1G9544,Yamaha
1G9544,Star EV
1G9544,GCJ
1G9545,VICINITY
1G9547,G-Force Trailers LLC
1G9549,GTC
1G9552,Trailer King Custom Design and Build
1G9553,Grainger Enterprises Inc. dba Cargo Deck LLC
1G9554,Gabriel Logan LLC
1G9555,"Global Equipment Company, Inc."
1G9557,Golf Cart Outlet of Mount Airy
1G9560,GPS Trailers
1G9563,GP Trailers Inc
1G9565,GapVax
1G9568,Golden
1G9569,Gencor
1G9571,Grove Creek Fabrication LLC
1G9573,G R
1G9575,GLADIATOR
1G9576,Green Mountain
1G9577,GTO TRAILER
1G9578,GR
1G9579,Golf Cart Connection LLC
1G9580,GoCar
1G9582,"GREENLINE EQUIPMENT, LLC"
1G9583,GURP
1G9584,Global
1G9585,G3 Fabrication
1G9586,Genco Mine Service
1G9588,Gray's
1G9589,Triple G
1G9592,Gatorback Trailer
1G9593,G and G
1G9594,GENESIS TRAILER
1G9595,"G & G UTILITY TRAILERS, LLC"
1G9596,Crownline
1G9597,GORILLA TRAILERS LLC
1G9601,GLOBALECO 
1G9602,Garcia's Trailers
1G9603,GT
1G9604,GTI 
1G9605,GTI 
1G9606,Da Car
1G9611,GC Trailers
1G9613,GIBRALTAR
1G9614,GREAT LAKES STAGE
1G9615,
1G9616,G-CUSTOMS
1G9617,GREG'S TRAILERS
1G9618,GREAT OUTDOOR COTTAGES
1G9619,GreenPower
1G9622,General Machining &Welding
1G9623,George P. Johnson Travel Trailer
1G9624,FOFO
1G9626,"GONTIS WELDING AND FABRICATION, LLC"
1G9627,GHEER BUILT
1G9629,GOODWATER TINY HOMES
1G9631,GUD MOTORSPORTS LLC
1G9632,GABRIEL'S
1G9633,GEVC
1G9634,GLADE TOP ADVENTURES
1G9635,Group Los Andes
1G9636,Gulfside Fabricators
1G9639,GAUTIER
1G9641,GOOD RV EQUIPMENT INC.
1G9645,GCGC
1G9646,Gulf Atlantic Cottages
1G9647,GOVIEW LLC
1G9648,GEVC
1G9649,GEVC
1G9651,Shade Haven
1G9652,Golden Trailers
1G9653,Graham LSV
1G9655,GCP
1G9656,GAF
1G9657,Shoulder Master
1G9659,Grand Canyon
1G9660,GreenPower
1G9661,GreenPower
1G9662,GMS Powersports
1G9664,Meyer
1G9666,Gear Hub Trailers
1G9667,Outlast
1G9668,GM Trailers
1G9669,Go Easy Carts
1G9671,Goat Trailers
1G9672,Geaux Pull
1G9673,Golden Road Trailers
1G9674,Green River Cabins
1G9676,Go Daddy Trailers
1G9677,Georgia LSV
1G9678,Venture Tiny Homes
1G9679,Gordis
1G9680,Gulf of America Manufacturing LLC
1G9681,Grizzly
1G9682,Gone Coastal
1G9683,Guarddawg
1G9684,GCP
1G9685,Great Day Golf Carts of OIB
1GA,Chevrolet
1GB,Chevrolet
1GC,Chevrolet
1GD,GMC
1GE,Cadillac
1GF,FLXIBLE
1GG,Isuzu
1GH,Holden
1GH,Oldsmobile
1GJ,GMC
1GK,GMC
1GM,Pontiac
1GN,Chevrolet
1GR,Great Dane Trailers
1GT,GMC
1GW,Kubvan
1GX,Grumman Olson
1GY,Cadillac
1H9008,HESSE CORPORATION
1H9011,"Hogg & Davis, Inc."
1H9014,Hughes Trailers Works
1H9019,HITCH -N-GO- TRAILERS
1H9020,Harmon
1H9021,Hackney Bros. Body Company
1H9039,"Harrell Enterprises, Inc."
1H9051,Hart
1H9055,D.K. HOSTETLER
1H9057,Hurst Trailers
1H9059,Hardee Manufacturing Company Inc.
1H9062,Hewitt
1H9066,Haul-Rite
1H9068,HallBuilt Trailers
1H9069,Hamman Enterprises
1H9073,Hansen Hydralift
1H9073,Marina
1H9073,Power
1H9084,"H & M Manufacturing, Inc."
1H9086,Savannah
1H9094,Hamner
1H9095,H & W Trailer Works Inc
1H9097,Hart Manufacturing
1H9098,Kustom Trailers & Welding
1H9104,Hoedebeck
1H9105,INTERMOUNTAIN
1H9110,"Henley's Trailers, Inc."
1H9111,Harnischfeger
1H9112,Herbs
1H9113,Heco Mfg.
1H9118,"Spartan Tool, LLC."
1H9118,Heico Inc.
1H9123,H&H Manufacturing
1H9139,Hank Williams Trailer Manufacturing
1H9149,HEMCO
1H9153,Hecla Mfg. Co.
1H9154,Hankins Triple-H Trailers & Ag. Products Corp.
1H9155,Ikarus USA
1H9161,Horstmann Industries
1H9162,High View Manufacturing
1H9163,"Hanquip, Inc."
1H9168,"Hy-Tec, Inc."
1H9171,Hubler Bros.
1H9178,"Sterling Corporation dba HomeCorp, Inc."
1H9182,Hamm Motor Sports & Custom Trailers
1H9191,Husted Bike Trailers
1H9194,Howe Brothers
1H9196,HYDRA PLATFORMS MFG. INC
1H9197,HAWKINS WESTERN WORLD
1H9199,HERCULES
1H9212,Hodges Custom Haulers
1H9213,HARCO TRAILERS
1H9218,Hesperia's Shell City
1H9222,HUNTER MARINE CORP.
1H9230,HAYES TRUCK & TRAILERS
1H9231,Husky Trailer Manufacturing Co
1H9232,HYDRA RIG INCORPORATED
1H9237,Hydra-Tension Inc
1H9242,Hicklin Engineering
1H9243,Hydra-Lift Trailers
1H9245,Hollis Trailer Sales Inc
1H9246,Hurd's Custom Machinery Inc
1H9248,Hi-Lite RV Manufacturing
1H9251,Hart Steel Company
1H9253,Hannigan Fairing Co. Ltd.
1H9261,Valew (Hayes Welding)
1H9270,"HEIL ENVIRONMENTAL INDUSTRIES, LTD"
1H9283,HAWK TRAILERS
1H9295,HIDDENITE METAL PRODUCTS INC
1H9302,"HITCHCOCK, INC."
1H9304,HOGENTOGLER & CO INC
1H9307,Hodges Manufacturing Inc
1H9311,INNOVATOR MOTORCYCLES
1H9312,Hymer Manufacturing Inc
1H9315,HEARTLAND
1H9316,Heartland Homes
1H9317,HOMECO MANUFACTURED HOUSING
1H9325,Harper
1H9329,HiPoint
1H9332,Hart Designs
1H9333,Hombilt Trailers
1H9334,Hang Time Inc
1H9335,H.J. SMITH WELDING INC.
1H9336,"HIGH COUNTRY DEVELOPERS, INC."
1H9337,"Horton Homes, Inc."
1H9344,Harbor Master Ltd.
1H9349,Horton Vans
1H9355,"Haul-All, Inc."
1H9359,Heritage Manufacturing
1H9362,Hoover Trailers
1H9364,"Han-Made Mfg., LLC"
1H9366,Harrell Performance Engineering
1H9367,Hunter Outdoor Products
1H9368,Herman Leasing
1H9370,Hampton Amusement Rides LLC
1H9371,Highlander Park Homes
1H9372,Hess Services
1H9379,Holt Sales and Service
1H9380,Home Manufacturing
1H9381,Horst Road Repair LLC
1H9383,H E M Enterprises Inc
1H9384,"HI-WAY STAR, INC."
1H9385,Hess-Sexton Corporation
1H9387,HiVAC
1H9393,Hogfather Trailers
1H9394,H&H Custom Solutlons
1H9398,Hog Motorcycle Trailers
1H9399,Hellbound Steel Motorcycles
1H9400,"H & G Marine Service, Inc."
1H9407,Haulmor
1H9409,Hamilton Trailers
1H9411,"Huesman Enterprises, Inc."
1H9414,Hitch-Hiker Mfg
1H9415,Holmes Enterprises
1H9418,Horizon Animal Health
1H9421,Hamlet Custom Haulers LLC
1H9423,"Hoosier Trailer & Truck Equipment, Inc."
1H9424,Harley Corp.
1H9426,H & H Welding & Repair LLC
1H9427,Humphrey Trailer
1H9428,Hageman's Custom Welding
1H9429,Hoock Custom Trailers
1H9431,Hot Springs Performance Trailer
1H9432,Heavy Hauler Trucks & Equipment
1H9433,Hot Carts Inc.
1H9436,Happy Trailers
1H9440,"Hatton Fabrication, Inc."
1H9441,Hayvan Manufacturing
1H9443,"Host Industries, Inc."
1H9444,HARDCORE CHOPPERS
1H9445,"HIGH COUNTRY ALUMINUM PRODUCTS, LLC."
1H9446,House Of Chopperz
1H9448,"Hood Fabrication, Inc."
1H9449,High Torque Marine
1H9450,Hawk Motors
1H9455,"HUNTER DESIGN GROUP, LLC"
1H9459,Heartland RV
1H9463,Hitch and Trailers of Fort Myers
1H9464,Holland Choppers
1H9466,Heisler Boats
1H9467,Hancock Industries
1H9470,Hobson & Son
1H9472,"HB Custom Components, Inc."
1H9474,Hawes Manufacturing
1H9475,"HMF Engineering, Inc."
1H9477,Hog Belt Bikes Inc
1H9479,Hitman Choppers
1H9481,HITCH BUDDY
1H9482,"Highland Manufacturing, LLC."
1H9483,"Hedererbuilt Manufacturing, Inc."
1H9484,Hughes Trailers
1H9485,H. Barber & Sons
1H9486,Heavy Duty Cycles
1H9488,Hole Shot Cycles
1H9489,Hillbilly Choppers
1H9490,Hamlin Trailer Manufacturer
1H9491,High Gear Repair
1H9492,"HBP-Jaybrake, LLC"
1H9494,"Hawaiian Chariot Wheelchair Motorbikes, LLC"
1H9495,Hard Bikes
1H9496,Harris Custom Cycles
1H9498,Hilltop Custom Cycle
1H9499,Holt Brothers Customs
1H9500,Hydro Engineering
1H9502,"Heavybilt Manufacturing, Inc."
1H9503,"Hamm & Phillips Service Company, Inc."
1H9504,Hog Shop
1H9507,Hammerhead Trailers
1H9508,Harborview Choppers
1H9510,Hay Seed Farms LLC
1H9511,Hi-Vac Corporation
1H9512,"Haulstar, Inc."
1H9513,Hurco Trailers
1H9515,"High Altitude Aviation, Inc."
1H9516,Hog Wild Customs
1H9517,"Hemphill, LLC"
1H9518,Hillbilly Trailors
1H9519,Hi Line Bodies Inc.
1H9520,Hidden Hollow Trailer Mfg LLC
1H9521,"Hawk FRP, LLC"
1H9522,Hammar Lift
1H9523,H & M TRAILERS LLC
1H9524,Hackstetter Motor Holdings LLC
1H9525,HappiTrails
1H9528,Hy-Lift Hunting Blinds Inc
1H9529,Hoppel Fabrication Specialties
1H9530,Hyper Lite Trailers
1H9531,Hobson Trailers
1H9532,Hill Equipment
1H9535,Hillcrest Manufacturing LLC
1H9536,Heartland Trailers
1H9538,Hydratrek LLC
1H9539,Heat's on Welding & Fabrication
1H9542,Halo Cycles LLC
1H9543,Halbert Trailer Service and Repair
1H9544,Hyper Products
1H9545,"Haul'n Ass Customs, LLC"
1H9547,Hyde Equipment Co
1H9550,Halsey Z Trailers
1H9552,Henderson Truck Equipment
1H9554,Hog Haulin Inc.
1H9558,"H.D. Industries, Inc."
1H9560,Horizon Products
1H9561,Helfin Sheet Metal Inc.
1H9564,Hirons Memorial Works
1H9566,"Heritage One RV, Inc."
1H9568,HDK Plastic LTD USA
1H9570,"Harris Waste Management Group, Inc."
1H9572,Hull Trailers
1H9573,Horizon Manufacturing
1H9575,HumDinger Trailers
1H9576,Hell-Bent Custom Cycles
1H9578,High Desert Golf Cars
1H9579,Hanson
1H9582,Low Speed Vehicles
1H9588,HJ Customs
1H9589,HJ Customs
1H9591,Happy Trails Trailers LLC
1H9592,"HIDDEN VALLEY MFG, LLC"
1H9593,HUNS Motorcycles
1H9594,Hi-Tech E.V.S. Company
1H9595,Hess Services
1H9597,Hester and Walton Tailgating Trailers
1H9598,Hughy Inc.
1H9599,"Highway Products, Inc."
1H9600,Hot Tub Hauler
1H9601,Hy-Tech Truck & Trailer
1H9602,Halljack Industries LLC
1H9607,HJV Trailers LLC
1H9608,Heatec
1H9610,California
1H9613,ZEUS CHOPPERS
1H9614,Hard Hat Trailers
1H9616,H & M GOPHER CONTROL
1H9619,Harvest AG
1H9620,Hoss Fabricators
1H9621,Hometown Welding
1H9622,HCL Truck Equipment Inc.
1H9624,"H&H Farm Machine Co., Inc."
1H9626,Harris Fabrication LLC
1H9627,H & H Supply
1H9628,HI-Ride Manufacturing LLC
1H9629,HP Piping Solutions
1H9630,Triple C Trailers
1H9631,"H & H WELDING, LLC"
1H9634,"HydroCal, LLC"
1H9635,"Hawker Well Works, Inc."
1H9637,Hammer Down Choppers LLC
1H9642,Hot Head Customs
1H9643,Hobbs Manufacturing LLC
1H9645,Harvest International
1H9646,Venier Customs
1H9648,HTMI
1H9648,"Tuf-Manufacturing, Inc."
1H9651,Holland Dollie
1H9654,HellBilly Motorcycles
1H9655,Hammelmann Corporation
1H9656,Holland Equipment Company
1H9657,Helmuth Quality Power Systems
1H9658,Howell Precision Machine & Engineering
1H9660,Hackney Welding
1H9661,High Plains Custom Cycles LLC
1H9662,Hinterland
1H9663,OSCO PRODUCTS LLC / USA
1H9664,H & H Motor Cycles
1H9665,H&H
1H9666,Hahm EV
1H9667,Hoopes Manufacturing
1H9668,Lektron
1H9669,Happier Camper
1H9670,HighLine Trailers
1H9672,Hydra Service
1H9673,High Tide Boat Trailers
1H9674,Kimble
1H9674,CCC
1H9675,Kimble
1H9675,CCC
1H9676,Kimble
1H9676,CCC
1H9678,High Roller Custon Motorcycle
1H9679,Hot Rod Factory
1H9680,"Highwood Global, LP"
1H9681,Adrenaline
1H9683,Huckwagon
1H9686,Hicks Manufacturing
1H9687,Hemisfear Cycles
1H9688,Hardkore Karts
1H9689,Happy Valley Campers
1H9692,Holland Industries
1H9696,Hunna Mei
1H9698,HERNCO FABRICATION & SERVICES
1H9699,Homegrown Trailers
1H9702,Haulinit
1H9705,"HME, Inc."
1H9706,Hulk
1H9707,HummingbirdEV
1H9708,Hog Heaven Chopper
1H9709,High Speed Welding
1H9712,H&H
1H9713,Hi-Standard Mfg.
1H9714,HBC GROUP LLC
1H9715,Hartstra Manufacturing
1H9716,Humble Houses
1H9717,"Hybrid Light Solutions, LLC"
1H9718,Horseshoe Trailers
1H9722,Best Carts USA
1H9723,High Country Camps LLC
1H9725,Harrison
1H9726,Olympic Trailer MFG
1H9727,Hunter Bowen Trailer Sales
1H9729,"HAWAII SPRING SUPPLY, INC."
1H9731,Heavy Equipment & Attachment
1H9732,"Holiday House RV, LLC"
1H9733,Murray Trailers
1H9736,High Altitude Trailers
1H9737,HAWAIIAN SCOOTERS
1H9739,Haul-About
1H9740,HELIO
1H9742,Hometown Trailers
1H9743,"H BULL SMART TRAILERS, LLC"
1H9745,HD TRAILER SOLUTIONS LLC
1H9746,HAGOTH INDUSTRIES LLC
1H9747,HUCK CYCLES
1H9749,HOLLIN HAULERS LLC
1H9750,HUCK CYCLES
1H9753,HUDSON TRAILER COMPANY
1H9755,HTrailers
1H9756,HIG - CO
1H9757,HORTON CARGO
1H9759,HYK OUTDOORS LLC
1H9761,HILLTOP STRUCTURES 
1H9762,BARRETT TRAILERS
1H9763,HYTEC EQUIPMENT COMPANY
1H9764,HANDS ON WORK TRAILERS
1H9765,Hoppel Fabrication Specialties
1H9766,Hon-Tech
1H9767,"HIKER INDUSTRIES, LLC"
1H9768,VersaMax
1H9769,BlueFin Trailers
1H9770,Henry
1H9772,HT
1H9773,Tern
1H9774,H&A WELDING LLC
1H9776,HTS Equipment
1H9778,HAUL KINGS 
1H9780,HEAVYLITE TRAILERS LLC
1H9781,HUDSON
1H9783,HIGH COUNTRY BOATS & OUTFITTERS
1H9785,HITCH HOTELS
1H9786,HST
1H9789,Hook-Ups
1H9790,HIGH LEVEL ENTERPRISES
1H9791,Trailers Unlimited (H-Custom)
1H9794,HD Customs
1H9795,HD Customs
1H9797,Highwood Machine Tool LLC
1H9800,Hooker Boatworks LLC
1H9801,Holt Manufacturing
1H9802,Hamfg
1H9804,HOLLIFIELD
1H9805,HANSEN TRAILERS
1H9806,Hitch King
1H9807,Hit
1H9809,HF Trailers
1H9811,HOLSTON CREEK WELDING
1H9813,Harbinger
1H9814,Ford
1H9815,Cutting Edge Trailers
1H9816,HARMONY
1H9817,HARD SIDE
1H9818,HWAF
1H9821,HighCountry
1H9822,Homestead
1H9826,"HOCKLEY OILFIELD SUPPLY, LLC"
1H9831,Homestead Structures
1H9832,Hekipia America Inc.
1H9833,HAHNZ MFG LLC
1H9834,HAUL MASTER
1H9839,HOOK-N-HAUL TRAILERS LLC
1H9840,HELMS
1H9842,HUNT FAB (HF)
1H9843,HT TRAILERS
1H9844,CJZ Custom
1H9845,Harbinger(HARBINGER EQUIPMENT LLC)
1H9848,Hedger
1H9849,HARVEST MOBILE BOTTLING
1H9850,Hells Canyon
1H9851,HattyCo
1H9852,HOTSHOTS
1H9855,HERO TRAILERS LLC
1H9856,Henko
1H9857,HP Trailers
1H9858,H FAB Trailers
1H9859,Hudson Trailers
1H9860,Hollis Bay
1H9861,Hutchins Fabrication
1H9862,"HEAVY EQUIPMENT SOLUTIONS, LLC."
1H9863,HP Trailer
1H9867,Haulin Steel Customs
1H9868,Hauler Trailers
1H9870,TideRite
1HA,Chevrolet
1HA,Navistar
1HC,Continental Mixer
1HD,Harley-Davidson
1HD,LiveWire
1HF,Honda
1HG,Honda
1HH,"Hackney and Sons, Inc."
1HL,Heil Trailer International
1HN,Holsclaw Bros. Inc
1HP,Navistar
1HP,Caterpillar
1HP,IC Bus
1HP,Workhorse
1HP,International
1HS,Navistar
1HS,Caterpillar
1HS,IC Bus
1HS,Workhorse
1HS,International
1HT,Chevrolet
1HT,Navistar
1HT,Caterpillar
1HT,IC Bus
1HT,Workhorse
1HT,International
1HT,GM
1HU,Spreuer & Son
1HV,GMC
1HV,Navistar
1HV,Caterpillar
1HV,IC Bus
1HV,Workhorse
1HV,International
1HV,GM
1HW,Shay Reproduction
1J2,Jeep
1J3,Jeep
1J4,Jeep
1J5,Jeep
1J6,Jeep
1J7,Jeep
1J8,Jeep
1J9001,"J & L Tank, Inc."
1J9003,John Evans Manufacturing
1J9018,J & L TRAILERS
1J9022,Jeffery Brothers
1J9026,Jackson Mfg.
1J9029,Better-Bilt
1J9030,Jensen Trailers
1J9031,Jerr-Dan Corporation
1J9033,J & C Mfg Inc
1J9039,J.S. Welding
1J9044,Ironman
1J9046,Jantz-Femco
1J9047,IRBY
1J9049,National Oilwell Varco
1J9053,"James Russell Engineering Works, Inc."
1J9065,JMW Welding & Manufacturing
1J9070,"John M. Hill Machine Co., Inc."
1J9075,JW Trailers
1J9076,Jones Trailer Sales
1J9081,JOHNSON'S WELDING
1J9083,Jerry's Warehouse
1J9084,J M Trailer Manufacturing
1J9087,"John Jenkins Co., Inc dba Jenkins Company"
1J9090,"The Job Shop, Inc."
1J9092,Jones Trailer Co
1J9094,J & T MERCHANDISE INC
1J9100,"INDEPENDENT TRAILER & REPAIR, INC"
1J9101,Johnson Truck Bodies
1J9103,Big Tex/Sun Trailers/Venture
1J9104,IAP
1J9107,J & D Welding & Trailer Sales
1J9110,J & L Fabrication Inc.
1J9119,"JAMES EQUIPMENT COMPANY, INC"
1J9120,J & M FABRICATION
1J9121,"JOHNSON MANUFACTURING, INC"
1J9123,Jac 427
1J9124,JAY'S INC
1J9128,JOHNNY'S TRUCK AND TRAILERS
1J9131,JF TRAILERS LLC
1J9132,Jones Welding Service
1J9133,JLR Trailers & Welding Inc
1J9140,JEFCOAT TRAILER'S
1J9144,Jax Enterprises
1J9145,Jones Motor Company
1J9147,JANUS FABRICATING INC
1J9148,J & N SALES
1J9149,John's Woodwork & Metal Works
1J9153,"Johnson Equipment Sales, Inc"
1J9154,Jonco Manufacturing
1J9155,JEFF'S CUSTOM WELDING
1J9164,JIM CAMPEN TRAILERS
1J9167,Carlton Professional Tree Equipment
1J9172,Allianz Sweeper Company
1J9184,J&S Repair
1J9188,Jacksonville Tire & Automotive
1J9192,J & J Trailer
1J9194,"JBH CUSTOM TRAILERS, INC."
1J9200,Johnson Powerlifts
1J9201,Johnson's Mobile Solutions
1J9204,Jo Mac Ltd
1J9206,J L TRAILER MFG.
1J9210,John Peper Enterprises
1J9214,J & L EQUIPMENT
1J9215,JR'S CUSTOM PATTERN CUTTING FABRICATION AND REPAIR
1J9216,JENKINS & JENKINS ENTERPRISES LTD
1J9217,J&D TRAILERS
1J9221,Jayron Fabrication LLC
1J9224,J-D's Motorcycle Stuff
1J9234,J Helgeson Enterprises
1J9236,JR Welding Inc
1J9238,"Juskco Services, Inc."
1J9239,J.D. ENTERPRISES
1J9240,J D B Aluminum Fabricating Inc
1J9242,J.B.'s Welding
1J9243,JD Enterprise
1J9244,J & S Contractors
1J9245,Jel Corp
1J9248,James C. Barry Mfg. Quality Trailers
1J9249,"John Ingram, Inc."
1J9253,KERR-BILT
1J9255,J&W Manufacturing
1J9259,JayZee mfg
1J9260,J & R Trikes
1J9262,J.J.'S TRAILERS INC
1J9264,Jarvis Industries
1J9265,J.P. Trailer Manufacturing
1J9267,Jim Nasi Customs
1J9268,Jimmy's Discount Tire/Trailer
1J9270,Jumping Jack
1J9273,Johnny Pag Motorcycles
1J9274,JJ's Truck Shop
1J9276,"Johnson Tool and Die, Inc."
1J9277,"Janco Enterprises, Inc."
1J9278,"Independent Dispatch, Inc."
1J9283,J.D. Sutherlands Customs Inc
1J9284,"Johnson Farm Machinery Co., Inc."
1J9285,"Jensen Metal Products, Inc."
1J9286,J-Craft
1J9289,JR TRAILERS
1J9291,J & W Fabrication
1J9294,JM TRAILERS
1J9295,JSD WELDING INC.
1J9296,J. Ray's Trailers
1J9297,J&M Mfg. Co. Inc.
1J9298,"Jackalope Conversions, LLC"
1J9299,Janco Trailer Manufacturing
1J9300,J & B TRAILERS & EQUIPMENT INC
1J9301,JMJ Maintenance & Remodeling
1J9302,J & S TRAILERS
1J9303,JMW Welding & Manufacturing
1J9311,Jones Motorsports
1J9313,JYC CUSTOM CYCLES L.L.C.
1J9315,J K Brown
1J9316,Jefferson State Trailer Works
1J9319,JV Manufacturing
1J9321,JACK GREEN CO.
1J9325,JZ Riders
1J9326,"JRW Trailers, Inc. dba Walton and Byson Trailers"
1J9327,Judgement Custom Design
1J9328,JMD Motor Company
1J9330,Jailhouse Choppers Inc.
1J9332,JSR Custom
1J9336,JOHNS GOLF CARS INC
1J9337,Jesse Rooke Customs
1J9338,J&D Cycles
1J9339,Junior's Golf Carts
1J9341,Jenison Airlease Inc.
1J9342,JH Global Services Inc. dba Star
1J9343,Jail Break Choppers
1J9344,Jamco South Trailers Inc
1J9345,Jeremy's Welding
1J9349,"Jackson Creek Manufacturing, Inc."
1J9350,Jones County Choppers
1J9351,JV Metal Buildings & Trailers
1J9352,Jalopy Choppers
1J9354,JLE Maunfacturing
1J9357,J & E Manufacturing Inc.
1J9358,JAG Mobile Solutions
1J9361,JRC Custom Trailers
1J9362,Jason Industries Inc.
1J9367,Jerry's Welding Service
1J9371,JSG Industries
1J9372,Jason Mitchell Welding & Fabrication LLC
1J9374,"J. A. Emilius' Sons, Inc."
1J9376,Jumping J-Jays Franchises USA
1J9377,Jomar Machining & Fabricating
1J9378,J & E Custom Trailers
1J9380,Joseph R. Thompson Enterprises
1J9385,Jeff Nicklus Customs
1J9386,Johnson Crushers International
1J9390,Joyhon
1J9391,JRL Cycles
1J9393,Jasper's Hot Rods LLC
1J9394,Desperado
1J9395,James W. Bell Co. Inc.
1J9397,JR Custom Trailers
1J9398,JWF Industries
1J9400,Jubilee Motor Campany
1J9401,Justin Palmer Welding
1J9402,JRS Custom Fabrication
1J9403,JC Custom Welding LLC
1J9404,"J&D Hydraulic & Repair Co., Inc."
1J9405,John Thomas
1J9406,JAMCO USA
1J9407,J. Patton Automotive Inc.
1J9408,JTC Sales
1J9409,J.R.'S ROLLING THUNDER MACHINE WORKS
1J9410,"JC Fab, LLC"
1J9411,"Johnstown Tube Laser, LLC dba Environmental Tank Corporation"
1J9412,Jetstream LLC
1J9416,PavMaster
1J9418,Allied Steel
1J9419,Jenner Sales Corp.
1J9420,JetHeat LLC
1J9422,Jetstream
1J9425,Prospector
1J9428,JR Mfg and Sales LLC
1J9432,JJ Outdoor Industries
1J9434,Jim's Enterprise
1J9435,J&J Trailers and Truck Equipment
1J9438,JRB Cuz Enterprises
1J9439,Johnson Industries
1J9441,Jordan Air
1J9442,Janssen Welding and Fabrication Big Bear Trailers
1J9444,"JFM Services, Inc."
1J9445,"Jetech,INC"
1J9447,DeSoto Motors
1J944L,"Jim-Glo Trailers, Trading as Jimglo Trailers"
1J9452,ASE
1J9456,Joyride
1J9457,"JJR, INC"
1J9460,J and P Trailer Company
1J9461,JACKRABBIT TRAILERS
1J9463,J AND E STEEL LLC
1J9464,JANAK TRUCK & EQUIPMENT
1J9467,Joe's Trailer
1J9468,"Jubilee Trailers, LLC"
1J946L,"Jim-Glo Trailers, Trading as Jimglo Trailers"
1J9470,JAKShax Fish House and R.V.
1J9471,J&E Custom Utility Trailers LLC
1J9472,"JackRabbit Manufacturing, LLC"
1J9474,JMC Inc.
1J9476,Black Bear Fish House
1J9478,Jefe's Trailers
1J9480,JBT
1J9482,J's Golf Carts
1J9483,JAKShax Fish House and R.V.
1J9484,MJ Trailers
1J9485,JEWELL MANUFACTURING
1J9486,Progressive Trailers
1J9486,Quality Specialty Trailers
1J9487,Juan Pablo Jimenez Morales
1J9490,J&C
1J9492,Cheetah Trikes
1J9493,JLC Fabrication
1J9494,Jack of all Trades by George LLC
1J9496,Jim's Trailers
1J9498,J & C SUPPLIERS
1J9499,JLH
1J9500,JumpStreet Custom
1J9503,Joe Marshall Customs
1J9504,JRS
1J9505,"J.W. Williams, Inc."
1J9507,Wicked
1J9508,J & M Trailers
1J9509,JBA Tex Trailers LLC
1J9510,Jackson Canvas Company
1J9511,J D WELDING and SANDBLASTING 
1J9513,JNG
1J9515,J AND J 
1J9516,JDH ENTERPRISE LLC
1J9517,J&D
1J9518,JD AXLE
1J9519,CROSS ROADS
1J9521,J.B. 
1J9523,JHB
1J9527,JAY'S TRAILERS
1J9528,JACOB
1J9530,JK Trailer Plus
1J9531,JMF
1J9533,JLF
1J9535,Frolik Cargo Campers
1J9536,J And S
1J9537,JT-Kustoms
1J9538,Little Buggy
1J9539,JF Trailers
1J9541,JoeBed
1J9543,J & J TRAILER REPAIR
1J9544,JQ
1J9549,Jones Custom Welding & Fabrication
1J9550,JJM TRAILERS LLC
1J9551,Trailer Technologies
1J9553,JELIN
1J9554,JVS Cart Company
1J9557,"JAY MILLS CONTRACTING, INC."
1J9559,JBT (JEREMY BOWLES TRAILERS LLC)
1J9560,JCCWE
1J9563,JCE Trailers LLC
1J9565,J.U.T.H.
1J9568,JAMROCK JERK
1J9570,JAY'S MOBILE CARTS & TRAILERS
1J9572,TrailMax Trailers
1J9573,JAYCO TRAILER COMPANY
1J9574,JD
1J9576,Homemade
1J9579,JSR Trailers
1J9580,Jet Boats of Texas
1J9581,"J MOORE TRAILER MANUFACTURING, LLC"
1J9584,JRS Food Trailers LLC
1J9585,HMDE
1J9586,Black Jaguar
1J9705,Triple J Enterprises
1JC,Jeep
1JD,Jeep
1JJ,Wabash
1JJ,Fruehuaf
1JJ,WABASH VANS
1JJ,WABASH PLATFORMS
1JJ,WABASH DOLLIES
1JK,"Interstate Trailers, Inc."
1JT,Jeep
1JU,Marmon Motor Co
1JZ,B & M Trailer Sales
1K4,Komfort Corp.
1K5,Komfort Corp.
1K9007,Kann Manufacturing Corp
1K9008,Kann Manufacturing Corp
1K9009,Kann Manufacturing Corp
1K9011,"KREMCO, INC."
1K9023,Kent Trailers
1K9036,Koebrick Welding
1K9037,Karnel Enterprizes
1K9047,Keyco Manufacturing Inc.
1K9049,Kingston Trailers
1K9050,KAL MANUFACTURING
1K9053,Kings Way Trailer Mfg
1K9057,Kruger Trailers
1K9058,Kovatch Mobile Equipment
1K9059,KID
1K9062,Kann Manufacturing Corp
1K9065,Kipe Steel
1K9069,"Knowles Manufacturing Company, Inc"
1K9070,Le Hickory Pits
1K9077,Keith Huber Inc
1K9083,"K.T. Specialties, Inc."
1K9087,Koffler Mfg. Inc.
1K9094,KENN TRAILERS
1K9100,Kendon Industries Incorporated
1K9103,KIT Manufacturing Co
1K9106,Keehn Service Corporation
1K9109,Keyway Fabrication & Design
1K9113,Kellys Welding & Manufacturing
1K9118,"Kustom Signals, Inc."
1K9123,KEVIN'S REPAIR & AUTO BODY
1K9124,KELLY WELDING
1K9137,K-N Manufacturing
1K9141,KAUFMAN TRAILERS
1K9148,KEN'S CUSTOM TRAILERS AND SUPPLIES
1K9152,"Krystal Koach, Inc"
1K9155,Kendrick Prefab Welding
1K9157,KLEIN CORPORATION
1K9160,kibbi
1K9162,King Equipment Co.
1K9170,"K INDUSTRIES, INC"
1K9172,Kasi Infrared
1K9173,"KLIPPING KING, INC."
1K9174,KEENWAY MANUFACTURING INC.
1K9175,"K & K MANUFACTURING, INC."
1K9178,Kard Co
1K9188,Kenco Fabricating Company
1K9189,Kyzer Aluminum Inc.
1K9190,King Kustom Cycle
1K9191,K & C Conversions
1K9194,knucklehead Power USA
1K9195,BBQ PITS BY KLOSE
1K9196,Knights Kargo Inc
1K9197,Kirkley & Son Machine Shop
1K9198,KAMCO
1K9201,KENDALL TRAILER MFG.
1K9202,Kromer Co LLC
1K9204,Koester's Machine Shop
1K9207,K & M Trailer Sales
1K9208,Kimble Chassis
1K9209,K & K Trailers Inc.
1K9210,KC Creations
1K9214,"Kodiak Motorcycle Manufacturing Company, Inc."
1K9215,King Manufacturing Inc
1K9216,"Kodiak Aluminum MFG., Inc."
1K9219,Kopavi Trikes Inc
1K9220,KAR Fabrication Inc.
1K9223,Knight's Dragon Service
1K9225,"Kwik Dump Trailer Supply, Inc."
1K9226,Kruz
1K9230,"Keystone Vending Cart Co, Inc"
1K9232,"KSM Enterprises, Inc"
1K9234,KING RD. WELDING
1K9236,Kuntry Kustom RV
1K9237,Killer Chopper Cycle Fabrication
1K9240,Knights Choppers
1K9241,Empire Choppers
1K9243,Keystone Choppers
1K9244,"K & K SYSTEMS, INC."
1K9246,"Keizer Morris International, Inc. dba K M International"
1K9248,Kraft Custom Cycles
1K9249,KEMP KUSTOMS
1K9251,K & K Welding
1K9253,Killion Enterprises
1K9254,Kustom Machine & Sheet Metal
1K9255,King Custom Motorcycles
1K9259,Kansas Kustoms
1K9260,Keller Welding
1K9260,KELLER 
1K9260,KELLER2
1K9262,"KAK Motorcycles, Inc"
1K9263,Kapels Eng & BLD
1K9266,Kinkaid Trailers
1K9268,Kimble Chassis
1K9269,Kimbel Manufacturing
1K9271,Kiwi's Welding & Repair
1K9274,KNAPHEIDE TRUCK EQUIPMENT COMPANY SOUTHWEST
1K9276,LIBERATOR TRIKES
1K9277,KnightHaulers
1K9278,Kioba Industries
1K9279,K-otic Kustoms
1K9281,Korrupt Choppers
1K9283,Knievel Motorcycle Manufacturing
1K9284,Kwik Load
1K9286,Keystone Trailers
1K9288,KDZ Kustoms
1K9289,Kripple Kreek
1K9291,Knights Fabrication
1K9292,Kev's Welding & Manufacturing
1K9293,K-Jack Motors
1K9298,K & K Welding
1K9299,Key Energy Services
1K9303,Kepler Motors
1K9304,K & M Manufacturing Co.
1K9307,Kustom Koncepts
1K9308,Kingdom Customs Motorcycle Company
1K9309,KL Welding & Repair
1K9310,Kickin' Kampers
1K9311,CRC Cemetery Services
1K9312,Keystone Oilfield Fabrication
1K9313,Krugger
1K9317,Kodiak Adventure Products
1K9320,KIEWIT
1K9323,Kandi Steel
1K9325,Kennedy
1K9327,Keino Cycles
1K9330,Klinger Trailer
1K9331,Kinos Custom Concepts
1K9332,Kemco
1K9336,Kiwi Air
1K9338,Keystone LSV
1K9339,Kriminal Kustoms
1K9341,Koastal Trailer
1K9342,KLD Energy Technologies
1K9345,GC-1
1K9346,KLA TRAILERS
1K9347,O & J Trailer Systems
1K9349,Kelley's Fabrication
1K9351,Kwik Equipment Sales
1K9352,KYFAB
1K9353,Big Dog Motorcycles
1K9354,Keystone Kabins
1K9356,Kanamak Hydraulics
1K9357,Honda
1K9357,Club Car
1K9357,Kawasaki
1K9357,Yamaha
1K9357,Polaris
1K9357,Kustom Karz of Scottsboro
1K9357,EZ GO
1K9357,Bad Boy Buggy
1K9357,John Deere
1K9357,Cushman
1K9357,Kubota
1K9361,Kiefer Manufacturing and Sales LLC
1K9365,Bourbon Trailer
1K9367,KAUFMAN TRAILERS OF SC
1K9368,KTM Aluminum Frame
1K9368,KTM Steel Frame
1K9369,Kent Power Inc.
1K9372,KERBY BROTHERS LLC
1K9373,Knight Fabricating
1K9376,K&K REPAIR SERVICE
1K9377,Knutson Engineering
1K9378,Kiepe
1K9380,KAT Ind
1K9382,Battle Wagon Trailers (KTD Industries)
1K9384,"K & S Manufacturing, LLC"
1K9385,"K&S Fabrication, LLC"
1K9386,KLJ Auto Sales and Service
1K9387,Kareem Carts
1K9390,Kramo Trailers
1K9392,Kinney Mfg
1K9393,KALT LIFE KUSTOM KART
1K9394,Keep It Cold
1K9397,KJ Leisure Trailers LLC
1K9398,Kinich Solar Industries
1K9399,KAISER PREMIER LLC
1K9400,KROME 728
1K9402,K and S Trailers
1K9404,Karry USA Trailers
1K9405,KanTerra
1K9408,KLEVENITE 
1K9409,Kalinowski
1K9410,KINGTEC 
1K9411,K&F INDUSTRIES
1K9413,KACTUS KID 
1K9416,KICK AZZ
1K9417,"Koechner Mfg. Co., Inc."
1K9418,KANOFF EQUIPMENT SERVICES
1K9419,KRAESE CYCLES
1K9421,Aero Moto
1K9423,Kensington Trailers LLC
1K9424,Kel-Tec
1K9425,Kingdom
1K9426,"KSI CONVEYORS, INC"
1K9427,KFTF
1K9432,KCP AMERICA INC.
1K9433,"KORU PERFORMANCE, LLC"
1K9434,KMX
1K9435,KAMMERER DYNAMICS INC. (KDi)
1K9436,Kindig
1K9437,K AND K WELDING
1K9438,KINGS HOMES
1K9439,KAYLAVON
1K9441,KCH
1K9442,PMRV
1K9442,Aspen (KEB)
1K9442,Mysa
1K9442,Sun
1K9442,Roberts
1K9444,Kompact Kamp
1K9445,KRAKEN CUSTOM MARINE
1K9446,KINGS TRAILERS LLC
1K9447,"KLINGER TRAILER, LLC"
1K9448,KWF
1K9449,Keystone Trailer Co.
1K9450,KRABALCRAFT LLC
1K9451,KD Modular
1K9452,Solguard Trailers
1K9453,Kinetic Custom Trailers
1K9454,K & B INCORPORATED
1K9456,KASE Pumping Systems LLC
1K9458,Kennco
1K9HBW,KIT HomeBuilders West
1KB,Holiday Rambler
1KK,Kentucky
1L1,Lincoln
1L2,London Aire
1L3,Highland
1L8,EZ Loader Custom Boat Trailers
1L9006,LODAL
1L9026,Luedtke
1L9027,Lagasse Rides
1L9033,"Ledwell & Sons Enterprises, Inc."
1L9041,Karcher North America (KNA)
1L9042,Lemco Tool
1L9044,London Bridge Welding
1L9046,L & L Custom
1L9049,L J Welding Inc
1L9054,Lifetime Aluminum
1L9055,Landry's Trailer Sales & Service
1L9056,LTT
1L9060,Logan Farm Equipment
1L9061,Landa Trailer
1L9063,LIFTCO
1L9064,Lazy N
1L9067,Precedent
1L9068,LACOTA INC
1L9070,L B Maufacturing Co
1L9074,ILAUG
1L9081,Longhorn Trailer Company
1L9085,"Brindle Products, Inc."
1L9086,"Laurel Fabricating, Inc."
1L9088,Lamco Mfg and Distributing Company Inc
1L9092,LIMCO Trailer
1L9094,Lakeside Trailer Manufacturing
1L9095,Lynden Tank Co
1L9097,L & S Line Mfg
1L9105,Layton Manufacturing Company
1L9109,"L.A. Woods Co., Inc."
1L9116,Loeffler Filtration Group
1L9124,"Lanier Trailer, Inc."
1L9127,Leland Truck Equipment
1L9132,Lazy L Mfg.
1L9138,"L & H MANUFACTURING, INC."
1L9139,L& J HYDRAULICS CO.
1L9143,Lemna Corporation
1L9144,TRADERS MFG. GROUP INC
1L9147,LISLE SPECIALTIES INC
1L9150,"Lite House Campers, Inc."
1L9154,International Lift Corp
1L9155,LA Exotics
1L9157,"LACROSSE ENTERPRISES, INC."
1L9158,Lil John
1L9159,LaFarge
1L9160,"LUKE'S TRAILER MFG AND SALES, INC."
1L9161,LAZY-DAZ INC
1L9165,LIMBO CONTAINER COMPANY
1L9166,Landry's Trailer Sales & Service
1L9174,Leber Coach Manufacturing
1L9175,La Palma Auto Body & Repair
1L9176,Lindsay's Farm Equipment
1L9177,Vault Master
1L9179,Lake Technology Products Inc.
1L9191,Les' Service And Canopies
1L9192,Logano Trucking Company Inc
1L9199,J R Mills Enterprises Inc.
1L9200,"LDC INDUSTRIES, INC"
1L9201,C-Trail
1L9212,L & M MANUFACTURING INC
1L9216,LIBERTY INDUSTRIES
1L9218,Leonard Aluminum Utility Buildings
1L9224,LBT Stainless Inc
1L9226,L & M MANUFACTURING INC
1L9227,Light Campers Inc
1L9228,L&F CUSTOM BUILT TRAILERS
1L9232,Load Maxx Trailer Co.
1L9234,LAFORZA
1L9235,Long Horn Welding
1L9237,Loadmaster Trailer Company Ltd
1L9240,LINEAR DYNAMICS INC
1L9241,LEVON VENDING CARTS CO.
1L9242,Lesters Manufacturing Inc
1L9243,Legend Trailers Inc
1L9244,Larry's Trailer Sales Inc
1L9245,LET'S GO AERO
1L9248,LOBB TRAILER
1L9249,Lawton Trailers
1L9254,Lynn Welding Shop
1L9256,Lugo Manufacturing
1L9265,Ledbetter Welding Company
1L9269,LA Concept Cars Inc
1L9270,Liberty Trailers Inc
1L9272,Likens Trailer Manufacturing
1L9273,Lonestar Manufacturing
1L9274,Laser Straight Mfg. Inc
1L9275,Liberator Motorcycles
1L9278,Lite-N-Bolt
1L9280,Larson Cable Trailers
1L9281,Sheyenne Tooling & MFG.
1L9282,Load Glide Trailers
1L9283,Lopez Welding Shop
1L9284,"Lake Forest Builders, Inc."
1L9286,Loadmaster Manufacturing Inc
1L9287,DLM
1L9292,L & J Services
1L9301,Leewood Incorporated
1L9302,LMC
1L9303,L & D TRL Manufacturing & Sales
1L9304,Lake of the Ozarks Custom Cycle
1L9306,L & M Trailer Manufacturing
1L9308,"L & M Sales & Service, Inc."
1L9309,Lakeview Mfg
1L9311,Lucas
1L9312,Little Beaver
1L9316,Legacy Trailers LLC
1L9317,Legend Manufacturing Inc
1L9318,Little Stanley Cycles
1L9319,Lone Star
1L9320,Lucky Devil Metal Works
1L9321,Lane Trailer Manufacturing Co.
1L9324,"Los Lobos Mini Choppers, LLC"
1L9328,Legend One Mfg. Inc
1L9329,La Boit Inc.
1L9332,Logic Motor Company
1L9336,Lanchester Trailer Supply
1L9345,Lone Star Oryogenics
1L9346,Lou Fegers Trailer Sales Inc
1L9352,LOS ANGELES ROLLERS
1L9356,Late Nyt Choppers
1L9357,LAU WELDING INC.
1L9358,Lake County Cycles Inc
1L9359,Lone Star Roaster
1L9360,"LIBERTY TRAILERS, INC."
1L9361,Lithium House
1L9362,Legends Motorsports LLC.
1L9363,L.V.W. Customs
1L9364,Lindsay Manufacturing
1L9369,Leroy-Thompson
1L9371,LA Cart's
1L9372,Lucas Cycles
1L9375,Livestock Trailer Equipment
1L9376,L/E Autoworks
1L9379,Lake Norman Trailer
1L9380,Lumbee Trikes & Bikes
1L9381,Lakeshore Watercraft
1L9383,Loudo Trailers
1L9387,Lakota
1L9387,Iron Horse
1L9387,Big Horn
1L9387,Grande
1L9387,Charger
1L9387,Warrior
1L9387,Luxe
1L9388,Little Joe's Welding & Sons
1L9389,Lonesome Road Choppers
1L9391,Latco
1L9392,Lazy J MFG.
1L9393,Lucky MFG
1L9394,Little D's Utility Trailers
1L9395,Legends Custom Cycles
1L9397,Luxxx Custom Cycle
1L9398,Lumpkin Enterprises
1L9399,Long Dog Enterprise
1L9400,Legacy Trailers
1L9401,Limos By Tiffany
1L9406,Legendary Innovations
1L9407,Livingston Custom Boat Trailers
1L9408,LiVecchi Cycle
1L9410,Load Toters Trailers
1L9411,Logic Motors
1L9413,Lime City Equipment
1L9414,"LDJ MANUFACTURING, INC."
1L9416,Longbow Motorcycles
1L9417,L & M Steel and MFG.
1L9418,Low-Tow Trailers
1L9419,LIBERTY MOTORS
1L9421,L & J Manufacturing
1L9422,Lumpkin Trailers
1L9423,Lucon
1L9426,Lightning Rod Motorcycles
1L9428,L&J Supply
1L9430,SHOWHAULER TRUCKS
1L9432,Lance Camper
1L9433,LIBERTY SEAMLESS ENTERPRISES
1L9434,Lefty Brothers Cycles
1L9435,Livin Lite
1L9437,Little Guys Group
1L9438,Liquid Asphalt Systems
1L9439,Las Vegas Classic Coach
1L9440,Lone Wolf Customs
1L9441,LMT
1L9443,"ORGANILOCK, INC."
1L9444,L6 Systems
1L9445,LB Telesystems
1L9447,Lampi Equipment
1L9448,Load Technology
1L9449,Land and Sea Trailer Shoppe
1L9451,Leggett & Platt
1L9453,Industrial Truck Bodies
1L9455,LEXINGTON TRAILER & HITCH
1L9458,Lift N Lock
1L9459,LED Authority
1L9460,SAPPHIRE SCIENTIFIC
1L9463,Loyalty Mobile Innovations
1L9464,Lugo Manufacturing
1L9465,Lawless Welding
1L9468,Lifetime Products Group
1L9469,Legacy RV
1L9470,"LeVay Machine Co., LLC"
1L9472,Logan Coach
1L9473,Scooterbilt Manufacturing
1L9476,Lo-Pro Fluid Transports
1L9477,Legion Motorcycle Company
1L9478,Legion Motorcycle Company
1L9479,Lake City Choppers
1L9482,L and S Trailers & Supply
1L9483,"Land & Sea, Inc."
1L9484,Left Coast Development
1L9485,LLR Trailers
1L9486,Limousine Manufacturing
1L9487,Limousine Manufacturing
1L9488,Limousine Manufacturing
1L9489,Log - Master Portable
1L9492,LRG Technologies
1L9493,Lanier Marine Trailers
1L9494,"Laminated Wood Systems, Inc."
1L9496,L.C.B. Enterprises Inc.
1L9497,Lone Star Trailer Services
1L9498,Luttrell Welding
1L9501,Ludwigsen Motor Company
1L9507,Lux Customs
1L9509,Lone Star Grillz
1L9510,Location Water Systems
1L9511,Lake View Lodges Inc.
1L9512,LPG Ventures
1L9513,Lagoon Manufacturing
1L9515,LPD Trailers
1L9517,Vector Trikes
1L9518,Little Fox Campers
1L9519,Lynx Industries
1L9521,Lit Scooters
1L9524,LEVCO WORLDWIDE
1L9528,Leon's Welding & Fabrication
1L9533,LA Custom Trikes
1L9534,Latitude
1L9536,L.C.B. Enterprises Inc.
1L9538,LC Services of Louisiana
1L9539,Lonestar Dock Products
1L9540,Lankota Inc.
1L9541,L.J. Equipment Rental
1L9543,Lakeland
1L9545,LMT Trailers
1L9546,Lineman & Son
1L9547,"Lakeland Trailers, Inc. of Hill City"
1L9548,LAL Acquisition
1L9550,Liquid Partners
1L9556,Friesen Trailers
1L9558,LIBERTY CABINS
1L9558,Forever
1L9559,LVTRL
1L9561,Lantz
1L9562,LANCASTER LOG CABIN TRAILER
1L9564,Liddell
1L9564,Loadstar
1L9565,Legend Ice House
1L9566,Liberty Outdoors
1L9567,Life Tiny Homes
1L9571,Local Motors
1L9572,"Land And Sea RV, Inc"
1L9574,L&L Trailers
1L9575,Logistics Support Facility
1L9576,EVLABS 
1L9578,Light House Trades
1L9579,IXL Machine Shop
1L9584,"Long Run Trailers & Fabrication, LLC"
1L9585,L A C Welding Mfg. Inc.
1L9588,Legend Outdoors Trailers
1L9589,Lawmax
1L9590,Longway
1L9591,Legacy
1L9592,Lambert Trailers
1L9593,LOHR NORTH AMERICA
1L9595,Landa
1L9598,Lion Trailers
1L9600,DRR
1L9601,"LUSK CO., LLC"
1L9602,LEONARD
1L9602,Leonard Motor Works
1L9603,L Brothers
1L9605,Link
1L9606,"LACOSTA TRAILERS, LLC"
1L9607,LIFETIME TRAILER CORPORATION
1L9608,Long Board
1L9609,Lone Star Body Systems LLC
1L9610,List Transportation
1L9612,LCM
1L9613,Triple L
1L9615,Harley
1L9618,L&L Tool & Machine Co LLC
1L9620,LITTLE MOUNTAIN 
1L9622,LONGHAUL TRAILERS 
1L9625,L AND O MANUFACTURING
1L9627,LSV ST
1L9629,LUDIE'S 
1L9630,LIFETIME STEEL 
1L9632,LIFESCAPE
1L9633,LINES IN FABWORX
1L9634,"LH TRAILERS, LLC"
1L9635,POOL WATER PURIFICATION PRODUCTS
1L9638,LECHNER'S
1L9639,LUXE MFG. LLC
1L9640,Living Water
1L9641,LUCAS FABRICATION LLC
1L9642,LIONHEART CONSTRUCTION LLC
1L9644,LSV MANUFACTURING LLC
1L9645,LJ Custom Trailers
1L9646,Los Sauces
1L9649,TAURO
1L9650,Lawlis Cycles
1L9651,LONE PINE FABRICATION
1L9652,MC Trailer
1L9652,Haller
1L9654,LILLIBRIDGE
1L9657,LUXURY CUSTOM GOLF CARTS
1L9658,JRL
1L9659,Bull Chassis
1L9660,LONESTAR SPECIALTY VEHICLES
1L9661,LOX
1L9662,LAMER STREET KREATIONS CORP
1L9663,LSV PLUS LLC / Eco- Cart
1L9664,LCA
1L9665,Landsend
1L9666,LONE STAR TRAILERS LLC
1L9668,LOWN PERFORMANCE LLC
1L9669,LINDE ENGINEERING NORTH AMERICA LLC
1L9670,LAS CASITAS
1L9671,LIVE MORE
1L9672,Luling
1L9674,R.U.Trailer
1L9675,DRR
1L9676,LEGENDARY TRAILERS
1L9677,LEGION
1L9678,Park Made/RV Trailer
1L9679,HAYS
1L9680,L & R FABRICATION
1L9681,Lightship
1L9682,LJ INC
1L9683,Lawson Cryogenic
1L9685,Lost Road Campers
1L9686,Lawrence Trailers
1L9689,LONE STAR MFG
1L9690,Luminys
1L9692,Limitless Trailers
1L9695,Bronco Cart
1L9696,Load'em Up Trailers
1L9697,Love for You Trailers
1L9698,"The Little Trailer Co, Inc."
1L9699,LC Trailer
1L9700,G2 Trailers
1L9701,Lyford Overland
1L9703,LJJ Trailers
1L9707,Leary
1L9708,Low Tide
1L9711,Lakeside
1L9713,Lift Max Pros
1L9999,LC3
1L9Y85,LCH Holding Corporation
1LF,London Aire
1LG,Long Trailer Company
1LH,Landoll Corporation
1LJ,Lincoln
1LN,Lincoln
1LP,The Advance Metalworking Co
1LU,"Determan Welding & Tank Service, Inc."
1LX,"Fleetwing Travelers, Inc."
1M1,Mack
1M2,Mack
1M3,Mack
1M5,Magic Tilt Trailers
1M6,Metzger Machine & Engineering
1M7,Marauder Travelers Incorporated
1M8,Motor Coach Industries
1M9001,Merit Tank
1M9003,Montone Trailer Company
1M9004,M.J. Taylor Mfg. Co.
1M9005,MURPHY'S WELDING SERVICE
1M9007,Mott's Custom Trailers
1M9008,Modec
1M9009,"Moore Equipment, Inc."
1M9019,Marathon
1M9020,M & L Racing Enterprises
1M9022,Medical Coaches
1M9023,Macklin Welding
1M9028,"MOUNTAIN LION OUTDOOR, INC"
1M9031,Merhow Industries
1M9037,Minicars
1M9041,Interstate Manufacturing
1M9064,M&R Manufacturing
1M9069,Metal Fab
1M9080,MARS PERFORMANCE MANUFACTURING
1M9081,MIANO'S WELDING
1M9082,Motorized Manufacturing Inc
1M9086,"Miles Transport Services, Inc."
1M9089,Mauck Special Vehicles
1M9090,Mid-States International Motocross Inc.
1M9092,"MOOG USA, INC."
1M9093,Mike's Trailers
1M9096,"MAC Trailer Manufacturing, Inc."
1M9097,METS WELDING
1M9099,MAY MANUFACTURING & DIST CORP
1M9100,Mike Green Hydros Inc
1M9104,Maxey Companies
1M9119,MCCORD MANUFACTURING INC
1M9144,MOORE MARINE MARKETING INC
1M9147,MSR Technologies
1M9148,Morris Trailers
1M9159,Metal Works
1M9163,Morse Manufacturing Inc
1M9165,MOBILE MEDICAL INNOVATIONS
1M9167,"MID-ATLANTIC LEASING, CORP."
1M9176,MACKS METAL FAB
1M9179,Big Mac
1M9181,Maynard & Company
1M9188,Motor Truck and Trailer Co
1M9191,Marquez Mfg Ltd
1M9193,Miller
1M9195,Mertz
1M9196,Kar-Karriage
1M9200,Mini Big Trucks
1M9201,Morgan Industries Inc
1M9203,Hydrolift
1M9206,Martin Machine Inc
1M9209,Maxi-Cube
1M9210,Tag-Along
1M9211,Mertz Manufacturing
1M9211,Mertz
1M9216,"Multiple Interests, Inc."
1M9217,Mac-Lander Incorporated
1M9219,Otterbacher
1M9227,MGS Grand Sport (Mardikian)
1M9231,Marley Continental Homes Inc
1M9234,"Martinez & Turek, Inc."
1M9237,Moex
1M9240,Mobile Products Inc
1M9245,Williams
1M9246,M & M Fabricators
1M9247,Mister Trailer Co
1M9248,Medic
1M9255,"Manorette RV, Inc."
1M9258,E.F. Marsh Engineering Company
1M9263,Mr. Air Sweepers
1M9270,"MID-AMERICA TRUCK EQUIPMENT, INC"
1M9273,Multitek
1M9275,"Min-Ark, Inc."
1M9282,"Massie Mfg., Inc."
1M9284,
1M9292,Marlin Trailers
1M9294,Monarch Trailers Co
1M9300,Maxim Inc.
1M9304,Four Horseman Motorcycle Co LLC
1M9305,Midwest Welding Co.
1M9306,Mac's Custom Trailers
1M9307,"MAGNACYCLE CO., INC"
1M9308,Mid-Nebraska Truck & Trailer Sales Inc.
1M9309,"McClain Trailers, Inc"
1M9309,E-Z Pack
1M9309,EPCO
1M9310,Molt-N-Metal
1M9316,Marvel Trailer Manufacturing
1M9322,MiniKamp
1M9327,"Maibo, Inc."
1M9334,Mobile Motorhead Inc
1M9336,Mackey Trailers
1M9341,Medford Steel
1M9343,IMCO
1M9348,Motion Trailers
1M9349,"M-B Companies, Inc. of Wisconsin"
1M9355,Mississippi Tank Company
1M9356,Mobile International
1M9359,MiniMixx
1M9361,Mark Williams Welding
1M9364,Mobile Tech
1M9371,Marathon Equipment Company
1M9374,Magnum Fire and Safety Systems
1M9375,"Metro Trailer Manufacturing, Inc"
1M9376,MAC Stripers Inc.
1M9378,MARSHALL WELDING INC
1M9380,MICHAEL MANUFACTURING AND REPAIR
1M9381,M Manufacturing
1M9382,"MARSH INDUSTRIAL SERVICES, INC"
1M9384,"MELISSA MANUFACTURING, INC."
1M9385,Midwest Tack & Trailer Brokers
1M9387,Moore Enterpreses
1M9390,MANUFACTURERS RESOURCES INTERNATIONAL
1M9391,Monroe Manufacturing
1M9395,"MI Joy Manufacturing, Inc."
1M9398,Marci's Diesel Service Inc
1M9401,Proc
1M9403,Morris Trailers
1M9404,M & M MANUFACTURING
1M9406,Mark Body Truck & Equipment Incorporated
1M9411,Moen Custom Trailers
1M9412,MagneTek Century Electric
1M9416,MIKE'S CUSTOM CARS
1M9418,M & M Trailer Mfg
1M9427,M & T RESEARCH AND DEVELOPMENT
1M9428,Moon Docker Trailers
1M9435,"MAGNOLIA TRAILERS, INC."
1M9436,MARTIN ENTERPRISES
1M9437,"MINNESOTA VALLEY ENGINEERING, INC"
1M9444,Monarch Trailer
1M9447,MATTOX
1M9449,Mikey's Custom Trailers
1M9450,Magnum Trailer Manufacturing
1M9452,MCDONALD TRAILER SALES
1M9455,Mobile Mini
1M9457,Morbark
1M9458,Mity Mite Mfg
1M9461,Mulligan Manufacturing
1M9463,"MID-SOUTH TRAILERS, INC."
1M9464,McNeilus
1M9465,Meeks Engineering
1M9469,MAINE HITCH & TRAILER SALES
1M9473,McALLISTER
1M9474,Meeks Truck & Trailer
1M9476,Mid-South Management
1M9477,MT TRAILERS
1M9481,"MARTINEZ WELDING, INC."
1M9482,Mann Made Products Inc
1M9483,Mountain Ridge Trailers
1M9493,Manitowoc Cranes Group
1M9495,Manning Marine
1M9500,Minneapolis Custom Cycle
1M9502,McCormick Machine
1M9504,Morgan Machine
1M9507,McCann's Customs
1M9509,MARINE TRANSPORTATION EQUIPMENT CO. INC
1M9511,"Motorsports Transporters, L.L.C."
1M9512,MTS Manufacturing
1M9513,M P D Trailer Manufacturing
1M9516,Marksman Manufacturer
1M9517,Martin RV
1M9518,Michael Seltzer Welding
1M9524,Mach 1 Trailers
1M9525,Maxey Trailers
1M9527,JCH Solutions Inc./Mace Welding & Fabrication Inc.
1M9529,Marquardt Trailer & Manufacturing Inc
1M9532,"Mainline, Inc"
1M9537,Miller Trailer and Manufacturing Company
1M9538,"Mighty Mite Industries, Inc"
1M9542,"Marshall Austin Productions, Inc."
1M9543,"Mobile Systems, LLC"
1M9545,"Mobile Technical Systems, Inc"
1M9546,Millennium Manufacturing
1M9548,Millennium Motorcycle Corporation
1M9551,Mountain Trailer Co.
1M9552,"Matty's  Marine & Motorsports, Inc"
1M9553,"Mobile Trailers, Inc"
1M9556,Mid Continent Truck Sales Inc.
1M9559,"Motorsport Trailers, Inc"
1M9560,"Metro Tank & Steel, Inc"
1M9564,Mid Valley Industries Inc
1M9565,"Martinez & Turek, Inc."
1M9566,MP Trailer & Truck Bodies Inc
1M9567,"Montone Trailers, LLC"
1M9568,Mustang Trailers
1M9570,Traffic Advisor
1M9570,Solar Guide
1M9571,"M & W Fabricating, Inc."
1M9572,Midwest Municipal Supply Inc.
1M9573,Minuteman
1M9574,Michiana Cargo Inc
1M9575,"MB Machine, Welding & Fabrication Inc."
1M9576,"MAK Leasing, Inc."
1M9577,Morocco Welding Company
1M9578,"Mobile Conversions, Inc"
1M9579,MCM Company
1M9580,MOD RODS
1M9582,"Mobridge Manufacturing, Inc"
1M9587,MTP Trailers
1M9593,Martin Equipment
1M9595,McClain Trailer Co.
1M9596,MIDWEST MOBILE TECHNOLOGIES
1M9597,"MPH Industries, Inc."
1M9598,Morse Trailer
1M9599,"McLaughlin Refuse Equip., Inc."
1M9600,M & L Industries
1M9602,"M-B-W, Inc."
1M9604,"Miller Manufacturing, LLC"
1M9605,"Mountain States Trailer & Equipment Sales, Inc."
1M9606,Matrix Motor Company
1M9607,M&H Trailers Inc.
1M9609,"Mill Works, Inc."
1M9610,Sumo Trailers USA
1M9610,SAW Manufacturing
1M9610,MGM Trailers
1M9611,Maine Portage
1M9612,MSE Welding and Fabrication
1M9613,Merch Motorcycle Co.
1M9614,Marty's Trailer Depot
1M9615,Mayes Welding
1M9618,MAC Inc.
1M9620,Mansfield Fabricated Products
1M9621,"Magnolia Cargo,Inc"
1M9623,Maintenance & Fabrication Services
1M9625,M.D. PRODUCTS INC
1M9626,Mac's Inc.
1M9627,Machineco LLC
1M9628,MountainWest
1M9629,Martin's Steel Inc.
1M9630,Mastercarry Trailer Manufacturing
1M9631,"Millertime Mfg., LLC"
1M9632,Miller RV MFG.
1M9634,Martin Marietta
1M9641,Midland Equipment Company
1M9642,Advance Mechanical Service
1M9643,Mokai Manufacturing Inc
1M9644,Mountaineer Welding & Trailer Repair
1M9646,"MMDI, Inc. dba Metro Metal & Design, Inc. & Metro Dominator"
1M9648,MADMAN Mfg.
1M9650,Me-Two Manufacturing LLC
1M9651,"MKR Fabricators, Inc"
1M9652,"Masterpiece Trailers, LLC"
1M9654,"MONETTA Farrier Specialties, Inc."
1M9655,MC TOURING PRODUCTS
1M9657,"MOUSER STEEL SUPPLY, INC."
1M9658,Meske Welding
1M9667,Motorcycle Machine Shop Services
1M9676,Macomb County Cycle Works
1M9678,"MICROFORM PRECISION, LLC"
1M9680,Mckinley Enterprises dba Longhorn Trailers
1M9681,Motorcity Mean Machines
1M9682,Mosler
1M9684,Mike's Custom Works
1M9685,Mike's Welding & Trailer
1M9687,Matrix Manufacturing Company
1M9688,Mensch Manufacturing Marine Division Inc
1M9690,R&D Trailer Service dba Merlot Tarpaulin & Sidekit Mfg. Co. Inc.
1M9691,MC Trailers LLC
1M9692,Master Solutions
1M9699,Magnum Performance Motorcycles LLC
1M9700,MCGEE TRAILERS
1M9701,Mind's Eye Fabrication Inc
1M9703,Marshall Trailer Sales & Repairs
1M9704,MYERS MOTORS
1M9706,MACH ONE TRAILERS
1M9708,"MOBILE RESTROOM RENTALS, INC"
1M9710,Mitch Bergeron Customs Inc
1M9712,"MADAMI INTERNATIONAL, LLC"
1M9715,Millennium Transit Services
1M9716,MAN & MATERIAL LIFT ENGINEERING
1M9717,Mystical Custom Cycles
1M9718,Miami Choppers
1M9721,Mt Customs Motorcycles and Choppers LLC
1M9724,M & M TRAILERS & WELDING
1M9725,MIROX
1M9728,Motofino USA
1M9729,Metry
1M9731,Mark Taylor Enterprises
1M9732,Montana Dreams
1M9733,M & M Trailer & Supply
1M9735,MADEWELL PRODUCTS CORPORATION
1M9736,Mcadus US Product Development
1M9737,MIDWEST CHOPPERS OF IOWA
1M9739,MVP Technologies
1M9742,Master Fabricating & Welding
1M9743,MJL
1M9745,Mark Rite Lines Company Inc. dba MRL Equipment Company
1M9746,Midwest General Repair & Fabrication
1M9747,"Metal Systems, Inc. dba Gator Trailers"
1M9748,Mantis Choppers
1M9750,Malachi Motorcycles
1M9751,Moped World
1M9752,Magnum Choppers
1M9753,"MAD FABRICATION, LLC"
1M9756,Milford Welding & Manufacturing
1M9759,Mobilight
1M9759,MOBI
1M9762,Merchant's Trailers and Grills
1M9763,Midwest Custom Cycles
1M9764,Michael D's Custom Cycles
1M9766,Monitor Systems
1M9767,Montrose
1M9768,Mad Products
1M9769,Metal-Link
1M9770,Maxweld Boats
1M9771,Weber Trailer By Mrres Industries
1M9772,Morton-Davis
1M9774,MMLJ
1M9776,Mclendon Trailers
1M9778,Mod Car
1M9780,MT. Eaton Trailers
1M9781,M.D. Cowan
1M9782,Martino Motor Company
1M9784,Mann's Welding and Fabricationg
1M9788,Pipeline Manufacturing
1M9791,Mustang Horse Trailers
1M9793,MotoCzysz
1M9794,Monsoon Marine
1M9795,"Millons Farm Center, Inc."
1M9796,M&M Industrial Maintenance
1M9798,M.S. Metal Works
1M9799,MAMMOTH TRAILERS
1M9801,Multi-Fab
1M9804,Mt. Pleasant Trailers
1M9805,Mak Daddy Builders
1M9806,McMiller's Chop Shop
1M9808,Monster Tanks
1M9809,Mobile Drilling Co.
1M9810,Mountaintop Custom Kennels
1M9813,Morgan Trailers
1M9814,Mission Utility Trailers
1M9815,Menard Manufacturing Company
1M9816,Mobile Energy Solutions
1M9816,Proterra
1M9817,MYCO Trailers
1M9818,Mid South Distribution Services
1M9819,Maxpro Trailers
1M9820,Move-It-All
1M9821,Mighty Lite Aluminum Products
1M9822,Marathon Metalworks
1M9828,Monster Tanks
1M9829,MWE of Ohio
1M9830,Martin and Martin Bros. Bikes
1M9831,Mariout Motorworks
1M9832,Mirsberger Manufacturing
1M9833,Modisette Welding & Supply
1M9834,Markland Trailers
1M9835,Mid-Atlantic Transport
1M9836,"Malach USA, LLP"
1M9838,Murray's Tag & Title Services
1M9839,Mechtronic Solutions
1M9842,Making You Mobile
1M9843,Mechanical Mayhem
1M9846,M W Bourne Company
1M9848,MRT Manufacturing
1M9850,Mobile Technologies Group
1M9851,Mobile Barriers
1M9852,Thoroughbred Motorsports INC
1M9853,Mission Motor Company
1M9854,Marrel Corporation
1M9856,Misfit Marketing Services
1M9859,Mobile Tech Trailers
1M9860,Matrix
1M9861,Martex Global Enterprise
1M9862,Motion Trailers
1M9866,Mid-State Tank Company
1M9867,Matott's Welding
1M9870,M & W Shops
1M9872,Mutter's Cycle Supply
1M9873,Mud Technology International
1M9874,Matrix Manufacturing
1M9875,Club Car
1M9875,Yamaha
1M9875,EZ GO
1M9875,MESLA
1M9878,Mattman Global Specialty Vehicles
1M9880,Metal Craft Manufacturing
1M9883,Mobile Specialties
1M9886,MVL Enterprises
1M9887,Mason Dynamics
1M9888,Mill Street Customs
1M9890,MWE Monaco MFG
1M9893,Milford Pipe & Supply
1M9895,Mulligan Manufacturing
1M9896,Marceaux Cycle Works
1M9897,Bad Boys Choppers
1M9899,MtlWrx
1M9900,Minimover
1M9900,DoubleEagleUSA
1M9902,McCartney Trailers
1M9903,Minitears Company
1M9906,Majona Steel Corporation
1M9907,"Maine Wood Heat Company, Inc"
1M9909,Mobile Medical International Corporation Trailer
1M9911,Mountain Equipment of New Mexico
1M9912,Packrat Trailers
1M9913,Metal Mansions
1M9918,Misanthropy Cycles
1M9919,Meyers Trailers
1M9921,MB Equipment Services
1M9924,Moby1 Expedition Trailers
1M9926,Maynard Fab & Trailer Sales
1M9927,Mountain West Industries
1M9929,Mastiff Trailers
1M9931,Mid America Designs
1M9932,Multiphibious
1M9933,
1M9940,Muddy River MFG
1M9942,Vistabule
1M9942,DayTripper
1M9943,Mohawk Valley Welding & Stainless Steel
1M9943,Concession
1M9947,M&R Speciality Trailers and Trucks
1M9948,Roygatti
1M9949,Roygatti
1M9951,Maktec Manufacturing
1M9954,Patriot
1M9957,Wildlife
1M9961,MWI PUMP
1M9965,M Chein Equipment and Logistics
1M9966,MCD Manufacturing & Repair
1M9967,"M-B COMPANIES, INC."
1M9970,Mills Manufacturing
1M9971,Mad Dawg
1M9972,Mad Dawg
1M9974,Metalcraft Tool & Die
1M9981,M&C Trailer Sales
1M9982,MB & G Oilfield Fabrication
1M9983,Moonlight Choppers
1M9984,McNew Fabrication Inc.
1M9987,Midsouth LSVs
1M9988,Minnesota Manufacturing
1M9989,Monster Manufacturing
1M9990,Military Spec. Manufacturing
1M9991,MADVENTURE CAMPING
1M9992,Mudslide Chopps
1M9994,Morocco Electric Inc.
1M9995,MAG
1M9999,Mark Wiener Welding
1M9AAA,Modular Structures International Inc
1M9MCC,"Mobile Command Center, Inc."
1MB,Mercedes-Benz
1MD,ShoreLand'r
1ME,Mercury
1MH,Mercury
1ML,Miller Trailers Incorporated
1MM,Moody
1MR,Lincoln
1MT,Merritt
1MW,MRV
1N4,Nissan
1N4,Infiniti
1N6,Nissan
1N6,Infiniti
1N7,Kountry Lite
1N8,Kountry Lite
1N9011,Newell
1N9012,Nelson Manufacturing Company
1N9013,Neoplan
1N9021,Starlight
1N9025,Nordskog Marketeer
1N9034,North American Mfg.
1N9041,Nu Tech Trailer Co.
1N9043,"Nth, Inc."
1N9049,"Nicks Automotive, Inc."
1N9050,Northwest Enterprises Inc
1N9054,Northwest Trailer Sales & Service
1N9056,Transmark
1N9056,Escort
1N9057,National Office World Inc.
1N9059,Material Transfer
1N9060,Northcutt
1N9062,The Nolan Company
1N9063,"National Steelworks, Inc."
1N9064,Northern Bay Manufacturing
1N9066,"Northstar Mfg., Inc. of Aitkin, MN."
1N9075,"NORTH VALLEY INDUSTRIES, INC"
1N9078,NORTH RIVER JET BOATS
1N9079,CHAPARRAL TRAILERS OF IOWA
1N9081,NEW TECH MACHINERY CORP
1N9084,ElDorado National
1N9085,NORTH STAR MFG
1N9086,"NATIONAL GROUP OF COMPANIES, INC"
1N9089,"Nickels Boat Works, Inc."
1N9096,Nitco Drilling Products Division
1N9100,NEW PROGRESS INCORPORATED
1N9103,Now Systems
1N9107,NEW HORIZONS
1N9109,NEWCO INC
1N9111,Namron Trailers
1N9113,Newsom Industries
1N9114,North Bay Truckworks
1N9115,"North American Transit, Inc."
1N9116,"Neal Manufacturing Company, Inc."
1N9118,Northern Trailer
1N9128,Nuttall Manufacturing and Equipment Company
1N9133,"New Commander Trailers, Inc."
1N9140,Blue Bird
1N9140,Optima
1N9140,NABI
1N9143,Neumann's Automotive
1N9145,Neel's Utility Trailer Mfg
1N9147,NOTO CUSTOM WELDING
1N9150,NORTH SOUTH AUTO CONNECTION
1N9151,N-Line Trailers
1N9152,NORTH SHORE MANUFACTURING COMPANY INC
1N9160,Nordic
1N9163,Nuko Industries
1N9165,Nu-Wave Mfg Inc
1N9167,Aluminum Trailer Co.
1N9173,New Market Metal Craft
1N9174,K-N-D Trailers
1N9175,NEVILLE WELDING INC.
1N9176,North South Connection Auto Sales Ltd
1N9178,"National Metal Products, Division of Saf T Cart, Inc."
1N9179,Nasatka Barrier
1N9180,NORTH - EAST STEEL FABRICATION
1N9181,"New Mark Manufacturing, Inc."
1N9184,Norfleet mfg. co.
1N9186,N.I. Wilson Mfg Co Inc
1N9191,Nobles Inc
1N9192,New Covenant Mfg.
1N9198,Northern Repair & Welding
1N9200,"Nova Cruz Products, LLC"
1N9201,Nudawn Metal Fabrication Inc.
1N9202,"Northeast Fabricators, LLC"
1N9203,Nelson Welding
1N9204,"Neoteric Hovercraft, Inc."
1N9206,"Custom Welding, Inc."
1N9207,"NAS Manufacturing, Inc."
1N9208,"Northern United, Inc."
1N9209,NEW YORK CITY CUSTOM MOTORCYCLES INC. dba NYC CHOPPERS
1N9213,NEA
1N9214,"New York Motor Company of L.I., Inc."
1N9215,Nevada Utility Trailor
1N9219,"Nedland Industries, Inc."
1N9220,Novak Custom Motorcycle
1N9222,Nuttall Trailers LLC
1N9223,Hi-Tech Marine
1N9226,NIX Evil Twins
1N9229,Neira Industries Inc.
1N9231,NILSON MANUFACTURING
1N9236,Northwest Enterprises Inc
1N9239,Ness Motorcycles
1N9240,"NEW CUSTOM TRAILERS, LLC"
1N9241,NEW ENGLAND CHOPPERS
1N9242,North American Motorcycles
1N9243,North Jersey Cycle
1N9244,NY Motorcycles
1N9248,"NORTHWEST MANUFACTURING, INC."
1N9250,NEWKIRK FABRICATION
1N9251,"NORTH AMERICAN INDUSTRIES, LTD"
1N9253,NEW HEIGHTS LLC
1N9253,Equipter
1N9254,"Newman Industries, INC"
1N9257,"NEWPORT FABRICATING, LLC"
1N9259,Nomad Custom Cycles
1N9260,Northeast Custom Cycles LLC
1N9261,North Shore Motorcycle
1N9263,Neckover Trailers
1N9264,Nash Motocycles
1N9265,Nakutis Custom Choppers
1N9266,North Country Trailers
1N9267,Nealco Equipment
1N9268,"NEXGEN FRAMING SYSTEM, LLC"
1N9269,NRG Trailers
1N9271,"NEWFAB, INC."
1N9272,National Signal
1N9273,North American Traveler LLC
1N9274,Norris Truck & Trailer
1N9275,Double R Trailers MFG
1N9279,North Coast Truck Body  LLC
1N9282,Nelson
1N9283,Nationwide Trailer and Equipment Sales
1N9284,National Golf Cars
1N9285,Nor-Tech Fabrication LLC
1N9286,NORTHWOODS TRAILERS LLC
1N9287,Nash Car Trailer
1N9288,Northland Machine Inc
1N9290,National Vacuum Equipment
1N9291,"Newhouse Mfg. Co., Inc."
1N9292,Nogas LLC
1N9295,NJD Automotive LLC
1N9297,Nornberg Trailer
1N9298,Nexgen Innovations LLC
1N9299,Northwest Custom aluminum Trailers
1N9300,National Electric Vehicles
1N9301,Neo Classic Manufacturing
1N9305,NEW MEXICO STEEL FABRICATORS INC.
1N9306,Noma Fabrication
1N9307,National Customized Trailers
1N9309,National Oilwell Varco
1N9310,Kaase Trailers
1N9311,NRG
1N9311,Dynafab
1N9314,Ninth Circle Customs
1N9315,Axiom RV
1N9316,"Kenlee Trailers, Mfg. by Nacogdoches Iron Works, Inc."
1N9317,Norwalk Trailers
1N9318,"NILFISK ADVANCE, INC."
1N9322,NOMAD GCS
1N9323,NJF MANUFACTURING LLC
1N9324,National Pump & Compressor
1N9326,"NICHOLSON MANUFACTURING, INC."
1N9328,Fabrication Technologies
1N9329,NLB CORP.
1N9331,Northwest Aluminum Trailers
1N9334,NEW AUTOS INC.
1N9335,NEW AUTOS INC.
1N9336,NEW AUTOS INC.
1N9338,Diversified
1N9339,Niagara
1N9343,Neighbors Garage
1N9344,NEW WAVE TEARDROP
1N9345,North American Tank
1N9346,Streetster Golf Cars
1N9347,Nest Caravans
1N9348,Next Door Inc
1N9354,Bull Dawg Trailer
1N9354,Jobsite Trailer
1N9359,Nilfisk Pressure-Pro LLC
1N9360,Norwood Sales
1N9361,Nashua
1N9362,Food Buggy
1N9362,BIZ BUGGY
1N9364,"National Trailer, Inc."
1N9367,NAPPI
1N9368,Nu-Gen Products
1N9369,National Trailer Assembly
1N9371,NEW BUCK CORPORATION
1N9372,NEROWALKER BOATS
1N9375,"NORMco Energy Products, LLC"
1N9377,"Northshore Truck & Equipment Co., Inc."
1N9378,NU
1N9382,NTC
1N9383,Nuthouse Industries
1N9384,NAVYA INC.
1N9385,Nuro Inc.
1N9386,New Millennium Builders/Curbside Concessions
1N9390,Kingstar
1N9391,NATIONCRAFT
1N9392,"Nelson Industries, Inc."
1N9393,NIKOLA 
1N9394,SPACE
1N9395,NIMBUS
1N9398,NEW EDGE
1N9400,K-KustomZ
1N9402,Newsmith Trailers
1N9403,Nolan
1N9404,NEW GENERATION 
1N9405,Newark Food Trucks
1N9406,Nomad Off Road
1N9407,New Braunfels Trailer Company
1N9409,National Custom Trailers Inc.
1N9411,New Wave
1N9412,NOLA 
1N9414,NORTH STAR LOGISTICS
1N9416,NEW VISION
1N9417,NEW RIVER TRAILER
1N9420,Nevco Trailers
1N9421,NWEI Tiny Homes
1N9423,ANTE
1N9423,Citroen
1N9424,Nordic Lodge Inc.
1N9425,"NATIONAL TANK & EQUIPMENT, LLC"
1N9426,New Creation Tiny Homes LLC
1N9429,NATIONAL MACHINERY & FABRICATION
1N9430,NOAH'S
1N9431,NACOGDOCHES IRON WORKS INC
1N9435,NewTrail Industries
1N9436,National Welding
1N9438,NEXT LEVEL
1N9440,NOVIELLI
1N9441,Nature’s Generator
1N9442,NORDEN
1N9443,Norcoast
1N9445,NEXT LEVEL FABRICATION
1N9446,NEVO
1N9447,NOVAMAXA
1N9449,No Sweat
1N9450,Northwest Towers
1N9451,NC
1N9452,"New River Manufacturing, Inc."
1N9453,Zack Shack
1N9456,NV
1N9457,New England Low Speed Vehicle
1N9458,Nichols
1N9460,NORIAS AGGREGATE SUPPLY LLC
1N9462,NexGen
1N9463,Nomad Custom Sauna
1N9464,Neo Camper
1N9465,Nexus
1N9468,Nova Custom Trailers
1N9471,NorthUp Saunas
1N9GPM,New Generation Park Model Inc
1N9NPM,North park Manufacturing
1N9NRH,"NEW RIVER HOMES, LLC"
1NB,HOG HAULER INC
1NE,Kountry Aire
1NF,Newmar Corporation
1NF,Kountry Aire
1NK,Kenworth
1NL,"Gulf Stream Coach, Inc."
1NN,Monon
1NP,Peterbilt
1NS,Sportsman Trailers
1NT,"Nabors Trailers, Inc."
1NW,"NU WA Industries, Inc."
1NX,Toyota
1OY,BERTOLINI
1P3,Plymouth
1P4,Plymouth
1P5,Plymouth
1P6,Plymouth
1P7,Plymouth
1P9002,Pierce Manufacturing Company
1P9003,Palmer Bodies
1P9009,Performance Trailers
1P9010,"Pilgrim Manufacturing Co., Inc."
1P9038,Trihawk
1P9044,Performance Trailers
1P9045,Piona's Machine & Fab
1P9048,Pauli
1P9059,"P & T Palmer, Inc"
1P9061,PDI Torax Systems
1P9064,Process Engineering Inc
1P9065,Daytona Coach Builders
1P9068,Pittsville Homes
1P9071,Petrofab Inc
1P9073,Pierce Manufacturing
1P9074,Phoenix Garage
1P9075,PMI
1P9079,Perry
1P9082,Presidential Arm
1P9084,Parkview Mansions
1P9086,Poly Cal Plastics
1P9090,PETERSON INDUSTRIES
1P9091,Plunkett
1P9092,Pak-Mor Mfg. Reserved
1P9096,Perry Ent
1P9098,Peerless Manufacturing Co
1P9099,Phoenix Coach Works
1P9103,PES Inc
1P9110,Pacesetter Boat
1P9113,Putnam Manufacturing
1P9114,Pumps Incorporated
1P9124,Donovan Spring & Equipment Co. Inc
1P9139,T.A. Pelsue Company
1P9142,"Pomona Sheet Metal Works, Inc."
1P9146,Power Equipment Co.
1P9149,Paul Manufacturing
1P9153,ProSportsman
1P9161,"Pine Hill Trailers, Inc."
1P9162,Palm Manufacturing and Sales
1P9172,"Phoenix Industries & Apparatus, Inc."
1P9174,P & P Manufacturing
1P9175,Pro-Tec
1P9178,Parker Industries
1P9184,"Phoenix Modular R.V., Inc."
1P9190,"Polar King International, Inc."
1P9195,Pendergraft Trailers
1P9196,Padgett Truck Bodies and Equipment
1P9206,Texas Roll-Back Trailers
1P9210,PERFORMANCE FABRICATING
1P9211,PACIFIC INDUSTRIAL SUPPLY
1P9212,PRECISION FABRICATING & CLEANING
1P9213,Panoz
1P9215,PAYNE'S TRAILER
1P9217,POTTER & SON TRAILER FABRICATING INC
1P9224,Premier
1P9227,Prolite Trailers
1P9228,"ParkWest Industries, Inc."
1P9239,Top Trailers
1P9243,P/TAC INDUSTRIES INC
1P9244,Pemco Equipment Co
1P9246,PLS TRAILER MANUFACTURING
1P9247,PETROSSI WELDING
1P9248,PRECISION WELDING
1P9249,PRECISION COACH INC.
1P9250,Paragon Enviromental System
1P9254,"PIONEER METAL WORKS, INC"
1P9260,Pioneer Fabricating Inc
1P9277,Pro-Tainer
1P9278,PULVER RACE FAB
1P9297,Progressive Trailers Inc.
1P9301,Precision Solar Controls
1P9317,Asphalt Zipper Inc
1P9318,PRODUCTION WELDING
1P9322,Paiute Trailers
1P9327,PROFILE TRAILERS
1P9330,Putzmeister
1P9332,"Panzer Motorcycle Works USA, Inc."
1P9333,Pine Ridge
1P9336,Pro-One
1P9338,Pegasus
1P9339,"PRYCO, INC."
1P9340,Premier Coachbuilders Inc
1P9343,Pratt Industries
1P9344,"Phoenix USA Impex, Inc."
1P9345,Precision Metal Works & Fabrication
1P9351,"PETERSON BUILT PRODUCTS, INC."
1P9353,Peak Fabrications
1P9355,"PREMIER TRAILER MANUFACTURING, INC."
1P9356,"POWER SLED MOTORCYCLES, INC."
1P9361,Peltzer Enterprises
1P9364,"Pleasant Valley Trailers, Inc."
1P9369,PAUL THUN'S CUSTOM WELDING
1P9370,PLAY PEN PRODUCTS
1P9376,Precision Husky Corporation
1P9393,Pro-Street Frameworks
1P9400,Precision-Bilt
1P9402,Pine Hill/Bauxlite
1P9402,Pine Hill
1P9405,PANELLA TRAILERS
1P9407,PROWELD
1P9409,Performance Trailers Inc
1P9411,PIKE EQUIPMENT & SUPPLY
1P9412,PAMLICO TRAILERS
1P9416,Polk's Farm & Fab
1P9417,Patriot Motorcycles
1P9418,"Phase ll Truck Body, lnc"
1P9420,Peltz Mfg Inc
1P9422,Petenwell Industries
1P9424,Power Manufacturing Inc
1P9427,Paramount Custom Cycles
1P9432,Protow Trailers
1P9433,Power & Chrome
1P9434,Panther Trailers
1P9435,PIKE EQUIPMENT & SUPPLY
1P9437,Precision Cycle Works
1P9441,Petty Built Mfg.
1P9442,Pacific Metal Enterprises
1P9443,"Phoenix Sports Cars, Inc."
1P9444,Paul's Trailer's & Manufacturing
1P9445,Posi-Plus
1P9446,Gilcrest Equipment Co.
1P9449,POLYCOAT SYSTEMS
1P9450,Pendu Mfg Inc
1P9452,NEW PECO INC.
1P9453,Blair Trailers
1P9456,"Playmaker RV, Inc."
1P9457,"Pilgrim International, Inc."
1P9458,"Paughco MC, LLC"
1P9459,Pro Welding & Fabricating
1P9460,Prime Trailer Products
1P9461,"Pilling's F.R.P., Inc."
1P9462,Paradise Trailers Mfg
1P9463,PITBULL MOTORSPORTS LTD
1P9466,Phoenix Motorcars
1P9468,Pacific Coast RV Inc
1P9469,Potomac RV
1P9470,Pacific Tek Trailers
1P9471,PLOT USA INC (ZERO ENGINEERING)
1P9472,Paul Yaffe Originals
1P9473,Pullright Trailer Inc
1P9476,Park N' Ride Trailers
1P9477,Palomino
1P9480,PLEASANT HILLS
1P9481,Phoenix Motorcars
1P9484,Pittsburgh Motorcycle Works
1P9487,Piedmont Service Trucks
1P9488,Project X Choppers
1P9489,Proline Products
1P9490,Premier Trailers
1P9491,Predator Motorcycle Company
1P9505,"Preferred Cycles, Inc."
1P9506,P & A Trailers
1P9507,"PACKER INDUSTRIES, INC."
1P9509,Progress Tank
1P9514,PETTY TRAILERS
1P9517,Pull-Wright
1P9518,PANTHER MOTORS INC
1P9521,Pitt's & Spitt's
1P9522,Proper Chopper
1P9523,POND KING
1P9526,PEREWITZ CUSTOMS
1P9528,PRO TILT
1P9529,Pro Lite Trailers Inc
1P9530,PROGRESSIVE DESIGNS
1P9531,Priest Motor Corp.
1P9534,PowerFab
1P9535,Phat Custom Cycles
1P9538,Precision Performance Motorcycles
1P9539,PREMIER NORTHWEST
1P9542,PT WELDING
1P9543,Pick A Spot
1P9545,Pleasant Valley Teardrop Trailers
1P9546,Precious Metal Customs Inc.
1P9549,PITBULL MOTORSPORTS LTD
1P9550,PMD Motorcycles
1P9552,PortAFrame
1P9554,Precision Equipment Manufacturing
1P9555,Powers Auto & Custom Bikes
1P9556,Pro Fab IND
1P9558,Pro Cycles & Accessories
1P9562,Power Play RV
1P9563,Prohauler
1P9566,Phantom Choppers
1P9569,Pure Hell
1P9570,Precision Custom Trailers
1P9572,Proform Trailers
1P9577,PB Choppers Inc
1P9579,POL-TECH MANUFACTORY
1P9581,Peoria Custom Cookers
1P9585,Power Factory
1P9587,Progressive Trailers
1P9588,Precision Motorcycle Concepts
1P9589,Porkys Chopper
1P9590,Patriot Energy Services
1P9591,Premier Pump and Power
1P9592,Pro-Formance Manufacturing
1P9593,Patriot Manufacturing
1P9594,Palm Harbor Homes
1P9597,Pro-Tech
1P9600,Pits by JJ
1P9601,Pro Fish Enterprises
1P9602,Power Up Mobile
1P9603,Protected Vehicles
1P9607,Psycles
1P9608,Phoenix Global
1P9609,Placer Fire Equipment
1P9610,Pullman Modular
1P9611,Probilt Body & Trailer
1P9612,PHOENIX MOTORCYCLE WORKS
1P9616,PRO X TRAILERS
1P9617,Premier Trailer
1P9618,Park City Chopper
1P9619,Predator Custom Trailers
1P9620,Personal Trailers
1P9622,Pioneer Pump
1P9624,Pacific Aloha
1P9626,PurdyBilt
1P9628,PBCLV Inc.
1P9629,Premier Fabricating INC
1P9630,Precision Custom Trailers LLC
1P9631,P & S Machine
1P9632,Professional Welding
1P9634,Pin Oak Service
1P9635,Phoenix Trailers INC.
1P9636,Palmetto Precision
1P9640,FTEC
1P9641,PST
1P9642,Precision Boatworks
1P9644,Parker Trailers
1P9645,PEMBERTON FABRICATORS
1P9646,Power Products
1P9649,Pratt & Whitney Power Systems
1P9650,Paddle King
1P9651,Prebola Products
1P9652,Priefert MFG
1P9653,Warrior Lifestyles
1P9654,AAS
1P9655,Primus Steel Solutions
1P9657,Palmer
1P9660,Centerfold
1P9661,Progress Solar Solutions
1P9662,Paul Jr. Designs
1P9663,Pelletier Manufacturing
1P9664,Prairie Creek MFG
1P9665,Peterson Trailers
1P9667,Parker Utility
1P9668,Perkins-T.P. Trailers
1P9670,Peck Manufacturing
1P9673,Premier Fabricators LLC
1P9674,PJ Woodwork LLC
1P9675,Purple Chopper
1P9676,Parker Brothers Choppers
1P9677,Progressive Products
1P9678,Performance Indian
1P9679,Park Liner
1P9681,Photo-Sonics
1P9682,Pearson and Pearson dba Chasony Concession
1P9683,Precise Metal Welding
1P9684,M & R Trailers
1P9685,Pacific Tank Energy
1P9687,"PDQ Metal Fab.,Inc."
1P9688,Perrin MFG
1P9689,Admiral Trailers
1P9691,ProService
1P9692,Pro Dog Creations
1P9695,Pik Rite
1P9696,"Peak Manufacturing, LLC"
1P9699,Piedmont Custom Trailers
1P9700,Janus
1P9704,Puck Custom Enterprises
1P9705,Precision Laser & Mfg LLC
1P9706,Petro2Go
1P9708,Pedal Crawler
1P9712,Penn Jersey Cycles
1P9714,Proaxis
1P9717,Pitbull Fabrication
1P9718,Port-A-Cool
1P9719,Palm Beach Golf Cars
1P9723,Platinum Cottages
1P9724,"P C Industries, LLC"
1P9725,Power Dynamics
1P9726,Paver Motorcycles
1P9727,Peak Industries
1P9731,PRO PULL
1P9733,Escape
1P9736,Peachland Design and Fabrication
1P9737,Basecamp
1P9738,Pine Cone Low Speed
1P9741,Phillips Diversified Manufacturing
1P9742,Petrobull
1P9743,Precision Trailer
1P9746,Peersouth
1P9747,Pinnacle Power Services Inc.
1P9749,"PRODUCTION TECHNOLOGIES, INC"
1P9749,Haul-It
1P9750,Teardrops NW
1P9751,Pete's Golf Carts
1P9754,Pacific Coachworks LLC
1P9755,PackUp Trailers
1P9756,Pecru Group
1P9759,Palmer's Welding & Fabrication
1P9762,PURGATORY TOWING INC.
1P9763,Shark Cart
1P9764,Pop's LSV's
1P9765,Solight
1P9766,Jamie Pruitt Trailers
1P9768,"Pleasant Valley Homes, Inc."
1P9772,Purple Line LLC
1P9776,"Pro West Mechanical, Inc"
1P9779,Pack Mule Camper
1P9782,Hive Trailers LLC
1P9784,PURDY ADVENTURE TEARDROP TRAILERS LLC
1P9787,Portaboards
1P9790,Peak Outdoors
1P9792,Premier Coil
1P9793,Patriot Steel Fabrication
1P9794,PAS
1P9795,PID TRANSIT
1P9796,PDQ Trailers
1P9797,Pitt Steel
1P9798,Precision
1P9800,PENROSE 
1P9802,Pacific Specialty
1P9803,Bestway Sales
1P9805,Probuilt
1P9807,Patriot Trailer Manufacturing
1P9808,"PD2, INC."
1P9809,Concession Corp.
1P9810,"Power Trip Rentals, LLC"
1P9812,PONTI-LOAD
1P9813,Prime Manufacturing
1P9816,"Pintail Duck Boats, LLC"
1P9817,Piggyback Smokers
1P9818,Pin Drop Travel Trailer
1P9822,E-Riva
1P9823,Patriot Products Group
1P9827,PJ's
1P9828,Polydrops Inc.
1P9829,"P&C Trailer & Repair, LLC"
1P9830,PRECISION FABRICATING
1P9832,Pro Sport Trailers
1P9833,Olympus
1P9835,Padgett Mobile Equipment
1P9836,PES
1P9837,Pathway Trailer
1P9839,Pacifica Tiny Homes
1P9841,Palm Beach Trailers
1P9842,Promise Land
1P9843,Phoenix Cruiser
1P9843,Phoenix TRX
1P9844,Pilot View Golf Carts
1P9845,Pop-Top
1P9847,Precision Fab
1P9848,Powell Safety Solutions
1P9849,POWER LINE CARGO LLC
1P9850,PN Motors LLC
1P9851,Palmer
1P9852,Payload
1P9854,Poe Const. & MFG
1P9855,"Polestar Trailers, Inc."
1P9857,Beast
1P9859,PAJCO TECHNOLOGIES 
1P9859,PAJCO Drop Axle Hunter
1P9861,"PCS PERFORMANCE, LLC"
1P9865,PLH
1P9866,Porter Overland LLC
1P9867,PROPEL 
1P9868,PAGE DISTRIBUTION
1P9873,BUZZ BODIES
1P9874,PRO STANDS
1P9879,Pecan Trail RV LLC
1P9880,MESA
1P9881,PREMIER CRYOGENIC SERVICES
1P9882,Pebble Teardrops LLC
1P9883,PMI INC.
1P9884,PIKE OVERLAND LLC
1P9885,PWRW
1P9887,Patriot Trailer
1P9889,Pratt Industries
1P9890,Performance Assembly Solutions
1P9891,Crossroads Quality Distribution 
1P9892,Prairie Fire
1P9893,"PETERSON MANUFACTURING, LLC / Easley"
1P9896,PORTABLE CEDAR CABINS
1P9897,"PASQ, LLC"
1P9898,PATRIOT BOAT TRAILERS
1P9900,POLAR FOX
1P9901,PANTHER MOTORS INC
1P9902,Pee Dee Trailers
1P9903,PILOT
1P9907,Parker County Trailer Co.
1P9908,PREMIER TRAILER SOLUTIONS LLC
1P9910,PORTABLE CAR HOIST
1P9911,PRIME B.H.
1P9914,Propell
1P9915,PGT TRAILERS
1P9917,PLUMETTAZ AMERICA CORP
1P9918,"POSI-PLUS MFG., LLC"
1P9919,Proud Trailers
1P9922,PROPPED UP MOTORS
1P9925,PSC
1P9926,ASPEN
1P9926,ADU 100
1P9926,ADU 200
1P9927,PRECISION CUSTOM SERVICES LLC
1P9928,Patos Trailers
1P9929,Plainscraft
1P9930,Pilotcar
1P9931,PROWORKS LLC
1P9933,Papan
1P9934,PG Trailers
1P9935,PortaCams
1P9937,Phoenix Motorcars
1P9938,PRO-FAB TRAILERS
1P9939,POWER TRAILERS
1P9940,POURTER
1P9941,MK Sportscars
1P9943,PREMIA GROUP(Enduratrailer)
1P9945,Patriot Specialty RV
1P9947,PARKER
1P9949,Panther Cargo
1P9951,Prime Trailers LLC
1P9954,Pacific Innovations Trailers
1P9958,Power House
1P9961,Pro R66 USA Food Trailers
1P9962,Powerbase Solar
1P9964,PARAGON TRAILER LLC
1P9969,Plum
1P9970,Polar Texas
1P9973,Pivot Power Inc.
1P9976,PENN CENTRAL WELDING LLC
1P9977,Palos Custom Welding
1P9978,PowerHaul Trailers
1P9PEP,Parklane Enterprises Inc
1P9PMM,Park Models Manufacturing Inc
1PA,"Vanguard Industries of Michigan, Inc."
1PH,Load Rite
1PL,Peerless
1PM,Polar Tank Trailer
1PN,PINES
1PT,Trailmobile
1R0,Rolco Trailers
1R1,Fontaine Trailer
1R9014,RED RIVER M TRAILER SALES
1R9033,J & R
1R9044,Radley Custom Trailers
1R9045,Rezner
1R9046,Ring-O-Matic Manufacturing Co.
1R9047,R & J Trading
1R9051,Red River
1R9052,Ramika
1R9055,Rock Rapids Repair
1R9056,Russell H Sonnenberg
1R9059,OutAbout
1R9061,"Rexworks, Inc."
1R9068,Ringtown
1R9069,Ridge Runner Trailers
1R9074,Replica Mini Trailer
1R9082,ROSEWOOD
1R9083,Race Tech
1R9085,R & R
1R9086,RICE
1R9091,"R.V. Mini Mart, Inc."
1R9108,"REINKE MANUFACTURING COMPANY, INC"
1R9112,Reilly Incorporated
1R9119,Rebel Custom Trailers
1R9124,Rebel Manufacturing Inc.
1R9131,Idaho Stove and Fabricating
1R9135,"Load Redi, Inc."
1R9136,Roose Manufacturing Co.
1R9137,Reube's Welding
1R9138,R.H. Manufacturing
1R9139,RAB Trailer Manufacturers
1R9140,Kwik Trench
1R9144,"Road Ready Trailers, Inc."
1R9145,R.G. HOOD WELDING SERVICE
1R9147,Rainbow Industries
1R9149,"Rochelle Steel Fabricating, Inc."
1R9152,R. M. Welding
1R9156,Ray Gaskin Service
1R9158,"ROHR MFG. GROUP, INC."
1R9165,Randi and Assoc. Corp. dba Trans Spec
1R9168,R-Way Corporation
1R9177,Rose Welding & Trailers
1R9185,Renco
1R9191,"QUALITY BUILDING SYSTEMS, L.L.C."
1R9195,Reinco Inc
1R9198,R & B Aluminum Fabricators
1R9199,Hitches 'N' Welding
1R9202,RAMP AGE TRAILER CO.
1R9210,RAYCO
1R9214,RMC
1R9216,RE-TECH
1R9222,Lerch RV
1R9223,Rance Aluminum Fabrication Inc
1R9227,RIVER VALLEY SALES
1R9229,Roamer Corporation
1R9230,R.J. Cox Co.
1R9233,Starboard
1R9235,Coastline Trailers
1R9238,"Rexhall Industries, Inc."
1R9241,R.M. Warren Manufacturing
1R9243,Rhino Corporation
1R9244,Robison Manufacturing Trailer Sales
1R9246,"Road Boss Trailers, Inc."
1R9248,ROADWORKS MANUFACTURING INC
1R9249,Rob's Inc.
1R9252,"Ronco Trailer, Inc"
1R9266,R & R CUSTOM TRAILERS & PARTS INC
1R9268,Rogue Truck Body
1R9286,Rocking Chair Manufacturing
1R9287,Retzer Custom Design Trailers
1R9295,Rollingstar Manufacturing
1R9296,Robinson Metal Inc. dba Robinson Custom Enclosures
1R9298,"Roadmaster Motor Cycles, Inc"
1R9299,RAT Trailer Mfg
1R9303,Ring-O-Matic Manufacturing Co.
1R9308,RJK&H Inc
1R9311,Rock-N Diamond
1R9312,Ridgeview Racing Inc
1R9318,R Jenkins Trailers
1R9321,RACEMASTER ENGINEERING TIRE AND PERFORMANCE
1R9323,Rush & Son Inc
1R9327,Ridley
1R9330,Riverside Hitch & Trailer
1R9333,Roseburg Trailer Works
1R9334,Rhino Metals Inc
1R9335,R & R CUSTOM TRAILERS & PARTS INC
1R9336,R.A.M. TRAILERS
1R9337,REED'S WELDING INC
1R9339,R & B Industries
1R9341,"ROBCOL, INC."
1R9342,ROCKET FIBERGLASS
1R9343,"RIVER RUN ENTERPRISES, INC."
1R9344,"REXMONT PRODUCTS, L.L.C."
1R9348,Reed
1R9349,"R & J Trailers, Inc."
1R9351,RC
1R9352,Rudy's Truck Body Repair
1R9355,R & R
1R9356,Rolls Rite Trailers Inc
1R9361,Ry-Chase
1R9366,"Ram Enterprises, LLC"
1R9383,ROGUE CHOPPERS
1R9387,RBG INC.
1R9389,Run Roader
1R9390,Red Horse Motorworks
1R9393,Betterbuilt Trailers
1R9396,REDWOOD METAL WORKS
1R9398,Rainier Enterprises
1R9399,Rewaco
1R9400,Rocky ATV Trailers Inc
1R9402,Renaldo Sales & Service Inc
1R9403,Rollrite Trailer Manufacturing
1R9407,Ram Fabrication
1R9408,R & R Welding
1R9409,Red Hot Customs
1R9411,RKB Inc.
1R9412,"Richcreek Muffler, Inc"
1R9417,Ryan Trailers
1R9418,"R "" 2"" LTD"
1R9421,Red Rhino Manufacturing
1R9422,Rapid Tool & Equipment
1R9423,Route Sixty Six Motorcycles LLC
1R9424,"Race Rigs & Trailers, L.L.C"
1R9426,Reliance Trailers
1R9427,Roadrunner Mfg. LLC
1R9429,Rich's Vacation Cottages
1R9430,Rob's Welding & Fabrication
1R9436,Riley Design & Fabrication
1R9437,"R/C Scooters, Inc."
1R9440,R & K Precision Grind
1R9444,Roberts Auto Sales
1R9446,Robb Technologies LLC
1R9448,Roy's Custom Trailers Inc
1R9450,Rokon
1R9451,Rapid Hook Transportation Systems Inc.
1R9452,RONNIE AKERY WELDING
1R9454,"R&J Industries, Plus Inc."
1R9455,R.E. PRESCOTT CO. INC
1R9456,"Rainier Hydraulics, Inc."
1R9460,Red Dawg Trailers
1R9462,Rebel Manufacturing
1R9464,Rocky Top Trailers
1R9465,Richard Glaves
1R9466,Revolution Cycle Company
1R9467,Revtech Industries
1R9468,Route2Trailers.com
1R9469,Rocket City Cycles
1R9470,Rude Dog Trailers
1R9472,R & D Design and Fabrication
1R9473,"RuggedBilt-USA, Inc"
1R9474,R&J Trailers
1R9476,RDM Products
1R9479,Rollin' Custom Cycle
1R9482,"RU2 Systems, Inc."
1R9485,"Rackley Bilt Custom Trailers, Inc."
1R9486,"RWCI, INC."
1R9487,R.M. Johnson Company
1R9490,"Rosenbauer Motors,LLC"
1R9491,Raging Iron Choppers
1R9493,"RACE CITY RV PRODUCTS, LLC."
1R9507,RAMSHORN WELDING
1R9509,R&S CUSTOM CYCLES
1R9510,Russell Marlowe Custom Cycles
1R9513,"RUFFNECK TRAILER COMPANY, INC."
1R9516,ROCK CREEK CUSTOM TRAILER INC.
1R9518,RADIOACTIVE CYCLES
1R9519,R&W TRAILERS INC
1R9520,Rollon Trailer Corporation
1R9521,ROPER MANUFACTURING
1R9522,"RON'S TRAILERS, INC."
1R9523,RAVEN MOTORCYCLE 
1R9526,R-ANELL HOUSING GROUP
1R9528,Ross Hill LLC
1R9533,Rockem & Sockem Motorcycle
1R9534,Racing Lizard Chopper
1R9535,Rollin-S Trailers
1R9536,RACE COACHES LLC
1R9539,Rockland Coach Works
1R9540,R.N.R. CUSTOM CYCLES
1R9542,River Depot
1R9546,Rhino Motorcycles
1R9547,Ranger
1R9550,R.K. Cycles
1R9553,Ransom Motorsports
1R9554,"Rancher Trailer Company, Inc."
1R9556,RW Welding
1R9558,Rice Trailer
1R9559,Rod Chomper
1R9562,R & H Specialties
1R9563,River Bend Choppers
1R9564,Redland Manufacturing Company
1R9567,Rebel Equipment
1R9568,Rocky Mountain Choppers
1R9569,Roland Curtains U.S.A.
1R9571,Rig Works
1R9573,Renegade Motorcycles
1R9575,Ripple Effects
1R9577,Repoman Choppers
1R9578,Redman Welding & Trailer
1R9579,RPM Custom Choppers
1R9580,Rolling Thunder
1R9581,Roadmaster
1R9585,Reality's Edge Inc.
1R9586,RallyTime Trailers
1R9587,Roadman Campers
1R9588,RV Direct
1R9590,Rocket Rogers Victory Old 97 Choppers
1R9591,Round 2 Motorcycles
1R9593,R Way Trailer
1R9595,Rocket Sled Motors
1R9596,RB Trailer Manufacturing
1R9597,Ronred Customs
1R9599,Ruthless Motorcycle Company
1R9600,R & J Trailers
1R9601,Radical Curves Custom Motorcycles
1R9602,Reeb Manufacturing
1R9603,"Rexhall Industries, Inc."
1R9606,Ro Drift Boats
1R9608,R&S Custom Trailers
1R9610,Reid's Trailer
1R9612,Rapid Power
1R9613,RVSQUARED
1R9614,Rhino Trailers
1R9615,Rat King Kustomz Motorcycle
1R9616,Rat King Kustomz Trailer
1R9620,Rollz Fabrication
1R9621,R & A Manufacturing
1R9622,Ridge Runner Trailers
1R9623,Road Dog Trailers
1R9624,Rolling Industries
1R9625,R & W Enterprises
1R9626,Reelstrong Inc
1R9628,Raceport Custom Trailers
1R9629,Reilley Welding & Metal Fabrication
1R9631,Rehme Manufacturing
1R9632,Rollinoak
1R9637,R&S Trailers
1R9638,Rock Bottom Choppers
1R9639,RDVehicles
1R9640,Roll-A-Home
1R9644,Rush Creek Welding and Manufacturing
1R9646,Rolling Boat
1R9648,Roehr Motorcycles
1R9650,Riverbend Equipment Leasing
1R9651,Rocky Mountain Trailer Company
1R9652,R.J. Stroup Tool and Die
1R9653,Riverside RV
1R9655,"Roadrunner Trailers, LLC"
1R9658,Rat Race Trikes
1R9659,Rullo Custom Cycles
1R9660,Richard Carter MFG.
1R9663,Rooster Custom Cycles
1R9664,Riverwolf Boats
1R9667,Riecher's Truck Body & Equipment
1R9668,Rocky Mountain Manufacturing
1R9669,Roar Motorcycles LLC
1R9670,RHINO MARINE
1R9672,Riverbed
1R9674,Razorback Industries
1R9675,RMD Technologies
1R9676,Ray's Body Shop
1R9680,Raft Trailer
1R9683,R & D Baker Trailers
1R9685,Road Rash Trailers
1R9687,Rocky Mountain Welding & Fabricating
1R9688,Ready Customs
1R9689,R. E. Plante Company
1R9692,Rebel Custom Trailers
1R9693,Rockandrod LLC dba Terrain Campers
1R9695,Raymond's Utility Trailers
1R9696,Route 6 Trailers
1R9698,"Robert L. Barr Enterprises, Inc. dba Timeless Tear Drop Trailers"
1R9699,Rods & Rides By TD
1R9700,Roadway Utility Trailers
1R9701,Road Warrior Sports LLC
1R9702,Robin Construction
1R9703,Roman Wrosz dba Romans Design
1R9704,Reliance Trailer Sales
1R9705,Ram Transcorp
1R9707,Ruffneck Custom Trailers
1R9710,Rolloff Systems
1R9712,RB Components
1R9713,Ramsey Fabrication
1R9714,Rankin Industries
1R9715,Rockland Custom Trailers
1R9716,Robinson Vacuum Tanks
1R9717,Rough V.A.C. Trailers
1R9718,Red Baron Choppers
1R9719,Red Baron Trailers
1R9720,Red Baron Motors
1R9721,RAS Internation LLC
1R9723,RWN Contractors
1R9726,Rock City Trailers
1R9729,Vac King Trailers
1R9731,Ronald J. Menard dba Ron's Fix-It Shop
1R9732,Rayner Equipment Systems
1R9733,Riley Technologies
1R9734,R&D Machine of Marlboro County
1R9737,Richway Industries
1R9741,RSSI Barriers
1R9742,Ronson MFG
1R9743,MIG Trailers
1R9744,RVC Trailers
1R9747,Rock Island Manufacturing
1R9749,Runaway Trailers
1R9750,RMS
1R9751,Ron's Trailers
1R9754,Rief Design & Manufacturing
1R9755,Rosenbauer Minnesota
1R9755,Rosenbauer South Dakota
1R9755,Rosenbauer Nebraska
1R9755,Rosenbauer Arff
1R9755,Rosenbauer Chassis
1R9757,RHM
1R9763,ROCK AND ROLL TRAILERS
1R9764,RTA Trailers
1R9767,R&D Precision Machine & Fab Inc
1R9769,Roger King dba Myers Welding
1R9773,Robert Allen Mowery Ramco
1R9774,RAD Customs Central Florida Choppers
1R9775,Raw Iron Choppers
1R9776,"Regal Mobile Solutions, LLC"
1R9778,"RIVER RIM TEARDROPS, LLC"
1R9779,Rocky Mountain Trailers
1R9781,REMACKEL TRAILERS
1R9783,Club Car
1R9783,Yamaha
1R9783,Riverside Cruiser
1R9783,EZ GO
1R9784,Travalong
1R9785,Ross Motorcycles
1R9788,Revology
1R9789,"Power, Process & Industrial"
1R9791,RD TRAILERS
1R9792,Pennsylvania Motorcycles
1R9797,Randco Tanks
1R9798,River Steel
1R9799,Ross Technology Corporation
1R9800,Riverside Welding and Fabrication
1R9801,Lujeana Peters-Howell Rooks County Trailer Sales
1R9804,Iron Ax
1R9805,River Valley Trailer LLC
1R9808,"Relic Custom Trailers, LLC"
1R9812,Red Fern Dynamics
1R9813,Rampless Motorcycle Trailers
1R9814,USA Trailer Co.
1R9815,HEAVY HITTER
1R9820,ROBBINS MFG.
1R9822,DECK OVER DOLLY
1R9825,RPM
1R9826,Ramptek
1R9827,Riverview Manufacturing Inc
1R9828,RJ Distribution Inc.
1R9830,Rebel West
1R9832,RCM
1R9834,RTDI
1R9836,Revel 42
1R9840,RTM Trailers
1R9844,Roadhog Trailer Mfg
1R9845,Redline
1R9846,"R and I Holdings, Inc"
1R9850,Rhino Services LLC
1R9853,Rears Manufacturing Co.
1R9855,Ray's Custom Trailers
1R9858,Rising Star Trailers
1R9859,Refuge Rock Trailers
1R9861,Reel EZ Trailers
1R9863,Rockin H
1R9864,RS Manufacturing
1R9865,Iron Guru Customs
1R9866,Rockin' S Trailer
1R9867,Rutana
1R9868,RennWorks Trailers Manufacturing
1R9869,Iron Guru Customs
1R9871,"RailPod, Inc."
1R9873,ALLOUTHUNTING
1R9874,"Russ Welding and Machine, Inc."
1R9875,ROTO-MIX
1R9877,R.C. Lyon & Co. LLC.
1R9879,Rosa
1R9883,Rhino Trailers LLC
1R9884,Rolling Acres Cabins
1R9885,Rage
1R9887,"R & J Builders of Aiken, S.C., Inc."
1R9889,Rod Iron Custom
1R9891,Ridgefield Custom Trailers
1R9893,"Red Rock Trailer Mfg, LLC"
1R9894,ROLLIES TRAILERS
1R9898,RMART
1R9900,Patrol
1R9901,RKS
1R9903,RAPTOR
1R9904,ROUND HOUSE
1R9906,Reconnect
1R9907,R & H
1R9909,REEVES WELDING
1R9910,Ricks Truck and Trailer Repair
1R9912,Rhino Trailers LLC
1R9913,RAC
1R9914,RATTLECAN
1R9916,RECONVIEW
1R9917,Rogue
1R9918,"ROYALTY FABRICATION, LLC."
1R9919,Retro Ride Teardrop
1R9920,ReadyFab
1R9922,Roughcut
1R9923,Spartan
1R9925,Red Mountain
1R9926,The Riverman Boatworks
1R9927,Rover
1R9928,REDLINE CUSTOM TRAILERS / REDLINE
1R9928,BLK LABEL
1R9928,REDLINE CUSTOM TRAILERS / CROWNLINE
1R9930,RAPTOR DESIGN & ENGINEERING LLC
1R9932,Reliance Repair
1R9933,RENEGADE TRAILERS LLC
1R9936,Exponent V2 
1R9937,RGS
1R9938,Space Trailers
1R9941,RAD
1R9942,RALLY 
1R9943,RENTAL TRAILERS
1R9948,RLC WELDING
1R9949,"RUPP OVERLAND CAMPERS, LLC"
1R9950,RVA CARTS
1R9951,RHINO FOOD
1R9953,R&H
1R9955,RUGGED TRAILERS
1R9956,REEDE
1R9957,Serf-Rite
1R9961,RAYCO TRAILERS
1R9962,Rocket Marine
1R9963,Royal Bengal Engineering
1R9964,Tuscaloosa Custom Carts
1R9966,RCM MANUFACTURING
1R9968,Ready2Go
1R9969,RRR
1R9970,Racetek
1R9971,SUNSHINE
1R9973,"RGV TRAILER SALES, LLC"
1R9975,Rileybilt
1R9977,R Venture
1R9978,Red River Fabrication
1R9981,R Tiny Homes LLC
1R9981,United Tiny Homes
1R9982,Rankins Uniques
1R9983,Rankins Uniques
1R9984,Roque Trailers LLC
1R9985,RM Thune LLC
1R9987,ROSE CITY CANOPY INC.
1R9989,ROAD TRAMPS MC
1R9990,RO7
1R9991,RAD RYDZ
1R9992,WEEROLL
1R9993,RUSTIC TRAIL RV
1R9994,RAYCO TRAILERS
1R9995,RGN MANUFACTURING
1R9996,RPB
1R9RSC,Ridgestone Cabins
1RB,ROGERS
1RC,SMP
1RF,Roadmaster
1RG,Trident Motor
1RL,Ram-Lin
1RN,Reitnouer Inc
1RW,Rockwood
1RZ,CON-WAY MANUFACTURING
1S1,Strick Commercial Trailer
1S4,Sun-Lite
1S6,John Deere
1S6,Snowco
1S7,Scamp
1S8,SUMMIT TRAILERS
1S9003,SUTPHEN
1S9009,Superior Trailer Works
1S9014,Smith Farm Equipment Co
1S9017,STE
1S9020,SIMON-DUPLEX
1S9022,Spirit Trailers
1S9030,Convoy
1S9059,"Southco Industries, Inc."
1S9078,Standard
1S9079,South East Body Corporation
1S9080,SILVER EAGLE BUS MANUFACTURING
1S9082,Owensby
1S9089,StoutBilt
1S9095,Shasta Trailer
1S9096,Supreme
1S9096,LCT
1S9096,XLT
1S9097,Sooner Trailer Mfg
1S9098,Scania
1S9100,Sebring
1S9101,Sweet Home
1S9102,Shadow Custom
1S9103,Econ-O-Haul
1S9107,"Spartan Truck Company, Inc."
1S9111,Siebert
1S9112,INTERSTATE
1S9114,Skycoach International Inc
1S9117,Silver Star Mfg
1S9123,Sebring Auto-Cycle Inc.
1S9129,Sunshine Stainless Tank & Equip
1S9130,Super X Products
1S9131,Sabre Luxury Coach Inc.
1S9132,WRIGHT TRAILERS INC
1S9136,Mack
1S9141,Spudnik Equipment Company LLC
1S9142,Schodorf
1S9143,Specialty Vehicle Mfg Corp
1S9146,Stovall Equipment Inc
1S9158,Systems Technology Company
1S9159,Sun-Land Express
1S9161,Self-Loading Systems
1S9165,Summerset Homes
1S9168,Saucier's Welding Inc
1S9169,Overland
1S9173,Elgin Trailers
1S9174,Savannah Machine Shop & Loader Co
1S9175,Supreme
1S9176,Sunrise
1S9178,Schoon Backhoe Service
1S9181,Shreveport
1S9182,SCHIEN TRAILERS
1S9187,"Sigma Metals, Inc."
1S9188,Spector Manufacturing
1S9189,"SturdyWeld Equipment & Design, Inc."
1S9191,SST Trailers
1S9194,SEYMOUR WELDING
1S9197,"SCS Machine & Fabricating, Inc."
1S9202,Century Products Co.
1S9203,Vista Cruiser Mfg.
1S9208,Armbruster Stageway
1S9215,Sopko Manufacturing Company
1S9216,Swenson Steel Products Co. Inc.
1S9219,Sweet Way Trailers
1S9226,"Snowblast-Sicard, Inc."
1S9234,Industrial Innovations Inc.
1S9236,Southern Iowa Manufacturing Co.
1S9239,S & M Equipment Corp.
1S9241,Superior Manufacturing & Engineering Cor
1S9248,Sway-Tamer Mfg.
1S9250,Stotler Welding
1S9253,Simpson
1S9257,Superior Mfg.
1S9260,Stairs
1S9262,Sunridge Industries Inc
1S9266,"STOLL TRAILERS, INC."
1S9267,Specialty Trailers Corporation
1S9274,Spur Trailers
1S9278,SPECIALTY WELDING
1S9279,Sioux Steam Cleaner Corporation
1S9286,"Specialty Machine & Manufacturing, Inc."
1S9292,Stafford's Trailers
1S9303,Sun Coast Trailer
1S9308,"Stallion Trailers, Inc."
1S9311,STA Corporation
1S9313,S.D.P. Manufacturing Inc
1S9317,Schweigers Inc.
1S9320,Steve's Welding & Fabrication
1S9321,S & R Industries
1S9332,Safe-Ride Trailers Inc.
1S9334,S & W Welding Inc
1S9337,Sabre Bus & Coach Corporation
1S9338,Stone Construction Equipment
1S9341,Simon Aerials Inc.
1S9344,SILVER MOTOR COACH
1S9350,STAR WAGGONS
1S9357,"Sturdy Built, Inc."
1S9358,SERVICES & MATERIALS COMPANY
1S9360,SIKESTON FENCE & CONSTRUCTION INC
1S9362,SWEITZER COMPANIES
1S9363,"Scarab Manufacturing and Leasing, Inc."
1S9364,SPECTRUM ENGINEERING HAWAII
1S9368,"Sudenga Industries, Inc."
1S9369,"SIMPLEX, INC"
1S9376,"Splash Marine, LLC"
1S9381,Mongoose
1S9381,RamVac
1S9381,Sewer Equipment Co. of America
1S9383,"Schwartz, Indy, Inc."
1S9384,"S & S Welding, Inc."
1S9385,Structural Steel Supply Inc
1S9389,S & S Welding
1S9390,"SILVER EAGLE COACH, INC."
1S9391,S.T.I
1S9393,Canoetote
1S9402,"SCHANTZ & SONS, INC"
1S9405,S&S Custom Trailers
1S9406,"SEI A DIVISION OF STOVALL FAB & MACHINE, INC."
1S9407,"Stanley Emergency Products, Inc."
1S9410,Mack
1S9415,SUGGS MANUFACTURING COMPANY
1S9418,"SPECIALTY BRISTOW SALES, INC."
1S9422,SIOUXLAND TRAILER SALES INC
1S9424,STOCKTON TRUCK AND WELDING
1S9427,SOUTHERN SPECIALTY WELDING
1S9430,Structural Metal Fabricators
1S9431,"SHUFFETT MACHINE & WELDING, INC"
1S9434,SOUTHWEST TRUCK RIGGING & EQUIP.
1S9436,SHANNON CUSTOM TRAILERS
1S9437,STELLAR INDUSTIES INC.
1S9442,Specialty Auto Transport
1S9445,STEELWRIGHT
1S9451,Sparta
1S9455,SPS
1S9459,SIERRA PRECISION TOOL
1S9461,SCHELL MANUFACTURING
1S9464,"Sprint Manufacturing, Inc."
1S9470,Specialized Products Inc.
1S9475,Steve's Welding Service & Machine Shop
1S9476,SMITHCO MANUFACTURING
1S9477,Shaffer's Muffler Shops Inc.
1S9478,Stream Industries
1S9483,Sioux Veneer Panel Co.
1S9484,Southwest Sales
1S9486,Hog Wild Trailer Company
1S9490,"Squatdown Mfg., Inc."
1S9492,Schutt's Welding
1S9497,Suntera (The Solar Electric Chariot Company)
1S9499,STRETCH CHASSIS INTERNATIONAL
1S9501,S & S Manufacturing Inc
1S9521,SPOUTVAC USA INC
1S9532,Scott Equipment Co.
1S9542,SPORT TRAIL
1S9543,"S.D. Pitman, Inc."
1S9547,Rally Sport
1S9557,RS Spider
1S9566,Gruppe B
1S9571,Steeds
1S9573,"Superior Mfg., Inc."
1S9574,SCOTT'S CUSTOM TRAILERS
1S9575,Steel-Tech
1S9577,Sport King LLC
1S9584,Southwest Products
1S9599,Scranton Manufacturing Company Inc
1S9601,SNOW MANUFACTURING INC
1S9608,Sloth Truck Equipment Co
1S9609,SILVERLITE TRAILERS
1S9611,STAGECOACH INDUSTRIES INC
1S9612,Sun International Holdings Inc
1S9613,STROHL CORPORATION
1S9616,Strong Manufacturing
1S9617,S.A.P TRAILERS
1S9623,Specialty Metal Fab.
1S9625,Sand's Welding Inc
1S9627,Seahorse
1S9638,Stovall Equipment Inc
1S9640,SIXTH STREET CHOPPERS
1S9641,Sammy
1S9643,S & D Manufacturing
1S9646,Sierra Welding & Fabricating
1S9647,SAKO CORPORATION
1S9648,Southern Indiana Materials Co Inc
1S9649,Swinford Mfg
1S9652,"SPORTRUNNER TRAILERS, LLC"
1S9653,"SMART TRAILERS, INC."
1S9655,Show Trucks USA
1S9656,SPECTRAC
1S9657,"SHOOK ELECTRONCIS USA, INC."
1S9658,Spykgaard
1S9661,S & J Mfg
1S9662,SKYTOP BREWSTER CO.
1S9663,Swift Enterprises
1S9669,Sun Ray Mfg
1S9672,SUPERIOR TRAILER INC.
1S9673,Stuart Scotsman
1S9675,Stock Car Fabrications
1S9677,SMITH TRAILERS
1S9682,Sandpoint Custom Iron
1S9684,SWARTZ MFG
1S9685,Spectrum Steel Inc.
1S9698,"Stelter Repair, Inc."
1S9700,Steel Technologies
1S9705,Saginaw Products Corporation
1S9712,Showliner Trailers Inc
1S9716,SCENIC VIEW WELDING
1S9719,Stingers
1S9721,Suncor
1S9723,Superlite
1S9724,SFS Truck Sales
1S9725,"Sidekick Trailers, Inc"
1S9727,Southwest Golf Cars
1S9731,"Somerset Axle Company, LLC"
1S9732,Streetrod Productions Inc
1S9735,STEEL TRAILERS OF COLORADO
1S9736,"Superior Fabrication, Inc."
1S9737,S * S COMPANY
1S9741,Stanley Trailer & Mfg
1S9742,Shrum Trailers Manufacturing LLC
1S9743,"Southern Pride Distributing, LLC"
1S9745,S & R King
1S9746,Smitty-Built Trailers
1S9748,Southwest Specialty Trailers
1S9749,Swab Wagon Company Inc
1S9751,Superior Transport Inc
1S9752,Starr Manufacturing
1S9755,Swinglift USA Inc
1S9757,Shoal Runner Boats Inc
1S9760,ShadeTree Automotive Equipment
1S9762,"Southeastern Truck Body & Equipment, Inc."
1S9763,Stohl Trailers
1S9764,SSI Shredding Systems. Inc
1S9765,"Scott Heavy Equipment, Inc."
1S9766,SELLNER MANUFACTURING COMPANY
1S9767,Sidewinders
1S9770,Superior Metal Works
1S9771,Swift
1S9772,Shaddo International
1S9775,SRTS Company Inc
1S9776,Sprayer Specialties Inc
1S9779,Shook Mobile Technology
1S9782,Sequoyah Trailer Sales Inc.
1S9786,SCHUTT INDUSTRIES
1S9787,Stewart & Stevenson Services Inc.
1S9788,Scott Industry
1S9791,Shafer and Shafer Welding
1S9792,SmitBuilt Mfg.
1S9801,Skylift
1S9803,Solid Steel Fabrication
1S9806,"South Florida Trailers of FL, Inc."
1S9811,Skorczewski Welding
1S9812,Steel Bone Trailer Mfg
1S9813,Streamliner Motorcycles
1S9814,Slusarski Mfg.
1S9818,Sway-A-Way Inc.
1S9819,"Associated Side Dump Development, Inc."
1S9820,Swink Metal Works. LLC
1S9821,"Sapper Trailers, Inc"
1S9822,Stoess Manufacturing Inc
1S9823,SR Trailers
1S9824,Sexton Incorporated
1S9825,Sanders Trailer Service
1S9828,"Stone's Motorcycle Company, Inc."
1S9829,Shortstop Enterprises
1S9831,Sun Set Trailer Manufactory
1S9834,Stanton Dynamics
1S9835,Specialized Trailers
1S9836,Sunset Trailer Sales
1S9838,Stagecoach Trailers
1S9839,"Splash Marine, LLC"
1S9840,Speedy Bleacher Corp
1S9841,Sumstad Mfg
1S9842,Saleen
1S9843,"South Coast Choppers, Inc."
1S9846,Studebaker Motor Company
1S9847,"Sun West Engineering, Inc."
1S9852,"SportsRig.com, LLC"
1S9853,Streamline International
1S9855,Still Trailer Manufacturing
1S9856,S & S Manufacturing Inc
1S9858,SLED SHED ENTERPRISES
1S9861,Savage Cycles
1S9862,"Shelf Above, Inc."
1S9863,Shaull Equipment and Supply Co.
1S9864,"SouthernRio Industries, Inc."
1S9867,Speed & Precision Cycles LLC
1S9869,Sanchez and Son Manufacturing
1S9870,Sharp MFG.
1S9872,Simmons Trailers
1S9873,Shadow Trailers
1S9875,SCHWARTZKOPF EXCLUSIVE CUSTOMS
1S9890,S.I.C. Choppers
1S9893,Second Trunk Trailers
1S9895,Rick's Fabrication & Design
1S9901,Suckerpunch Sallys
1S9903,SUNSET CHOPPERS INC.
1S9907,Steel Ponies
1S9908,"Southern Star Trailers, Inc."
1S9909,"SIGNALMASTERS, INC."
1S9910,SAUK TECHNOLOGIES
1S9912,SUBURBAN MANUFACTURING CO.
1S9914,SPIRIT TRAILER MANUFACTURING
1S9916,Special T Trailer Manufacturing LLP
1S9917,Stephenville Trailers & Truck Accessories
1S9918,SCORPION CHOPPERS INC.
1S9919,Venturetech Corporation
1S9921,SEBASTO WELDING
1S9926,"SEALCOATERS DEPOT , INC."
1S9928,Spearman Manufacturing
1S9929,South Bay Choppers
1S9930,SPECIAL CONSTRUCTION MOTORCYCLES
1S9931,Strong Island Cycles
1S9932,STEVENSON'S CYCLE
1S9933,"Short Go, Inc"
1S9934,Smoke Dog LLC
1S9940,SCHWARZE INDUSTRIES
1S9942,Steele Enterprises
1S9943,Scrap Iron Kustoms
1S9944,SSC North America
1S9949,SICK PIGS MOTORCYCLE COMPANY
1S9950,Streight Motorcycles
1S9952,Spencer Bowman Customs
1S9953,Scorpion Customs
1S9954,Stein Metal Fab
1S9959,"SANTIAGO CHOPPER SPECIALTIES, LLC"
1S9960,Spika Welding & Manufacturing
1S9961,SMOKIN' BARBEQUE
1S9964,"SCAR, INC"
1S9966,So-Cal Teardrops
1S9967,Signature Motor Company
1S9968,"Star Custom Creations, LLC"
1S9969,Showoff Trailers
1S9970,Spur K Custom Trailers
1S9971,Samhell Choppers
1S9972,SINISTER CUSTOM CYCLES
1S9973,"SUNSHINE PIPING , INC."
1S9974,Sail Trailers
1S9976,Service King Manufacturing
1S9977,"South East Industries, LLC"
1S9979,TMP Out West
1S9980,Stones
1S9981,Safety Technologies
1S9983,SNAKE ALLEY CUSTOMS
1S9984,SIBERIAN TRAILERS
1S9985,SAN CLEMENTE GOLF CARTS
1S9986,SAMSON TRAILERS INC
1S9990,Sexton Customs
1S9991,Sabers Specialties
1S9994,SARATOGA CUSTOM CYCLES
1S9996,Sleeping Giant MFG.
1S9998,Stone Cold
1S9999,Santek Trailers
1S9S10,Solectria
1S9S20,Solectria
1S9S30,Solectria
1S9SC8,Silver Creek Homes
1S9SJP,SJ PARK MODELS
1S9SMD,Smith-McDaniel Inc.
1SA,Starcraft
1SA,Autumn Ridge
1SA,Super Lite
1SA,GSL
1SA,Travel Supreme (TS-1)
1SA,Telluride
1SC,AIRSTREAM
1SD,Skyline Corporation
1SE,Skyline Corporation
1SF,Skyline Corporation
1SG,Skyline Corporation
1SH,Skyline Corporation
1SJ,Skyline Corporation
1SL,Skyline Corporation
1SM,AIRSTREAM
1SN,Skyline Corporation
1SP,Advanced Trailer Manufacturing
1ST,AIRSTREAM
1SU,Supreme Corporation
1SV,Skyline Corporation
1SY,Skyline Corporation
1SZ,Skipper B
1T0,Trail-Rite
1T7,Thomas Built
1T8,Thomas Built
1T9006,TRI-STAR TRAILERS
1T9013,TRIAD TRAILERS LLC
1T9016,Performance Trailers
1T9030,Tuff Boy Sales
1T9031,Truck Equipment Corporation(TEC)
1T9050,"TRAVEL UNITS, INC."
1T9054,Team Fenex
1T9054,Tri-City Boat Dock
1T9055,Tri-City Boat Dock
1T9060,International Tank & Trailer Inc
1T9066,TrailStar
1T9067,Teton Homes
1T9071,TYCO
1T9072,TTC
1T9079,Champion
1T9081,Tom's Trailer Works
1T9084,Turnbow
1T9092,Hydroglide
1T9097,I.P.P
1T9106,Ti-Brook
1T9114,Transtech
1T9118,Trailboss
1T9120,"Tampa Trailerworks, Inc."
1T9123,Tyler Coach Mfg. Inc
1T9125,Twin City
1T9130,Travel Line
1T9135,Tac Trailer
1T9139,Trailers Ltd
1T9148,"THOR TRAILERS, INC"
1T9154,Tex Star Mfg.
1T9156,TFS Co
1T9160,Triple J. Trailer Sales
1T9168,Tailored Trailers
1T9178,Triple-B Truck Body and Metal Fabricating Company
1T9181,Trailer World Inc.
1T9187,Trailer Distributors Incorporated
1T9196,T.D. Trailers
1T9198,Tricker Trailers
1T9199,Tiger Line
1T9203,"TRANSPORT DESIGNS, INC."
1T9204,TarasPort Trailers
1T9207,"Camits Industries, Inc."
1T9208,T&R Trailer Manufacturing
1T9210,Time Out
1T9211,Titan Trailer MFG
1T9214,TBG Equipment Division of Cushion Cut
1T9221,Trail Rite Trailers
1T9227,Terry's Trailers
1T9228,Tagger Trailers
1T9229,X-TEN
1T9230,"T&E Enterprises of Herscher, Inc."
1T9231,Top Enterprises Inc
1T9232,Wright Welding Inc.
1T9237,Triple B&J Trailers Mfg. Inc.
1T9240,Triangle Manufacturing and Pump Co. Inc
1T9241,"T.W.G. Machine, Inc."
1T9242,Texas Trailers
1T9244,Transport Equipment Manufacturing & Sales Corp
1T9247,"TRAVIS BODY & TRAILER, INC."
1T9249,T. Rome Ent.
1T9250,"Trailers-R-Us, Inc."
1T9251,Tri-Co Specialties
1T9254,TIMBERLINE ENTERPRISES
1T9259,Timber Creek Recreational Vehicle
1T9260,"Translift Systems, Inc."
1T9268,"TSE International, Inc."
1T9271,Tibban MFG
1T9273,T & R RACING AND FABRICATION
1T9277,Tesh & Sons
1T9278,Taylor Trailers
1T9279,"TNT JET TECH, INC"
1T9280,T.S.I
1T9281,Temples Trailer Sales Inc
1T9287,Technology Systems
1T9294,Texas Trailer Corporation
1T9299,Todd Geisert
1T9311,"TRI-DEN, INC"
1T9312,Tote'em Trailright Trailers
1T9322,TrailRite
1T9328,"Tom's Sales & Service, Inc."
1T9332,Twin Rivers Mfg.
1T9338,Thermal Trek Inc
1T9350,Top Notch Trailers
1T9352,San-Jo Trailer
1T9354,Carolina Running Gear (Tri-State Industries)
1T9359,Memory Maker
1T9364,"TROPICAL TRAILERS OF LAKELAND, INC"
1T9366,TECHWELD EQUIPMENT CO. INC
1T9369,TRUCKS UNLIMITED
1T9370,Trailers-N-More
1T9372,Imperial Trailer Manufacturing
1T9373,TRIPLE-H-TRAILERS
1T9376,"Todd's Welding Service, Inc."
1T9378,Technology Development Group Inc
1T9380,Terminal Service Co
1T9384,"TRAILER INDUSTRIES, INC"
1T9385,TOMAHAWK TRAILERS INC
1T9386,TL ENTERPRISES
1T9391,Texas Underground aka Pipehunter
1T9392,Thomas Fabricating Inc
1T9395,Taylor Trailers
1T9396,Tex Mex Trailers
1T9400,Tensas Machine & Manufacturing
1T9402,"TCS Cable, Inc."
1T9405,Thompson Tank Inc
1T9406,TRAILERS PLUS
1T9428,Armlift
1T9434,The Shop
1T9436,TRAIL-RITE TRAILERS
1T9440,TITAN
1T9450,THOR INDUSTRIES WEST
1T9466,Tournier MFG.
1T9468,Texas Trailers
1T9473,Twamco Trailer
1T9474,TAMCO
1T9492,TRISEN FABRICATION
1T9493,THE BROWN CO.
1T9495,Twister Trailer Mfg Inc
1T9497,TRIPLE B TRAILERS
1T9499,Therm Dynamics MFG
1T9499,"JR KOOP,Inc."
1T9501,TL Engineering
1T9506,Top Notch Trailers Manufacturing Inc
1T9508,"TRI-ONE, INC."
1T9512,TEXAS TRAILER COMPANY
1T9514,"T.H.S. Products, Inc"
1T9518,Triple J Custom Trailers
1T9519,Trailers Unlimited
1T9520,Timberwolf Manufacturing Corporation
1T9522,TRINITY TRAILERS
1T9523,TRAILERS PLUS
1T9524,"TRI-COUNTY MANUFACTURING, INC."
1T9525,Tonkawa Trailers & Steel Fabricators
1T9529,"Trailers USA, Inc."
1T9530,Twin City
1T9534,TOW TRUE TRAILERS
1T9536,TRIAD ALUMINUM FABRICATION
1T9538,Thunder Trikes Inc
1T9539,TEXAS TRAILERS INC.
1T9540,Take 3 Trailers Inc
1T9541,TRACKSTAR INC.
1T9543,TRAILERS PLUS
1T9544,Taylor
1T9545,Trail Craft
1T9546,Tru-Tow Trailers
1T9553,Thunderbolt
1T9560,"TORSION TRAILERS, LLC"
1T9566,Trailers Express Inc
1T9572,TXC
1T9576,T.H.E. MACHINE COMPANY
1T9577,T & G Sales
1T9578,Tisdell's Implements
1T9580,Truck World
1T9582,Transportation Techniques
1T9583,Taylor's Manufacturing
1T9588,TREMCAR
1T9604,T&D Trailer Supplies
1T9606,Thru-Air Trailer
1T9614,Trail Mate Products
1T9615,Tramont Corporation
1T9617,Taylor Made Equipment
1T9621,Trail Maker Trailers
1T9622,Hamby
1T9623,KBH
1T9626,Trunks on Wheels
1T9627,Thurston Manufacturing Company
1T9629,T&M Custom Trailers LLC
1T9630,"Trailer Tech, Inc"
1T9631,Tuff Built Trailers of Oklahoma
1T9632,Toe-me Trailers
1T9634,"THOMPSON PUMP & MANUFACTURING CO., INC."
1T9636,"Trotters Manufacturing, Inc"
1T9639,The Shop
1T9641,Triple R
1T9646,"Transformer Trailers, Inc"
1T9647,Sandbagger Corporation
1T9648,TERRADYNE EQUIPMENT COMPANY
1T9649,Tulsa Rig Iron
1T9651,MHC Group Inc
1T9653,"Texoma Waste Control, Inc."
1T9654,Tuff Mfg.
1T9656,"TRINITY TRAILER MFG., INC."
1T9658,"Trans-Tech Industries, Inc."
1T9661,"TEAM SPIRIT TRAILERS OF ELKHART, INC."
1T9663,TMP Truck & Trailer
1T9667,The Perfection Company
1T9668,Trailmaster Inc.
1T9669,Target Trailer
1T9675,TNT Aluminum Trailers Inc
1T9677,T&T Sales of Elberton Inc
1T9681,Titan Fabrication & Welding
1T9682,Teksol Inc
1T9686,Trailer Force
1T9689,TurfMaker Corporation
1T9690,"Adventure Sports Products, Inc"
1T9694,TJC
1T9695,Taylor Tide-Land Trailers
1T9696,"Tropic Trailer, Inc."
1T9697,Tentrax
1T9698,Trout Creek Enterprises
1T9699,Tuff-E-Nuff Mfg
1T9700,"Tarrant Manufacturing Co., Inc."
1T9702,T&R's Used Cars
1T9703,Tram Power Car
1T9704,Tram Trailer
1T9706,Triple M Manufacturing
1T9707,The Egg Ranch of Oregon
1T9708,Trailduster Trailers Inc.
1T9709,"Terry's Trailers, Inc."
1T9713,The Fab Shop
1T9714,Trailco Equipment Sales
1T9716,The Concrete Edge Co
1T9717,Thunder Mountain Custom Cycles
1T9718,Canyon Trailers
1T9719,Troxell Company
1T9720,Tug Hill Trailer Mfg.
1T9721,Trelan Manufacturing
1T9722,TLC of Tx. Inc.
1T9723,TIMELEE'S
1T9726,Tiger Truck
1T9730,Transcor International Development Corpo
1T9731,Trailer & Truck
1T9732,Trolley Boats
1T9734,EDDIE TROTTA CUSTOM BIKES
1T9735,Tomahawk Fabricating
1T9736,Texas Precision
1T9741,TrailAlong Trailer Inc.
1T9744,"The Sholar Co, Inc."
1T9746,Triple-C Trailer
1T9748,TRAILBLAZER TRAILERS
1T9749,T.M.M
1T9750,Taylor's Fab & Mechanical SVC's
1T9751,T & D Enterprises
1T9752,Taboo Motorcycle Co.
1T9753,Galaxy Trailer Mfg.
1T9755,Trail-A-Long
1T9757,"TMS, Inc"
1T9758,TALON TRAILERS
1T9759,Top Tow Trailers
1T9761,Tailgater Party Trailers
1T9762,Trailer Sales and Supply of Chattahoochee
1T9763,TechSun Trailers
1T9764,"Thorp Equipment, Inc"
1T9769,Mobility Solutions LLC dba TailGator Trailers
1T9770,T Bar J Trailers
1T9774,T&A Double Tilt Trailers
1T9775,"Technology Plus Trailers, Inc."
1T9776,"TMC Trailers, LLC"
1T9777,Trailers +
1T9779,TerraMarc Industries
1T9781,Taylor Power Systems
1T9784,"T & D Manufacturing, LLC"
1T9785,TMC Design
1T9788,TBM Mfg.
1T9789,Texas Truck and Trailer
1T9796,TNT Choppers
1T9801,TOP DECK TRAILERS AND MOTORHOME INC.
1T9804,Thatta Enterprises LLC
1T9806,TEMPEST CYCLES
1T9807,TRAILERS BY MIKE
1T9810,T & S CYCLES
1T9811,THOMPSON CHOPPERS INC
1T9813,"TOUCH ""A"" CLASS MFG."
1T9814,"T. & W. PEASE, LLC"
1T9815,THUNDERDOME ENTERPRISES
1T9818,Thumper
1T9823,"TURNING POINT TRAILER MFG, LLC"
1T9825,TICO Manufacturing Division
1T9827,"TNT TRAILER, INC"
1T9828,"T2 SERVICES, INC."
1T9830,TAKATI MOTORCYCLES LLC
1T9831,TCB Choppers
1T9833,Trivan Truck Body LLC
1T9834,PHANTOM CYCLE
1T9835,TDS Disposal Services
1T9837,TAYLOR MADE CHOPPERS INC.
1T9838,Trailer Daddy MFG
1T9840,Tomahawk Custom Choppers
1T9841,Tulsa Trikes
1T9842,Tygar
1T9845,Thru-Air Trailer
1T9846,Three Feathers Manufacturing
1T9847,T & B Welding & Trailers
1T9848,"TRAILMAN, INC."
1T9849,"TRAVEL-LITE, INC."
1T9850,TOA USA
1T9851,Tommy Boy Racing
1T9852,Tailgator Concepts
1T9853,Tommy 2-Way Trailer
1T9856,TJW Welding Trailer Supply & Steel
1T9857,THUNDER CHOPPER WORKS
1T9858,Tower Solutions
1T9860,Thug Custom Cycles
1T9873,"TMC, inc"
1T9876,Twisted Twin Inc
1T9878,Tow-Rite
1T9879,"The Trailer Shop, INC"
1T9880,Tantric Cycles
1T9881,Twistercity Cycle Works
1T9882,Twisted Steel Choppers
1T9883,Texas Custom Choppers
1T9884,Tightline Fish House
1T9888,Techline Engineering
1T9889,TRAVERTSON INC.
1T9890,Tim Nobles Trailers
1T9891,"TRAVEL-LITE, INC."
1T9892,Thug Custom Cycles
1T9893,TRAFCON INDUSTRIES INC.
1T9894,Tradewinds Power Corp
1T9895,Tailwinds Trailers
1T9899,Tomcar USA
1T9900,Cubelite
1T9902,Toxic Cycles LLC
1T9904,"TRAILGRADER FABRICATION, LLC"
1T9905,"TRAILERMAKERS, LLC"
1T9906,T-Built Trailer Company
1T9908,Terry's Trailers
1T9910,Thunderstruck Custom Bikes
1T9913,TRIKE WORX LLC
1T9915,Tilman Dump Trailers
1T9917,TRICKFIGHTERCUSTOMS LLC
1T9918,Tex-All
1T9919,Titan Haul USA
1T9920,Top Notch Manufacturing
1T9921,T C Trailers
1T9922,TRAILER CREATIONS LLC
1T9923,Texas Star Fabrications
1T9924,Tortured Steel Choppers
1T9925,T & J Welding
1T9926,Thigpen Metalworks
1T9928,Timberline Range Camps Inc.
1T9929,Tower Trailers
1T9930,TCM LLC
1T9931,"TRAILER SPECIALTIES, INC."
1T9934,TRAILER FX CUSTOM MANUFACTURING
1T9936,"TRIPLE J WELD FAB REPAIR, LLC"
1T9937,Tru-Hitch
1T9938,Tammy's Trailers
1T9939,Texas Iron Designs
1T9940,TRUCK-TECH ENGINEERS INC.
1T9941,Tuff-Built Trailers
1T9944,Towmaxx Speciality Trailer
1T9946,Towerworx
1T9948,TRILLIUM RV LTD.
1T9949,"TRANSPORTATION SYSTEMS SOLUTIONS, LLC"
1T9951,Twisted Ridez
1T9952,Tuff Trailer USA Inc
1T9954,"Thompson & Zaber's Garage, INC"
1T9955,Tank Master
1T9956,Tanfield Engineering Systems US
1T9957,"TRIVAN TRUCK BODYY TEXAS, LLC"
1T9958,Thomas Grinding
1T9960,T-RAXX SYSTEMS INC
1T9961,Tow Zone Trailer
1T9962,TRI-STAR TRAILER MFG.
1T9964,Toter Industries
1T9965,TGMI INC
1T9966,"TRIPLE R TRAILER SALES, INC"
1T9967,Timeless Travel Trailers
1T9968,"TEBCO of KY, Inc"
1T9969,TRUCK CRANE SOLUTIONS
1T9970,Three Two Choppers
1T9971,Tag-A-Long Trailers
1T9973,Tombstone Hearse & Trikes
1T9974,"Trailering Depot, LLC"
1T9976,True Trail
1T9977,TRI COUNTY CHOPPERS II
1T9978,"TROPHY BOAT TRAILERS, INC"
1T9979,Terrafugia
1T9980,TMT Manufacturing
1T9981,Titan Trailers
1T9982,"TOY CARRIERS, INC"
1T9984,T & T Unlimited
1T9987,"TRAILER COMPONENTS, INC."
1T9988,TW Enterprises
1T9989,Three Rivers Welding
1T9990,Tourtec Trailers
1T9991,TRIKES-R-US
1T9992,Top Dog Aluminum
1T9997,"TRIDELTA SYSTEMS, L.L.C."
1T9998,Toy Toters
1T9AAA,International Structures
1TA,"Theurer, Inc."
1TC,Coachmen
1TD,"Timpte, INC"
1TE,FAN
1TH,Hillsboro Industries
1TJ,Sportscoach
1TK,TRAIL KING INDUSTRIES
1TP,Tennessee Trailers
1TR,Traffic Transport Engineering
1TS,Shasta
1TT,Wabash
1TT,Transcraft
1TT,Benson
1TT,TRANSCRAFT/WABASH
1TT,BENSON/WABASH
1TU,TMC
1TV,Viking RV
1TX,Viking Formed Products
1TY,Tee Nee
1U0,"DIVERSIFIED TRUCK & TRAILER, INC"
1U3,SILVER EAGLE MANUFACTURING COMPANY
1U5,Hutchins
1U6,"Precision Chassis & Engineering, Inc."
1U9005,U.S. Coach Works Inc.
1U9010,United Hauler
1U9012,Ultra Lite
1U9013,"United States Systems, Inc."
1U9016,"Universal Specialty Vehicles, Inc."
1U9019,UNI-GLIDE
1U9021,UNION CITY BODY COMPANY INCORP.
1U9029,"Utility Equipment, Inc."
1U9030,United Truck Equipment Corp.
1U9032,Unverferth
1U9035,U.S. Trailer Co.
1U9036,Universal MFG
1U9038,Union Chill Mat Company
1U9044,"U.S. JETTING,LLC"
1U9045,"UNIQUE DESIGNS, INC."
1U9047,Eliminator Trailers
1U9055,Ullman Auto Sales
1U9063,"ULTRA-LIGHT TRAILERS, L.L.C."
1U9065,"UNLIMITED RECREATION, INC."
1U9069,Unique Products
1U9073,United Trailer Products
1U9078,Universal Trailers Inc
1U9080,"Utilimax Manufacturing, Inc."
1U9081,US Tower Corp.
1U9083,Unique Motorcycle Co.
1U9084,"U.S. Abilities, Inc."
1U9085,"Ultra Motorcycle Company, Inc."
1U9086,Utah Tank & Trailer
1U9087,"United Alloy, Inc."
1U9090,Universal Cycle
1U9092,Upstate Choppers
1U9093,ULTIMATE CUSTOM CYCLES
1U9094,"UNITED MOUNTAIN TRAILERS, INC."
1U9095,Unique Custom Truck & Trailer
1U9096,United States Motorcycle Corporation
1U9100,Ultimate Trailers
1U9101,Unique Custom Cycles
1U9102,Utility Tent Trailers
1U9103,Ultimate Manufacturing
1U9105,Ultima
1U9108,USA MOTOR CORPORATION
1U9110,United Precision Metals
1U9111,Unique Performance Customs
1U9114,US Built Trailers
1U9115,Ustankco
1U9116,U.S. Iron Horse Motor Cycle Company
1U9117,Uwood
1U9119,Unknown Choppers
1U9120,USA Choppers
1U9122,United Specialties
1U9123,Universal Composite
1U9124,United Hydraulics
1U9126,Ukeycheyma
1U9131,Ultra Haulers
1U9133,USA Motortoys
1U9134,Unique Fabrications
1U9136,Unique Cycle Works
1U9137,United Specialized Trailers
1U9138,Utilitoy
1U9143,Ultra Trailer
1U9146,Universal Hovercraft
1U9148,Academi Training Center
1U9149,Universal Enterprises Inc.
1U9150,United Site National Services Company
1U9152,Road Truck Engineering
1U9153,Urway
1U9158,KANGAROO
1U9159,U-TRAIL
1U9160,Upstate Concessions
1U9163,UCC
1U9167,USPC
1U9169,USEMCO
1U9170,US Prefab
1U9172,Unified Trailer Company
1U9173,Upstate Trailer Manufacturing
1U9174,"UPLAND ENTERPRISES, INC."
1U9175,UFT Mobile Solutions
1U9176,United Dynamic Services
1U9177,USA Trailers
1U9181,UNITED CONCRETE
1U9182,"US FIRE PUMP COMPANY, LLC"
1U9184,UBCO
1U9187,Utiliquip UMI
1U9188,Elite LSV
1U9190,URSA
1U9192,UNRUH WELDING AND REPAIR LLC
1U9194,Uncharted
1U9195,Uluru
1U9198,UAM Carts
1U9200,USA Chassis
1U9204,US281TTS
1U9205,USHI
1U9208,USA
1U9211,"UNITED TINY HOMES, INC. / TINY HOME"
1U9212,UNIVERSAL FOOD TRAILERS LLC
1U9213,"Urban Wing Co., LLC"
1U9214,USMC
1U9214,KNIGHT
1U9215,USA TRAILER MANUFACTURERS
1U9216,"Prime Manufacturing (ULTRAQUIP, LLC)"
1U9217,Unique Trailers
1U9218,UberDisplays
1U9219,URSUS CAMPERS LLC
1U9221,Uncle J
1U9222,Ultimate Trailer
1U9224,JPC Trailers
1U9227,UNITED MACHINE CORPORATION
1UF,AA Welding
1UJ,Cyclone
1UJ,Jayco
1UJ,Bighorn
1UJ,Sundance
1UJ,North Trail
1UJ,Prowler
1UJ,Jay Feather
1UJ,Jay Flight
1UJ,White Hawk
1UJ,Eagle RV
1UJ,North Point
1UJ,Pinnacle
1UJ,Seismic
1UJ,Entegra
1UJ,Mobile Suites
1UJ,Milestone
1UK,"Interstate Manufacturing, Inc."
1UN,Dragon Products
1UN,Dragon ESP
1UN,Dragon Mobile Rigs
1UN,Modern
1UV,Trailmaster
1UW,E-Z Tow
1UY,Utility Trailer Manufacturer
1V1,Volkswagen
1V2,Volkswagen
1V5,Magnum Trailers of Austin
1V8,Apache
1V9006,VACMASTERS OF DENVER INC
1V9016,Valley Welding & Repair
1V9021,Vacationeer
1V9025,Van Overflow Inc
1V9030,Velcon Filters
1V9033,Vermeer- Delta
1V9034,Zimmer
1V9035,Zimmer
1V9038,"Viking Vee, Inc.(dba Viking Spirit Trailers)"
1V9043,"Van Camp Trailer & Body, Inc"
1V9045,Vintage Auto
1V9048,Vector Aeromotive Corporation
1V9050,Victory Custom Trailers
1V9052,Valley Trailer Mfg. Custom Built Trailers
1V9053,Vern's Welding and Fabrication
1V9060,"VALLEY MANUFACTURING, INC"
1V9061,VRC INDUSTRIES
1V9062,Viking Trailer
1V9065,"Virginia LP Trucks, Inc."
1V9066,VAN KAM TRUCK & TRAILER
1V9069,Unique Products
1V9073,"VALLEY WELDING & EQUIPMENT, INC"
1V9074,Valley
1V9080,VALLEY TRAILER MFG INC
1V9081,V TWIN CITY
1V9084,Victor Valley Trailers
1V9086,"Vulcan Works, Inc."
1V9088,Vernon Trailer Company
1V9089,"Vetro, Inc."
1V9090,Vector Technologies
1V9097,Valley View Custom Trailer Manufacturers
1V9105,Valley Truck Truckbeds & Repair
1V9107,Viking Fabrication
1V9110,"Vosberg Enterprises, Inc."
1V9111,Vector Trailers
1V9112,Vac-Tec
1V9113,Vantage Vehicle International
1V9115,Victory Haulers
1V9116,Vengeance Motorcycles
1V9122,Viper Motorcycle Company
1V9124,"Versatrail, Inc."
1V9125,VAMA Manufacturing
1V9131,VON DUTCH/FLYING EYEBALL MOTORCYCLE COMPANY L.L.C.
1V9134,VCS Custom Cycles
1V9136,Voodoo Choppers
1V9137,"VIP Custom Coach, Inc."
1V9138,Viper Trailers LLC
1V9139,"V-8 CHOPPERS, L.L.C."
1V9143,Risk Investments dba Vanderhoff Speed and Chrome
1V9145,Villmow Racing Developments
1V9146,Vtwin Custom MFG
1V9148,Vertical Reality
1V9149,Viva Motorsports
1V9150,Valley Farm Industries
1V9151,Valenti Choppers
1V9153,VA Enterprises
1V9155,Victory Sweepers
1V9156,Village Trailer Sales and Parts
1V9159,Van
1V9160,Vindicator Cycles
1V9161,V-Force Customs
1V9162,Visionary Metals
1V9167,Venom Trailers
1V9171,Street Cars by Volla's Carts & Service
1V9172,V. Marone Enterprises
1V9174,"Vogel Traffic Services, Inc. dba EZ-Liner Industries"
1V9175,Victory Trailers
1V9177,Voyager Industries
1V9178,Victory Industrial Products
1V9179,Vision Industries
1V9180,Viking-Cives Midwest
1V9183,Vaporcon
1V9188,Veradyn
1V9190,Vanderhall Motor Works
1V9192,Valew (Hayes Welding)
1V9193,VMI Offroad Xtender
1V9195,Vantem Modular
1V9200,"Valderaz Services,LLC"
1V9201,Valew Quality Truck Bodies East
1V9202,Victor Valley Steel Fabricators
1V9203,Vossloh
1V9206,Vanleigh RV
1V9207,Valaren Motorsports
1V9208,Vintage Overland
1V9209,Viper Cargo LLC
1V9210,Velocette Trailers
1V9212,VINTAGE TRAILER WORKS INC
1V9213,VETS
1V9215,VERTICAL WORKS INC
1V9216,Venture Buggy
1V9217,VRV
1V9218,Humvee
1V9223,Ver-Mac Inc.
1V9225,"Valiant Expedition Trailers, LLC"
1V9226,Vazquez Industries
1V9227,"Vorsheer, LLC"
1V9229,"VAR TRAILERS, LLC"
1V9230,Bleachers International
1V9233,VALOR INDUSTRIES
1V9234,Valley Manufacturing LLC
1V9235,VAN DAM CUSTOM BOATS
1V9237,VOLKOFF AG LLC
1V9238,VORP
1V9240,V.E.M. LLC
1V9241,VLC Trailers
1V9243,Vulcan
1V9244,V Trailers
1V9247,VALLEY STEEL WORKS 
1V9249,VETTED
1V9251,VIVID EV
1V9252,XION.BIKE
1V9253,VAZA TRAILERS
1V9254,VAUGHN
1V9256,V&J TRAILERS
1V9258,Veolectra
1V9260,VENOM
1V9262,VULCAN TRAILERS
1V9263,"VIPER USA, INC."
1V9264,VLY
1V9266,VCARTS
1V9268,ValleyBilt
1V9270,FORM EV
1V9272,VOLTZ
1V9272,SANY
1V9273,Virnig Manufacturing
1V9274,Viper
1V9275,Vertex
1V9276,VJ Trailers
1V9277,Vector Mixer
1V9278,VISUM TECHNOLOGIES LLC
1V9279,Viper(VIPER LOADERS LLC)
1V9281,VERDI MOTORS INC.
1V9283,VCC
1V9284,Trim Chute Trailer
1V9285,VELAZ
1V9286,Venus Fab
1V9287,Vinrus
1V9290,OnePanel
1V9353,Voyager Travel Trailers
1V9640,V. Marone Enterprises
1V9VAS,Vacation Structures
1V9VMM,Vanmar Manufacturing
1VB,Houston Marine
1VD,GOOD TIME
1VF,Hawkeye Eagle
1VG,Stauffer Mfg.
1VH,Orion Bus
1VM,V/M Custom Boat Trailers
1VN,Samson
1VR,Vermeer
1VU,RJK&H Inc
1VW,Volkswagen
1W0,Wells Cargo
1W1,WILSON
1W4,Wells Cargo
1W7,WESCO
1W9001,WALKER STAINLESS EQUIPMENT CO
1W9003,Worthington Welding Inc.
1W9010,Weld-It Company
1W9011,WHEELER STEEL WORKS
1W9012,Wil-Ro Inc
1W9020,Wellco
1W9035,Pro-Craft
1W9045,Woodland Park Inc
1W9046,Woodland Park Inc
1W9047,Westline
1W9048,Wack Engineering
1W9049,Waymatic Inc
1W9051,Watson RVs
1W9052,Webco Pacific
1W9061,Witco Challenger
1W9062,WR Manufacturing Inc
1W9064,Wayne
1W9065,Western Metals Company Inc
1W9067,Bestmade
1W9068,WESLEY CUSTOM FABRICATION INC
1W9071,Crosley
1W9073,WURST
1W9074,Wayne Engineering Corporation
1W9076,"Wood's Associated Products, Inc."
1W9077,Wilkens Manufacturing
1W9079,Western RV
1W9080,Wimyer
1W9081,Wisdom
1W9083,"WCCT, Inc."
1W9094,Woodstream Mfg.
1W9097,Westfall Motors Corp.
1W9106,Wiser Trailer and Equipment
1W9107,Wolf Coach
1W9108,WINSOR METAL PRODUCTS INC
1W9110,Whit-Log
1W9110,Assembled
1W9113,Wayne's Screen Machine
1W9114,Warrior Mfg.
1W9115,WASP
1W9115,"FAST Global Solutions, Inc."
1W9116,Westside Welding & Radiator
1W9117,Welch Trailer
1W9120,Worley's Welding
1W9125,"Workbench, Inc."
1W9128,World Trailers
1W9135,Westcar Industries Ltd.
1W9137,Max-Pak
1W9138,Wilson Manufacturing
1W9143,Woodland Park Inc
1W9144,Welding Unlimited
1W9148,Watco Truck Rigging
1W9152,White's Welding & Fabrication
1W9154,"Wrangler Trailers, Inc."
1W9155,Wallstrong Trailers
1W9157,Wally-Mo
1W9160,"WTM, Inc."
1W9161,Wagner-Smith Equipment Co
1W9162,W. JOHN PRICE MANUFACTURING AND REPAIR
1W9163,Valley Vessel Fabric
1W9167,Wildcat
1W9172,Western Construction Components
1W9174,Wenger Corp
1W9176,Weimer Manufacturing
1W9179,Wegner Welding
1W9184,WEN C
1W9198,"WARREN MANUFACTURING, INC."
1W9199,Warren Inc.
1W9200,Wood/Chuck Chippers Corp
1W9201,Willmar Mfg.
1W9202,WINSTON
1W9203,WACKER CORPORATION
1W9204,Workhorse Utility Trailers
1W9205,WESTECH CUSTOM METAL FABRICATION
1W9206,Woodworth Mfg.
1W9207,White's Auto Sales
1W9208,Wayne Wheeled Vehicles
1W9212,WILDCAT TRAILER CO
1W9213,Wren Body Works
1W9215,"Wright's Welding and Fabrication, Inc."
1W9216,Worley Welding Works Inc.
1W9218,WACO
1W9231,Wild West Motor Company
1W9234,Wild Boar Manufacturing
1W9235,Waldock Equipment Sales & Service
1W9254,WATAUGA WELDING INC
1W9257,WILCO MACHINE & FAB INC.
1W9258,Road Builders Trailers
1W9261,Waguespack Welding & Manufacturing Inc
1W9266,Whitehead Welding and Trailer Sales
1W9269,Wisconsin Body & Hoist
1W9271,Wilmer's Welding
1W9273,Weber Manufacturing
1W9274,Wayde Mfg Co inc
1W9276,White's Welding & Body Shop
1W9285,"WADE SERVICES, INC."
1W9287,WASTE STREAM INC.
1W9288,"Wilkens Industries, Inc"
1W9289,Wichita Trailer Manufacturing
1W9291,"WALDEN STRUCTURE'S, INC."
1W9294,"WEDLAKE FABRICATING, INC."
1W9298,Weber Generators
1W9299,"West Georgia Mobile Hydraulic, Inc."
1W9303,World Transport Authority
1W9309,Wind River Manufacturing
1W9314,Westbury Handcrafted Motorcycles
1W9321,Welding Unlimited
1W9322,Wolf-Trax
1W9323,Wild Rice Industries
1W9325,Windsor Trailer
1W9328,WOLVERINE RACING
1W9331,Weber's Welding & Repair
1W9332,Whitlock Mills Trailer
1W9333,Ward Equipment
1W9334,Windward Campers Inc
1W9335,Wild Side
1W9338,West Coast Carriage
1W9340,Wyoming Sheep Wagons
1W9341,"Woodsman, Inc"
1W9342,Wylie
1W9344,Whites/Keen Mfg. Inc.
1W9345,Water Wars Company
1W9346,Wright Built
1W9347,"Warren Equipment, Inc."
1W9350,Westmor Industries
1W9351,Wildcat
1W9353,Wolf Design Metal Fabrication
1W9354,Walker Mountain Trailers Unlimited
1W9357,Wagon Wheel Trailers
1W9359,Wells Machine Co Inc
1W9361,WECAN 
1W9364,Wyatt's
1W9367,Wild Child
1W9374,Wayne A. Miller
1W9381,Whitetail Watersports dba Whitetail Airboats
1W9387,WARE'S WELDING
1W9388,Wolfgang Cycles
1W9391,WAGS UNIQUE MOTORCYCLE TRAILERS
1W9393,Wicked Women Choppers
1W9394,WHISKEY CHOPPERS
1W9395,Gabriel Villescas West Mesa Choppers
1W9396,WEEZE CHOPPERS
1W9397,WILRAY MFG. INC.
1W9398,Work Horse Manufacturing
1W9399,War Eagle Motorcycles
1W9400,Wayne's Trailer Supply
1W9401,WILDCAT MOTORCYCLES
1W9403,West Coast Trailer
1W9404,Wicked Choppers Corporation
1W9408,William Steele Welding & Fabrication
1W9410,Wilbert Funeral Services
1W9411,Welding & Machine
1W9412,"Woods line equipment, inc."
1W9413,Wildfire Motors
1W9414,Weston Choppers
1W9415,Wild Side Customs
1W9418,WIDOWMAKERS
1W9419,Workhorse Industries of Texas
1W9420,White Knuckle Performance Cycles
1W9421,Joe's Motorcycles
1W9422,Wolverine custom
1W9423,Warrior Manufacturing
1W9424,Wicomico Custom Cycles
1W9425,"Work Hawg Trailer Company, LLC"
1W9426,Wicked Enterprises
1W9427,Whiskey Custom Cycles
1W9428,WHOLESALE TRAILER WORLD
1W9429,Walz Hardcore Cycles USA
1W9431,Wilco Manufacturing
1W9432,Wicked Sickles
1W9433,Wild Cat Crane & Welding
1W9436,Wicked Custom Cycles
1W9437,Wide Open Cycles
1W9438,Wild West Trailers
1W9439,Winchester Auto Repair & Welding
1W9440,Wright's Design & Fabrication
1W9441,"Williams Fire and Hazard Control, Inc."
1W9442,WIZARD SPEED AND DESIGN
1W9447,Waterblasting Technologies
1W9448,Wyld Rydes
1W9450,Wanted Choppers
1W9451,Wayne's
1W9453,Wild Metal Manufacturing
1W9455,Washington Choppers
1W9456,West Side Cycle
1W9457,Wallace Lowboys
1W9458,Warren Power Attachments
1W9459,Wee Engineer
1W9460,Wicked Sick Designs Manufacturing T-Town Chopz
1W9461,Watertrailers.net
1W9462,Wilshire Trailers
1W9465,Western Int'l
1W9466,Whitetail Watersports dba Whitetail Airboats
1W9467,Wyoming Fabrication & Machine
1W9470,Weld Shop
1W9472,"SCRUGGS TRAILER & EQUIPMENT WSE LEASING, INC."
1W9474,Waterford Tank and Fabrication
1W9477,Work Easy Trailers LLC
1W9478,Weld-Tek Custom Fabrication
1W9479,Wes Mor Cryogenic Manufacturing
1W9480,Wilson Steel Products Co.
1W9481,West Side Choppers
1W9482,Wolfe Electric
1W9484,William N. Mason Inc. t/a Mason Drawn Equipment
1W9485,Wheego Electric Cars
1W9488,West-Mark
1W9489,Windy Ridge Fabrication
1W9491,Warhawk Performance
1W9492,Warhawk Performance
1W9493,Warhawk Performance
1W9494,Wegener Steel & Fabricating
1W9495,"WorldWide Trailer Manufacturing, Inc."
1W9497,W.G. Manufacturing
1W9498,"Woodcredit, inc. dba timberking"
1W9500,Whit Service & Supply
1W9503,Wendigo Industries Inc. dba So-Cal Choppers
1W9507,Waldrop's Welding & Fabrication LLC
1W9508,WOPE Trailers
1W9510,Western Innovation
1W9511,Wisdom
1W9513,Wiechelman Repair
1W9514,Well Done Equipment
1W9515,Wausau Equipment Company
1W9516,Wins Trike Bike
1W9517,Wideside Customs
1W9518,Walters Group
1W9519,Wadsworth Industries
1W9520,"WOT FABRICATION & ENGINEERING, LLC"
1W9521,Wilton Manufacturing
1W9523,Weaver Systems
1W9524,WICKED DESIGNS LLC
1W9525,Water Hog Trailers
1W9527,Wolverine Trailers LLC
1W9528,Winco
1W9528,WestQuip
1W9529,"Wahoo Marine Construction Company dba Aluma Technologies, Aluma Tek"
1W9530,WKM
1W9531,Weld Built Trailers
1W9532,WORKHORSE TRAILERS LLC
1W9534,"W.E. Machine & Welding, Inc."
1W9537,"WELCH TRAILERS, LLC"
1W9538,Wenzlau Engineering
1W9539,Wyatt Engineering & Fabrication
1W9542,Wilson Manufacturing
1W9543,Westar Manufacturing
1W9544,Wood-Tex Corporate LLC
1W9545,"Hybrid Light Solutions, LLC"
1W9547,Wheatridge
1W9548,Weiler
1W9552,Air Responder
1W9553,Wurk Metal Products
1W9555,Walton Trailers
1W9556,Wheelhaus
1W9561,Windswept
1W9561,Lang Specialty Trailers
1W9562,West Point
1W9564,Worldwide Trailer
1W9565,WB Enterprises
1W9566,Car Replica Trailers
1W9567,"WAGS MOTORCYCLE TRAILERS, LLC"
1W9568,Waterman Welding & Machining
1W9569,Worldwide Trailer Services
1W9570,Warrior Trikes S.E.
1W9572,Whitewater
1W9575,Worxs
1W9576,Walinga USA
1W9579,Galfab
1W9583,Willis Extendable
1W9586,"Wolfpack Chassis, LLC"
1W9587,"WORTHINGTON CRYOGENICS, LLC"
1W9590,WISTAR EQUIPMENT
1W9591,Wallrich Welding
1W9592,"Wellspring Components, LLC"
1W9594,Wilcken Industries
1W9595,wolf trailes
1W9597,"WESTERN WISCONSIN FABRICATING, LLC"
1W9598,WOW CARGO TRAILERS LLC
1W9600,Whispering Pines Fabricating
1W9601,WilderMaven
1W9602,Wicked Cool Motorcycles
1W9603,Weber Built Trailers
1W9604,"Wolf Industries, Inc."
1W9606,West Tech
1W9616,Waycaster Performance
1W9619,Watertown Draft Trailer LLC
1W9621,Wil-Ro Inc
1W9624,Weistec
1W9625,W D Trailer Mfg
1W9626,West Coast
1W9629,WibTech
1W9630,World Industrial Equipment
1W9632,"World Communication Towers, LLC"
1W9633,WENDUMP
1W9635,West Texas
1W9637,WTM
1W9638,USA Trailer Company
1W9639,Wurzbach
1W9640,Warfield Fabrication LLC
1W9641,Watson
1W9642,WhoDat Trailers
1W9643,Witmer
1W9645,Worth
1W9646,WeGo Camp Trailers
1W9647,"Western Shotcrete Equipment, Inc."
1W9649,WARTECH ENGINEERING
1W9651,"White's Welding, LLC"
1W9653,Wombat Camper
1W9654,WATCHDOG TRAILERS LLC
1W9658,WALTON
1W9659,WELD PRO CUSTOM BUILT
1W9661,USA Trailer Co.
1W9662,WANDER TEARS
1W9663,Beast Mode
1W9664,WIND RIVER
1W9667,WELDCO MFG
1W9669,WWRV
1W9670,WHITEY FABRICATION
1W9671,WELDCAT TRAILER
1W9672,WALLACE
1W9673,"Wolf Mfg, LLC"
1W9674,WestGen Power Solutions
1W9676,Bimota
1W9677,WARE CARGO TRAILERS
1W9678,"WELDING WORLD, INC"
1W9679,WM WELDING AND MANUFACTURING LLC
1W9681,WOODBREW LLC
1W9684,Lobo Adventure Trailers
1W9685,Wildcat Cable Solutions
1W9686,WTX Containers
1W9687,Watercar
1W9687,EV
1W9688,White Knuckle Fab
1W9691,Western Hwys
1W9692,WIGGINS
1W9694,WINDING CREEK MANUFACTURING
1W9694,XYZ Trailers
1W9695,WAGS PET & CARGO TRAILERS LLC
1W9697,Wilson (WILLIAM E WILSON JR LLC)
1W9698,Windrose Technology
1W9699,WARHORSE OVERLAND
1W9703,Watersnake Boats
1W9704,Wiens Energy
1W9705,"Windstrong Industries, LLC"
1W9706,Warthog EV
1W9709,Henghe
1W9709,Tookcar
1W9710,WCM Trailers
1W9712,West Alabama
1W9WS7,Walden Structures Construction
1WA,Autocar
1WB,Autocar
1WC,Wells Cargo
1WD,Autocar
1WE,"5 Starr Trailer Company, Inc"
1WF,Wells Cargo
1WH,A & F TRAILER MFG INC
1WR,Wesco Trailer Sales
1WT,Winnebago
1WU,White
1WV,Winnebago
1WW,Winnebago
1WX,White
1WY,White
1WZ,Circle J
1X3,"Grubb Trailers, Inc."
1X7,Bonanza Trailers
1X8,"War Hawk, Inc."
1X9002,X-PRESS
1X9003,Warlock Trailers
1X9008,Xotic Cycle & Motor Werx
1X9009,Xtreme Custom Conversions
1X9014,X-CEL Trailers
1X9015,Xtreme Cycles of Sarasota LLC
1X9019,XCS Choppers dba Xtreme Cycle Supply
1X9020,X-Treme Fabricating
1X9025,XTC Motorcycles
1X9026,Xtreme Trailers and MFG
1X9031,Xplor Campers
1X9033,XL Carts Inc.
1X9036,Little Guy Max
1X9037,Xpedition Trailers
1X9039,X-STAR TRAILERS LLC
1X9040,XOTO INC
1X9041,XTREME TRAILERS
1X9042,Xxiss
1X9043,XZ ELECTRIC VEHICLES
1X9044,"Xcel Manufacturing, LLC"
1X9046,Xtreme Manufacturing
1XA,Excalibur Automobile Corporation
1XK,Kenworth
1XL,RANGE
1XM,Renault
1XN,"Triple Crown Trailers, Inc"
1XP,Peterbilt
1XT,TRAILEX INC.
1XU,Logan Coach
1XV,THAYCO
1Y1,Chevrolet
1Y1,Geo
1Y9003,Yuma Welding and Fabrication
1Y9008,Yukon Marine Corp.
1Y9018,Yester Year Auto
1Y9020,Y.B. Welding
1Y9023,Yurko Custom Cycles
1Y9024,Yuba Trailer
1Y9029,Yoder Utility Trailer
1Y9034,Younessi Motors
1Y9036,YVTS
1Y9037,York Welding and Fabrication
1Y9041,Royco
1Y9042,"Yellow Cow Trailers, LLC"
1Y9046,YAN YUN
1Y9047,YELLOWSTONE
1Y9048,"YOUNG BROTHERZ, LLC"
1Y9049,Yak Master
1Y9050,YOLO
1YA,Mark's Trailers Inc
1YG,Aluma
1YJ,Rokon
1YU,UTILITY
1YV,Mazda
1Z2,Mitsubishi
1Z3,Mitsubishi
1Z4,Mitsubishi
1Z6,Mitsubishi
1Z7,Mitsubishi
1Z8,Mitsubishi
1Z9001,Hargrove Brand
1Z9004,OZ Bars
1Z9006,INTEGRA MANUFACTURING INC
1Z9008,OKLAHOMA GOOSENECK MFG INC
1Z9009,Quality Discount Trailers
1Z9010,INDEPENDENT TRAILER MANUFACTURING
1Z9011,IRON MAN WELDING
1Z9012,"O.T. Fabricating, Inc."
1Z9013,Industrial Studs Inc.
1Z9014,Illusion Cycles Inc.
1Z9026,ZIERKE BUILT MANUFACTURING
1Z9035,Trackmaster Trailers
1Z9039,ZEHR ENTERPRISES INC
1Z9040,Predator Eagle
1Z9042,INVADER COACH MANUFACTURING INC.
1Z9048,ITI TRAILERS AND TRUCK BODIES
1Z9053,IMAGE CYCLES INC
1Z9058,Overbilt Trailer Company
1Z9060,INDUSTRIAL FABRICATION & TESTING
1Z9062,QUALITY SPECIALTY PRODUCTS
1Z9064,Ornamental Iron Works LLC
1Z9065,Osbornes Welding
1Z9068,Quality Welding Service Inc
1Z9071,OUTBACK TRAILERS
1Z9072,Ziffel Manufacturing
1Z9075,International Equipment Mfg Co.
1Z9076,Fuzion Motorcycles
1Z9076,Warlock Trailers
1Z9084,Idaho Truck Specialties
1Z9085,"IDEAL QUALITY TRAILERS, LLC"
1Z9086,OverBuilt
1Z9087,JOHN WHITE SERVICES
1Z9091,"Olympic Manufacturing and Sales, Inc."
1Z9092,"Sage Oil Vac, INC"
1Z9096,INTERNATIONAL SUPPLY CO. INC.
1Z9097,Industrial Wheel Exchange
1Z9101,Quest Manufacturing
1Z9104,Interstate Trailers
1Z9106,ZELIGSON
1Z9108,Zimmerman Manufacturing Corp.
1Z9116,ZAT ENTERPRISES
1Z9117,OUTLAW RANCH TRAILER SALES INC
1Z9119,Legend Valley Products / O'Brien Mfg
1Z9121,Independence Motorcycle Company
1Z9123,ThunderVolt
1Z9130,QUICK SILVER CUSTOM TRAILERS
1Z9133,Immer Enterprises
1Z9136,Owings Equipment Co.
1Z9139,EMB INCORPORATED
1Z9140,Imperial Trailers
1Z9141,Iron Eagle Motorcycles
1Z9143,Intermodal Container Systems
1Z9146,Olympic Trailers Inc
1Z9147,Indian River Trailers Inc
1Z9148,Outlaw Mfg Inc
1Z9149,"Quality Truck Bodies & Repair, Inc"
1Z9152,Industrial Process Services Inc
1Z9156,Osborne Construction & Backhoe Inc
1Z9157,Quality Manufacturing Co
1Z9158,Zook's Welding
1Z9159,Image Custom Cycles Inc.
1Z9160,Odyssey Extreme Machines Inc
1Z9161,Indiana Phoenix Inc
1Z9163,OSW Equipment & Repair Inc
1Z9164,Imperial Structures LLC
1Z9167,"Osborn Sheet Metal, LLC"
1Z9168,Old Dominion Brush
1Z9170,Orange County Choppers
1Z9171,Zamora Sales and Service
1Z9173,Innovative Trailer Mfg.
1Z9175,IBS Systems
1Z9181,"Indiana Custom Cargo, Inc"
1Z9182,Otto's Custom Trailers
1Z9185,IndCom Services
1Z9187,ZZ Trailers
1Z9188,ODDI CYCLES
1Z9191,Otterbacher
1Z9196,Z Z CHOPS
1Z9198,QWS TRAILER INC.
1Z9200,Intercontinental Truck Body
1Z9201,Integrity Trailers
1Z9205,Innovator Trailers Inc
1Z9207,Indian Motorcycle Binghamton
1Z9208,Quadra Manufacturing
1Z9209,IRONHORSE TRAILERS
1Z9211,Industrial Manufacturing Solutions Inc
1Z9212,Illinois Trailer Sales
1Z9215,"Outlander Trailer, LLC"
1Z9216,Optima
1Z9217,ZAP
1Z9220,INFINITY TRAILER SALES
1Z9222,industrial Trailer
1Z9225,Independent Cycle Works Inc
1Z9230,Outlaw Custom
1Z9232,Outlaw Custom
1Z9233,Iron Horse
1Z9235,INLAND EMPIRE CHOPPERS
1Z9236,Ocean Choppers
1Z9243,Outkast Cycles
1Z9246,Inventors Classical Electric Vehicle
1Z9247,Indian Larry Legacy
1Z9249,Ohio Fluid Products Company
1Z9250,Oakland County Chopper Motorcycle
1Z9251,Queens Motor Company
1Z9254,Iron Mike Cycles
1Z9256,Infamous Motorcycle
1Z9257,"Open Road Motorcycles, Inc."
1Z9258,Overland Tank
1Z9259,Inland Venture
1Z9263,Island Choppers
1Z9264,Insane Custom Cycle
1Z9265,Insane Cycle Designs
1Z9266,Independent Cycle East
1Z9267,ZZ TRAILER
1Z9269,Old Town Choppers
1Z9270,Industrial Structures
1Z9272,Itasca Thunder
1Z9273,Iverson Manufacturing
1Z9274,Intrepid Cycles
1Z9275,Intense Creations
1Z9276,"102 IRONWORKS, INC."
1Z9278,Imperialite
1Z9279,Owens Cargo
1Z9280,Outkast Trailer
1Z9281,"Intermountain Truck Rebuilders, Inc."
1Z9282,Ideal Trailers
1Z9283,O3 Industries
1Z9285,Ozark
1Z9288,Old Glory Trailers
1Z9289,IRVING EQUIPMENT
1Z9292,OSCHOOL CHOPPERS
1Z9293,Quality Performance Trailers
1Z9295,Indianhead Truck & Body
1Z9299,Zacky's Custom Rods
1Z9303,58th Street Customs
1Z9304,Outlaw Mfg Inc
1Z9305,OLIVER
1Z9306,Oyler
1Z9307,Idaho Tote Dolly
1Z9308,280 Trailers
1Z9311,Quality Industrial Construction
1Z9312,Innovative Structure & Design
1Z9319,Quality Manufacturing Corporation
1Z9321,Impact Hydraulic
1Z9322,Quality Rebuilt Autos & Manufacturing
1Z9328,Orlando Metal Fabrication
1Z9331,O'Neal Trailers
1Z9332,Oshkosh
1Z9334,IBI
1Z9335,"Island Topsoil, LLC"
1Z9336,Z Fabrication Wildfire Pits and Smokers
1Z9341,Oakley Trailers
1Z9342,OCO Pressure Control Trailers
1Z9343,"Insta-Gator Choppers, LLC"
1Z9348,Invision Trailers
1Z9352,Imaginative Manufacturing
1Z9353,Orchard Hill Welding
1Z9354,Z Electric Vehicle Corporation
1Z9356,Quality Machine Company
1Z9358,Z3 SUPPLY
1Z9359,Olympus Technologies Trailer
1Z9361,Display Compnay dba Speedcheck
1Z9362,Quality Concession Trailers
1Z9364,Street Golf Carts
1Z9364,Street Legal Carts
1Z9366,3D Custom Aluminum
1Z9368,Oilfield Repair Trailers
1Z9369,On-site Fleet Services
1Z9370,Identity Motors Manufacturing & Assembly
1Z9371,Old Field Motorcycle Mfg.
1Z9372,Innovative Biker
1Z9374,inTech Trailers
1Z9377,Impressive Motorsports
1Z9378,Olson Owsley
1Z9379,Onken's Trailer
1Z9380,Quantum Leap
1Z9383,Fast -Way Ideal Mfg Co
1Z9384,Orteq Energy Services
1Z9385,Ice Houses
1Z9388,ZIMCO MANUFACTURING
1Z9389,Ohalee Trailers
1Z9391,Irish Hill Choppers
1Z9397,WESCO
1Z9398,Integrity Manufacturing
1Z9399,Industrial Engineering
1Z9404,Oreion Motors
1Z9406,Infern-O-Therm
1Z9407,OX Industrial
1Z9408,Italian Choppers LLC
1Z9409,Qualitech
1Z9410,ZIMMERMAN TRAILER
1Z9412,OP Tank Trailer
1Z9413,"Quitman Tank Solutions, LLC."
1Z9417,Iowa Trailer Manufacturing
1Z9418,Iron Outfitter
1Z9420,INFINITTI TRAILERS
1Z9422,"QualityTrailer Manufactury, Inc."
1Z9425,Octane Trailers
1Z9426,Innovative
1Z9427,Turtle Top
1Z9429,Industrial Maintenance and Fabricating
1Z9430,Imperial Industries
1Z9432,Oak & Iron Trailers
1Z9436,Integrity Metal Fab LLC
1Z9437,"Industrial Systems, Inc"
1Z9438,"Quality Welding & Fabrication, Inc."
1Z9446,Oregon Trailer
1Z9448,Iowa Steel Fabrication
1Z9450,"Intuitive Control Systems, LLC dba All Traffic Solutions"
1Z9453,Old School Motorcycle
1Z9454,ZAMR.A.C SYSTEM INC
1Z9458,Island Cart
1Z9462,3T Mfg.
1Z9464,Op4 LLC
1Z9466,Outback
1Z9467,Odulair
1Z9469,"OMJC Signal, Inc."
1Z9471,ZAKS CUSTOM PITS
1Z9472,QPS
1Z9475,Quality Trailers Inc
1Z9477,Quixote MM LLC
1Z9479,Inka Outdoor
1Z9483,Zanetti Trailer Manufacturing
1Z9485,Outbreak Customz
1Z9486,Industrial Machine and Kitting SVCS
1Z9487,801 Trailer Manufacturing
1Z9488,Ok Schooners
1Z9489,Infinity Trailers
1Z9490,Quik Manufacturing DBA QMC
1Z9490,QMC Cranes
1Z9493,OH DEER AUTO BODY LLC
1Z9495,Ironman Trailer Company
1Z9496,Okie Built Trailers
1Z9499,Quickloadz Container Delivery System
1Z9499,QuickLoadz
1Z9502,Off The Hook Trailers Corp
1Z9503,505 Fabrication
1Z9503,Summit Expedition Trailers LLC
1Z9508,Smart Trailer
1Z9510,Zero4Outdoors
1Z9512,Indigan
1Z9513,IDEAL
1Z9514,Outer Banks Beach Buggies
1Z9515,Valkyrie Trailers
1Z9516,RCM Motorcycles
1Z9520,INTELLI-CORE LLC
1Z9521,"1/OFF KUSTOMS, LLC"
1Z9523,55 Grills
1Z9524,"IRON DOG, INC."
1Z9525,In2Go
1Z9526,Inland Empire
1Z9527,ZARK
1Z9530,Orange EV LLC
1Z9531,O.Z.Z Choppers
1Z9534,MVT-Mobilevision
1Z9535,OTWI
1Z9536,EXCEL TRAILERS
1Z9537,Quality Specialty Trailers
1Z9538,5280 Trailerworks
1Z9540,Ideal Customs
1Z9543,DASH
1Z9544,Dependable Trailer
1Z9545,OCS Marine Inc
1Z9548,Oregon Food Trucks LLC
1Z9550,4M Farm & Trailer Sales
1Z9551,ICON EV
1Z9552,INTO THE WILD
1Z9553,5R Ranch Trailers
1Z9554,"Iron Born Manufacturing, Inc."
1Z9560,IAS
1Z9562,Zion's Tiny Homes
1Z9564,Indigo Galvanized Trailers
1Z9565,Indigo River Tiny Homes
1Z9566,Intermountain Drilling Supply
1Z9569,Infinity Trailers of Florida
1Z9570,Inglewood Custom and Service
1Z9571,Oregon Corrections Enterprises (OCE)
1Z9574,3C Cattle Feeders Inc.
1Z9577,Ozark Trailer Sales
1Z9581,ZIGGY
1Z9584,3 Custom Solutions
1Z9585,QSB Trailers
1Z9586,357 Golf Carts
1Z9589,5JS Welding
1Z9591,ICART EV LLC
1Z9593,"Iowa Steel Fabricators, LLC"
1Z9596,OVERKILL CAMPERS LLC
1Z9597,On1Design LLC
1Z9598,"OPTIMUS INDUSTRIES, LLC"
1Z9599,QMC Cranes
1Z9600,OVO
1Z9601,ZTech Industries
1Z9604,Outbound trailer
1Z9605,5M Trailers
1Z9606,OSCO PRODUCTS LLC / USA
1Z9607,AlphaHD Trailers
1Z9608,Grand Teton
1Z9608,Sierra
1Z9608,Denali
1Z9611,Overstreet
1Z9612,CLUB CAR PRECEDENT
1Z9612,STCC
1Z9613,Kampereen
1Z9615,QC CART CRAFT LLC
1Z9616,QTC
1Z9617,OwnBillboard
1Z9618,Independent Motorcycles
1Z9620,Indestructible
1Z9622,OAK TINY HOMES
1Z9622,ECLIPSE PARK MODEL
1Z9623,7 Sons Construction
1Z9624,Iron Famous
1Z9626,ONE WAY AUTO
1Z9629,KRIN USA
1Z9631,Z
1Z9632,OZI CONCEPT
1Z9634,ZION OFF-ROAD
1Z9636,QUANTUM-XE
1Z9637,I-35 Trailers LLC
1Z9638,7X Offroad
1Z9639,IRON WAGON 
1Z9640,Prestige
1Z9641,ZERIMAR 
1Z9642,ZIMAR-T
1Z9643,IN PLACE TECHNOLOGY INC.
1Z9644,ZTM
1Z9646,OPERATION TINY HOME
1Z9646,LIPPERT
1Z9649,LIV
1Z9650,"IES, LLC"
1Z9651,702 TRAILER'S & WELDING LLC
1Z9652,TRUSS TRAILER
1Z9653,FOUR DEGREE TRAILER COMPANY
1Z9654,THE BURLY
1Z9656,INFINITY TRAILERS LLC
1Z9657,Imperial Trailer Systems
1Z9660,OLYMPUS TECHNOLOGIES INC. / OLYMPUS
1Z9661,24/7 Onsite Cameras Inc
1Z9664,OBX
1Z9665,YFT
1Z9666,36 FEET LLC
1Z9667,IKLCO
1Z9668,Mid State Trailers
1Z9669,IKONIQ
1Z9670,iEV
1Z9672,BMFD Product
1Z9673,Zerbe Mfg
1Z9675,QWF
1Z9676,OBT
1Z9677,ZEC
1Z9678,Iron Rail
1Z9679,4 Boss
1Z9680,Irok
1Z9681,818
1Z9682,818
1Z9683,ZG TRAILERS
1Z9684,O & R
1Z9688,"Odyssey(ODYSSEY DESIGN AND MANUFACTURING, INC.)"
1Z9689,Bonacassio Lighting
1Z9691,Odyssey Trailers LLC
1Z9692,OMCO
1Z9694,Ironclad
1Z9695,"ZYBERGRAPH, LLC"
1Z9696,i-Load
1Z9697,IBARRAS
1Z9698,IEV CORPORATION / iEV
1Z9699,Inspire
1Z9701,Stone Canyon Homes
1Z9702,Tricargo
1Z9704,GULF COAST TRAILERS
1Z9706,OUTLAW TRAILERS LLC
1Z9707,IRONSIDE FABRICATORS LLC
1Z9709,ODYSSEY
1Z9714,Santana
1Z9714,Land Rover Santana
1Z9715,RHINO BUILDING
1Z9716,643 ENTERPRISE
1Z9717,i4 E-Carts
1Z9720,Trail Trailer
1Z9725,"INDUSTRIAL TOOLZ, INC."
1Z9726,ORC Trailers
1Z9728,360 Custom Trailers
1Z9730,IRON HORSE CUSTOMS LLC
1Z9731,Cart Haulers
1Z9731,Construction Haulers
1Z9731,Nursery Haulers
1Z9732,On-Site Industrial Products
1Z9734,137 INDUSTRIES INC.
1Z9735,#1 ALPINE CUSTOMS
1Z9737,ONBOARD DYNAMICS
1Z9738,Bull Head Trailers
1Z9739,Hidden Valley
1Z9740,IRON STITCH
1Z9741,7 ENERGY
1Z9743,OCT
1Z9744,QuickLoadz
1Z9745,Zebra(ZEBRA E-CARTS CORP)
1Z9746,IDEAL WELDING SOLUTIONS
1Z9747,Z TRAILERS
1Z9748,2 GOLDEN EAGLES
1Z9750,Irok
1Z9751,IRON BLACKBIRD CYCLE
1Z9757,OVERLAND VEHICLE SYSTEMS
1Z9758,5G Modular
1Z9759,QuickLoadz
1Z9761,Tiny
1Z9762,"Overland (OVERLAND SERVICES, LLC)"
1Z9763,FINISH STRONG TRAILERS
1Z9765,62DNC Trailer
1Z9768,O’Guinn ATR Trailers
1Z9770,Zion
1Z9775,ZMod
1Z9776,OGL ADV
1Z9777,321Trailers
1Z9778,IronHide Blinds
1Z9780,Ironmann Trailers
1Z9782,OSY Haulers
1Z9783,Zeus Force LLC
1Z9784,ONYX Motors Inc
1Z9MS1,Quality Modular Structures
1ZE,Starcraft
1ZE,EZL MODEL
1ZE,ALUMINUM MODEL
1ZE,SPECIALTY MODELS (EZL)
1ZE,SMOKERCRAFT
1ZE,OEM
1ZE,CUSTOM WELDED FRAME
1ZE,RAM OEM Trailer
1ZE,EZ LOADER WIDTH SERIES
1ZF,International Trailer
1ZG,Dameron
1ZJ,Continental Trailers
1ZL,LHT Industries
1ZV,Ford
1ZW,Mercury
20D,"HISUN MOTORS CORP.,USA"
20E,TUT
2A2,Chrysler
2A3,Chrysler
2A4,Chrysler
2A6,Chrysler
2A7,Chrysler
2A8,Chrysler
2A9023,Waltron Limited
2A9037,Aspen Trailer Company Ltd.
2A9053,Kalyn Siebert
2A9114,ABS
2A9125,ASPEN CUSTOM TRAILERS
2A9138,Raja Trailer
2A9165,Flare Stack
2A9165,Comm / Light Tower
2A9167,Admiral Drive Systems
2A9177,AGB
2A9191,ALLARD MOTOR WORKS
2A9198,LION
2A9209,ALL-EQUIP REPAIR & SERVICE LTD.
2A9214,A&A Steel Enterprises Ltd.
2A9217,LION
2A9218,ARMADILLO TRAILER MFG.
2A9219,ARKTO CAMPERS LTD.
2AE,Advance Engineered Products
2AP,Advance Engineered Products
2AY,Hino
2AZ,Hino
2B1,Orion Bus
2B2,Dodge
2B3,Dodge
2B4,Dodge
2B5,Chrysler
2B6,Dodge
2B7,Dodge
2B8,Dodge
2B9001,BWS Trailer
2B9001,EZ-2-LOAD Trailer
2B9006,Bigfoot Industries Ltd.
2B9007,BEDARD TANKERS INC
2B9028,Ontario Bus Industries Inc.
2B9062,Bicknell Racing Products
2B9064,Berkelmans Welding and Mfg. Inc.
2B9092,Ballard Power Systems Inc.
2B9096,BK Developments Ltd.
2B9110,Black Lightning Aluminum Trailers Ltd.
2B9124,CAN-AM
2B9283,HELIO
2B9301,BLACK HORSE FORESTRY TRAILERS
2B9640,Built Right
2BA,Orion Bus
2BC,Jeep
2BD,Jeep
2BV,CAN-AM
2BW,CAN-AM
2BX,CAN-AM
2BX,SPYDER
2BY,Brandt
2BZ,CAN-AM
2C0,GMC
2C1,Chevrolet
2C1,Geo
2C2,Pontiac
2C3,Dodge
2C3,Chrysler
2C3,Fiat
2C3,Lancia
2C4,Dodge
2C4,Chrysler
2C4,Volkswagen
2C4,Jeep
2C4,Fiat
2C4,Ram
2C4,Lancia
2C5,Chrysler
2C6,Dodge
2C6,Chrysler
2C6,Volkswagen
2C6,Jeep
2C6,Fiat
2C6,Ram
2C6,Lancia
2C7,Dodge
2C7,Chrysler
2C7,Volkswagen
2C7,Jeep
2C7,Fiat
2C7,Ram
2C7,Lancia
2C7,Pontiac
2C8,Chrysler
2C9005,Wastequip Cusco
2C9057,Les Soudures Chagnon Ltee
2C9075,Comptank
2C9081,CUSTOM BUILT AG. INDUSTRIES LTD.
2C9086,Cancade Company Limited
2C9145,Campagna
2C9151,Normand Co. Ltd
2C9155,Chameleon Transportation Systems Inc
2C9161,Courtney Berg Industries Ltd
2C9169,Care Ind
2C9173,Crown Energy Technologies
2C9178,Convey-All Industries Inc
2C9183,Cross Country Mfg.
2C9184,Care Industries Ltd
2C9197,Canadian Electric Vehicles
2C9201,Cirbin Inc.
2C9207,Cam-Concept
2C9212,Icon Manufacturing
2C9218,Coral Oilfield Services Inc.
2C9318,"CANADIAN LOAD DIVIDER DOLLIES INC. (""CLDD"")"
2C9331,12832429 CANADA INC.
2C9333,Apogee Trailers 2.0
2C9342,Magna Manufacturing
2CA,Chrysler
2CC,Chevrolet
2CC,American Motors
2CG,Pontiac
2CK,GMC
2CK,Pontiac
2CK,Geo
2CM,American Motors
2CN,Chevrolet
2CN,Geo
2CP,Canada Trailers Manufacturing
2CT,GMC
2CU,Trailtech Trailers
2D2,Dodge
2D3,Dodge
2D4,Dodge
2D5,Dodge
2D6,Dodge
2D7,Dodge
2D8,Dodge
2D9004,DELOUPE INC
2D9007,Durabody Industries
2D9053,Dex Unlimited Inc
2D9071,DGC Trailer Manufacturing
2D9088,Double S Enterprises
2D9100,DRYAIR 2000 Inc.
2D9121,DOYLE MANUFACTURING
2D9128,Droplet Design Ltd.
2D9132,Precision Laser & Mfg LLC
2DA,DOUBLE A TRAILERS
2DD,IDEAL CARGO INC.
2DE,Scona
2DE,Doepker Industries
2DG,ARMORTECK
2DM,"Di-Mond Trailers, Inc."
2DN,Dynasty Electric Car
2DR,DRYAIR 2000 Inc.
2E3,Eagle
2E4,Lancia
2E9050,Express Custom Trailer Mfg. Inc.
2E9068,Escape
2E9080,Electra Meccanica Vehicles Corp.
2E9088,Express Custom Trailer Mfg. Inc.
2E9092,Excel Tent Trailers
2EA,Fleetwood Enterprises (Terry)
2EC,Fleetwood Enterprises (Prowler)
2ED,Fleetwood Enterprises (Wildnerness)
2EE,Fleetwood Enterprises (Avion)
2EF,Fleetwood Enterprises (Mallard)
2EG,Fleetwood Enterprises (Savanna)
2EH,Fleetwood Enterprises (Park Models)
2EJ,Fleetwood Enterprises (Caribou)
2EK,Fleetwood Enterprises (Elkhorn)
2EL,"Fleetwood Enterprises, Inc. (Angler)"
2EM,"Fleetwood Enterprises, Inc. (Westport)"
2EP,ELJO INDUSTRIES INC.
2EV,Trekker
2EW,Hymer
2EW,Eriba
2EZ,Electra Meccanica Vehicles Corp.
2F9045,Remorques
2F9055,Fibro Concept Inc.
2F9068,GRP Fiberglass Limited
2F9073,Fifties Trailers
2F9100,Fusion Production System Inc.
2F9103,FlexReel Trailers Inc.
2FA,Ford
2FB,Ford
2FC,Ford
2FD,Ford
2FG,Fabri-Remorque Inc.
2FH,ZENN
2FM,Ford
2FT,Ford
2FU,Freightliner
2FV,Freightliner
2FW,Sterling Truck
2FY,New Flyer
2FZ,Sterling Truck
2G0,GMC
2G1,Chevrolet
2G2,Pontiac
2G3,Oldsmobile
2G4,Buick
2G5,Chevrolet
2G5,BrightDrop
2G6,Cadillac
2G7,Pontiac
2G8,Chevrolet
2G9086,FCM-Group
2G9098,Grande West
2G9100,GEA Farm Technologies
2G9103,OFF GRID 
2G9105,Gincor Trailer Werx
2GA,Chevrolet
2GB,Chevrolet
2GC,Chevrolet
2GD,GMC
2GE,Cadillac
2GH,GMC
2GJ,GMC
2GK,GMC
2GL,General Coach
2GN,Chevrolet
2GR,Glendale RV
2GT,GMC
2GX,Bigfoot Industries (2010) Inc.
2H9003,Highliner Trailer
2H9048,HI-TECH FABRICATORS INC
2H9071,Heartland Trailers of BC
2H9080,Cycle Hauler
2H9092,Harvest Services
2H9096,HESSE
2H9097,HDE
2HG,Honda
2HH,Acura
2HJ,Honda
2HK,Honda
2HN,Acura
2HP,Navistar
2HP,Caterpillar
2HP,IC Bus
2HP,Workhorse
2HP,International
2HS,Navistar
2HS,Caterpillar
2HS,IC Bus
2HS,Workhorse
2HS,International
2HT,Navistar
2HT,Caterpillar
2HT,IC Bus
2HT,Workhorse
2HT,International
2HU,Acura
2HV,Navistar
2HV,Caterpillar
2HV,IC Bus
2HV,Workhorse
2HV,International
2HZ,Hunter Technology Inc
2J4,Jeep
2J5,Jeep
2J6,Jeep
2J9011,JJ Trailers
2J9023,Jamco Trailers
2J9038,Junior Motorcycle Manufacturing
2J9057,J Bond & Sons
2JA,CJAY TRAILERS INC.
2JB,BEARCO
2JC,J-Craft of Canada Ltd.
2K9013,Paul Krohnert Manufacturing Limited
2K9035,Titan Trailers Inc.
2K9050,Kerr Trailers
2K9062,Kruzer Motorcycle Trailer
2K9064,KSM INC.
2K9072,K-Line Trailers Ltd
2K9073,KSAD INC. O/A KANGAROO TRAILERS
2K9075,KINETIC CUSTOM TRAILERS LTD
2K9080,KCP Concrete Pumps
2L1,Lincoln
2L9012,Ladner
2L9069,Lees Leisure Industries Limited
2L9100,Li'l Ice Cream Shop Ltd
2L9107,Auto Decor Matane Inc.
2L9110,ProLite
2L9119,Fraco Products Ltd
2L9139,LITO Green Motion
2L9162,LE CARROSSIER RIVE-SUD
2LA,LION
2LB,LION
2LC,Les Remorques Laroche
2LD,Triple E Industries
2LE,Apogee Trailers
2LJ,Lincoln
2LM,Lincoln
2LN,Lincoln
2M1,Mack
2M2,Mack
2M3,Mack
2M5,MANAC
2M9004,Marathon
2M9018,Midland Mfg Ltd
2M9056,MCBRIDE TRAILERS INC.
2M9058,Motor Coach Industries
2M9116,Conception Metavic
2M9131,MOBILIFT INC
2M9135,Maisons SRM Blondeau Homes Inc
2M9137,PINNACLE INDUSTRIAL SERVICES
2M9147,M & M Development Ltd
2M9151,Majestik Trailers
2M9153,MUST Technologies Ltd.
2M9166,Millroad Manufacturing
2M9182,Matrixx Specialized Trailers
2M9189,6186433 MB Ltd / Ironmen Industries
2M9193,MUSKOKA
2M9197,Metal Valley MFG
2M9200,AM MACHINERY INC.
2M9202,Mission Overland
2M9209,CD PMF
2M9209,US PMF
2M9209,US MHF
2M9281,KING RACE TRAILERS
2ME,Mercury
2MG,Motor Coach Industries
2MH,Mercury
2MR,Mercury
2MS,Miska Trailer Factory
2MW,Marlon Recreational Products Ltd.
2MX,Maxi Roule Inc
2N9017,NORBERT'S MANUFACTURING LTD
2N9038,Northern Lite MFG. LTD
2N9045,Stageline
2N9069,Norac Systems International Inc
2N9090,NEUSTAR MANUFACTURING INC
2N9096,Northern Towers Industries
2ND,Nordtek Trailers Inc
2NE,N & N Remorque Inc
2NK,Kenworth
2NP,Peterbilt
2NV,NovaBUS
2P3,Plymouth
2P4,Plymouth
2P5,Plymouth
2P6,Plymouth
2P7,Plymouth
2P9001,Prevost
2P9004,T & M Mfg
2P9009,Pro-Par
2P9015,Magnum Trailer & Equipment Inc.
2P9027,HESSE
2P9036,Phil Larochelle Equipment Inc.
2P9039,Pulverisateur
2P9059,Paron Industries Inc.
2P9079,SPAR Roofing & Metal Supplies Limited
2P9085,Phoenix Rotary Equipment Ltd.
2P9088,Safari Condo
2P9096,Pacesetter
2P9099,PRITCHARD METALFAB
2P9110,Prevost
2P9112,Vallee Sawmills
2P9112,Red Runner Processors
2P9118,PhiBer Manufacturing Inc
2PC,Prevost
2PE,Peak Manufacturing Inc.
2PL,Scona
2R9011,Raglan Industries Inc
2R9144,Raja Trailer
2R9625,Rainbow Trailers inc
2R9670,Remorques Savage
2R9672,Rayfab Inc.
2R9678,Crown Energy Technologies
2R9690,Irontech Rig Repair & Manufacturing Inc.
2R9699,CFT Trailers
2R9699,CFT ECO2
2R9706,9149-0847 Quebec Inc.
2R9708,TENCO
2R9710,RTD Manufacturing
2R9730,Remorques Packet Inc.
2RA,ROAD RUNNER
2RD,REBELL INNOVATION
2RE,REMEQ
2RG,GATOR
2RH,Rotofab Inc
2RN,Remorques Action Air Trailers International Inc.
2RY,K-Trail
2S2,Suzuki
2S3,Suzuki
2S9009,Scamper Canada Ltd.
2S9010,Saturn Industries
2S9023,STC
2S9058,Specialty Steel Incorporated
2S9109,Saskarc Industries Inc
2S9123,Star-Trans Equipment Manufacturing
2S9131,Sea-Bow International Inc.
2S9132,Signalisation Ver-Mac Inc
2S9134,Trout River Industries
2S9135,AG Shield Manufacturing
2S9177,3 STAR MFG LTD
2S9184,SUNLITE TRAILERS INC.
2SA,Starcraft
2SF,STC
2SG,VER-MAC
2SH,"VANGUARD REFRIGERATED TRAILER CO.,LTD."
2SJ,SILVERMOUNTAIN TRAILERS
2SL,Oasis Trailer Manufacturing LTD
2SS,Linamar Consumer Products
2SS,Westbrook Greenhouse Systems Ltd.
2SS,Stirling
2SW,SnowBear
2T1,Toyota
2T2,Lexus
2T3,Toyota
2T9011,Thru-Way Trailers Centre Limited
2T9016,Ty-Crop Manufacturing Ltd
2T9089,Tankcon FRP Inc.
2T9116,WILLTEN MFG. CORP.
2T9124,Thomson Projects Ltd
2T9131,Trailerman Trailers Ltd
2T9148,Trailer-Pro Inc
2T9149,Trailers Niagara Mfg.
2T9196,Tuff Built Products Inc.
2T9205,TURBOCRISTAL INC.
2T9206,Triple E Industries
2T9206,Prestige Trailers
2T9218,Tycrop
2TL,TREMCAR
2TM,Temisko
2TU,Motor Coach Industries
2TV,Titan Trailers Inc.
2TX,Innovative Trailer Design Industries
2TZ,TRIUMPH TRAILERS
2V4,Volkswagen
2V8,Volkswagen
2V9031,VIDA TOWABLES INC.
2VM,MAX-ATLAS
2W9001,"WALINGA, INC."
2W9013,MAXFIELD
2W9044,Westward Industries
2W9075,Walsh Auto & Fabrication
2W9080,WCW
2W9081,Warman's Welding LTD
2W9087,LES ÉQUIPEMENTS WOODY
2W9093,WOLF INNOVATIONS
2W9099,Westward Industries
2WE,Western Star
2WK,Western Star
2WL,Western Star
2WM,Western Star
2WV,Weberlane Manufacturing
2XB,BWS Trailer
2XK,Kenworth
2XM,Eagle
2XP,Peterbilt
349002,Yardbeast
359001,Gripin
389004,FREDY RUIZ MARTINEZ
389006,Xtreme Choppers
389018,The Trailer Shop Puerto Rico MFG
389020,7 Seas Trailers
3A0,Martinez
3A1,"Manufacturas Industriales Gami, S.A.de C.V"
3A2,Chrysler
3A3,Chrysler
3A4,Chrysler
3A6,Chrysler
3A7,Chrysler
3A8,Chrysler
3A9005,ALVAREZ
3A9019,Carmex
3A9050,Margo
3A9057,IVEMSA
3A9074,IFA REMOLQUES
3A9080,"Ingenieria en Transformaciones Metalicas, S.A. De C.V."
3A9116,Olympic Trailer
3A9150,El Ranchero
3A9165,TEKIAR
3A9168,"Integradora Maquirent, S.A DE C.V. dba Wink Equipment"
3A9205,Ingenieria y Maquinaria de Guadalupe
3A9209,CAREDI
3A9216,Industrias Met GRI SA de CV
3A9217,AMERICAN MANUFACTURING SUPPORT
3A9220,Auto Tanques y Tolvas Troy S.A. de C.V.
3A9249,Truxton
3A9258,IKA TRAILERS
3A9259,RECAMZA
3A9261,IZA DESIGN & MANUFACTURING
3A9266,Ed Trailers
3A9267,JELMAX TRAILERS
3A9290,IRON LITE 
3A9292,Industria Real
3A9293,AMC APARATOS MECANICOS DE CALIDAD
3A9296,Reansol
3A9309,Morales Trailers / OMA Trailers
3A9311,IPSE LOCOMOTIVE
3A9316,MAGNAMERICA TRAILERS
3A9318,OTV Trailers
3A9319,REMOLQUES QUSEM
3A9323,Arvi Trailers
3A9324,Acha Trailers
3AB,Dina Autobuses
3AE,Ramirez
3AK,Freightliner
3AL,Freightliner
3AM,KUZZY
3AU,MQ Power
3AU,Multiquip
3AW,American Trailers
3AW,Fruehuaf
3AW,Smart Trailers
3AW,FDM
3AW,East
3B2,Dodge
3B3,Dodge
3B3,Chrysler
3B4,Dodge
3B5,Dodge
3B6,Dodge
3B7,Dodge
3B8,Dodge
3B9001,Baja Steel Inc
3B9007,Bulk Tank International
3B9008,BUSHMASTER OF MEXICO S.A. DE C.V.
3B9021,Boscher
3B9022,BIG LOW BOY
3B9028,BEAVERS
3BD,Strick Commercial Trailer
3BH,Western Star
3BJ,Western Star
3BK,Kenworth
3BM,Motor Coach Industries
3BP,Peterbilt
3BT,WEST TEXAS DOLLIES INC.
3BY,Carrocerias de Lucio
3BZ,GRUPO REMOLQUES del NORTE
3C2,Chrysler
3C3,Dodge
3C3,Chrysler
3C3,Fiat
3C3,Lancia
3C4,Dodge
3C4,Chrysler
3C4,Volkswagen
3C4,Jeep
3C4,Fiat
3C4,Ram
3C4,Lancia
3C5,Chrysler
3C6,Dodge
3C6,Chrysler
3C6,Volkswagen
3C6,Jeep
3C6,Fiat
3C6,Ram
3C6,Lancia
3C7,Dodge
3C7,Chrysler
3C7,Volkswagen
3C7,Jeep
3C7,Fiat
3C7,Ram
3C7,Lancia
3C8,Chrysler
3C9039,Carrocerias Gallegos
3C9115,CORPUS TRAILERS
3C9116,Carga Facil
3C9127,CONCAR
3C9142,Munoz
3C9143,Calcross
3C9164,Cecza
3C9192,TCM
3C9218,Cusitec
3C9223,KAMIXO CARROCERIAS
3C9230,ROSTAM
3C9243,TRAIALDI
3C9248,COSMI
3C9249,REMOLQUES SAN JUAN
3C9260,Conquest
3CA,Chrysler
3CE,Volvo
3CG,KTMMEX
3CV,"PJ TRAILERS COMPANY, S.A. DE C.V."
3CW,Five Star Trailers
3CX,Lozano Trailer
3CX,Krone Trailer
3CZ,Honda
3D2,Dodge
3D3,Dodge
3D4,Dodge
3D5,Dodge
3D6,Dodge
3D7,Dodge
3D8,Dodge
3D9026,VENTURA
3D9026,D.R.M. TRAILERS
3D9028,PFS TRAILERS
3D9031,JPC INTERMODAL MX
3D9032,DICNOSA EQUIPMENT
3DB,Banens
3DC,Amacsa
3DG,C.Gallegos
3DH,Honda
3E1,Bulk Tank International
3E1,Wabash
3E1,BULK
3E1,Progress
3E1,WABASH TANKS
3E3,Eagle
3E4,Fiat
3E9001,E.C.S.A.
3E9003,"ENVASES DE ACERO, S.A. DE C.V."
3E9021,AMC
3E9030,Remolques Enmar
3E9034,EXA Industrial
3E9048,"EMPRESAS Y EQUIPOS INDUSTRIALES, S.A. DE C.V."
3E9072,Remolques FTM de Monclova
3E9073,Calinox
3E9074,Speedy Food Trailers
3EB,Fleetwood Enterprises
3EL,ATRO
3EL,Nimmka
3ES,LOAD TRAIL MX S.A. DE C.V.
3EU,NORSTAR TRAILERS MEXICO S DE RL DE CV
3EV,Rawmaxx
3EW,Horizon Trailers
3EY,GG TRAILERS
3EZ,Industrias America
3F5,CORPUS TRAILERS
3F6,Sterling Truck
3F7,AI Trailers
3F8,DuraHaul
3F9001,Fabricacion y Comercializacion Pena
3F9033,MOTOREMOLQUES
3F9060,F&S
3F9061,FABRICACIONES Y SERVICIOS DE MEXICO SA DE CV ( FASEMEX/ LIDDELL)
3F9063,INDUSTRIAS METALICAS PENNER'S
3F9066,THE FUD TRAILER
3F9067,FORTE
3F9071,F.L.T. Trailers
3FA,Ford
3FB,Ford
3FC,Ford
3FD,Ford
3FE,Ford
3FF,Freightliner
3FH,HUNTER TRAILERS
3FJ,EAST TEXAS TRAILERS S.A. DE C.V.
3FM,Ford
3FN,Ford
3FR,Ford
3FT,Ford
3FX,Apex Trailers
3FZ,Maxxim
3G0,Holden
3G0,SAAB
3G1,Chevrolet
3G2,Pontiac
3G3,Oldsmobile
3G4,Buick
3G5,Buick
3G7,Pontiac
3G9031,"GRECER, SA DE CV"
3G9034,REMOLQUES DEL CORREDR
3G9052,A.G.A EL AMIGUITO
3G9055,REMOLSA REMOLQUES SALDUA
3G9056,GRUPO INDOLSA S. DE R.L. M.I.
3G9057,ORZAM
3G9060,GRUPO AGUIRRE LUNA Y ASOCIADOS SA DE CV
3G9061,PRIME FOOD TRAILERS
3G9073,Gelsa Group
3GB,Chevrolet
3GC,Chevrolet
3GD,GMC
3GD,SAAB
3GG,Cadillac
3GH,Grupo Industrial Tres Estrellas
3GJ,HM Trailas y Remolques
3GK,GMC
3GM,Chevrolet
3GN,Chevrolet
3GP,Honda
3GR,SILVER ARMOR
3GS,Saturn
3GT,GMC
3GY,Cadillac
3H1,Honda
3H3,Hyundai Translead Trailers
3H4,Heil Trailer International
3H4,J&L
3H5,REMOLQUES EL AGUILA 602
3H6,Polar Tank Trailer
3H7,Horizon Trailers
3H9008,Remolques Di-Kar
3H9015,CARRANZA TRAILERS
3H9019,REMOLQUES GUHA
3H9023,CINCO ESTRELLAS MARQUEZ TRAILERS
3HA,Navistar
3HA,Caterpillar
3HA,IC Bus
3HA,Workhorse
3HA,International
3HB,Navistar
3HB,Caterpillar
3HB,IC Bus
3HB,Workhorse
3HB,International
3HC,Navistar
3HC,Caterpillar
3HC,IC Bus
3HC,Workhorse
3HC,International
3HD,Honda
3HD,Acura
3HF,Toro Workman
3HF,Spartan Intimidator
3HG,Honda
3HK,Barrera
3HR,Navistar
3HR,Caterpillar
3HR,IC Bus
3HR,Workhorse
3HR,International
3HS,Navistar
3HS,Caterpillar
3HS,IC Bus
3HS,Workhorse
3HS,International
3HT,Navistar
3HT,Caterpillar
3HT,IC Bus
3HT,Workhorse
3HT,International
3HU,Orange X
3HV,Navistar
3HV,Caterpillar
3HV,IC Bus
3HV,Workhorse
3HV,International
3J4,Jeep
3J5,Jeep
3J6,Jeep
3J9001,Carrocerias Fehr
3J9049,Cajas y Semiremolques Blatz
3J9057,TIMEN
3J9059,Lake Manufacturing
3J9090,RO-ME
3J9091,FORZA CO
3J9094,Lyver Trailas
3J9095,CRAZY MONKEY FOOD TRAILERS
3J9103,North East JL Trailers
3JB,CAN-AM
3JC,CAN-AM
3JD,JFA Trailers
3K9003,Katharina Loewen dba Taller Fehr
3K9004,KPE IMPLEMENTOS
3KM,Hyundai
3KM,Kia
3KP,Hyundai
3KP,Kia
3L9033,LOINEX
3L9036,ZAGO TRAILERS
3LH,Ed Trailers
3LN,Lincoln
3LT,LAMAR
3M7,Industrias Met Gri
3M9001,SUPERBUS
3M9009,Manufacturas Hercules S.A.DE C.V.
3M9014,FUTURA TRAILERS
3M9054,MC. Guber
3M9076,MZ Trailers / Remolques MZ
3M9082,Lomar Industry
3M9084,Maxxim
3M9087,Mega Transportaciones S. de R.L. de C.V. (VANCRAFT)
3M9093,MM MARROKING
3M9099,MFG TRAILERS Y TANKES BARAK S.A DE C.V
3M9102,LERMA
3MA,Mercury
3MD,Mazda
3ME,Mercury
3MF,BMW
3MV,Mazda
3MW,BMW
3MY,Toyota
3MZ,Mazda
3N1,Nissan
3N1,Infiniti
3N6,Chevrolet
3N6,Nissan
3N6,Infiniti
3N8,Nissan
3N9001,Nacional De Carrocerias Sa De Cv
3N9005,"NORTH AMERICAN TRAILER, S.A. DE C.V. DBA NATSA TRAILERS"
3NE,Polaris
3NG,METALIUM INDUSTRIES
3NK,Kenworth
3NM,Kenworth
3NS,Polaris
3NT,Iron Star(IVAN NEUFELD TEICHROEB)
3P3,Plymouth
3P4,Plymouth
3P5,Plymouth
3P6,Plymouth
3P7,Plymouth
3P9000,Operbus S.A de C.V.
3P9026,Productos Y Servicios Regger
3P9033,Profab Mex SA DE CV
3P9034,Puro Remolque S.A. de C.V.
3P9037,E&R INDUSTRIAL
3P9038,DuraHaul
3P9043,Peters Manufacturing
3P9046,PROFOOD AND WHEELS
3P9047,CAMEX
3PB,Operbus S.A de C.V.
3PC,Nissan
3PC,Infiniti
3PE,Operbus S.A de C.V.
3PM,Promatec
3PT,Carmex
3R9001,Retesa
3R9014,RAMSA
3R9038,REMOLQUES NARIZON
3R9050,JARSA
3R9075,Ricco Trailers S.A. DE C.V.
3R9075,TYRRSA
3R9116,JEGA TRAILERS
3R9173,"Redman Manufacturas, S.A. DE C.V."
3R9178,RAP / R Antonio’s P
3R9191,FUERTEC
3R9202,Rawmaxx
3R9218,VENPOL
3R9225,CORVEL FOOD TRAILERS
3R9227,RS UNIVERSAL MANUFACTURA
3RC,Zurc Trailers
3S9019,JR RAMIRO
3S9032,NURMAN
3S9078,STRUK
3S9088,SILOS Y TANQUES GONZALEZ
3S9092,Semiremolques EL Puma
3S9097,Semiremolques el Paisano
3S9100,MERAK
3S9103,NEKS
3S9104,Aldura
3S9115,SOLALSA
3S9118,Industrias America
3S9120,SPECIALIZED TRAILERS SA DE CV
3S9121,AHGO FOOD TRAILERS
3S9123,Ferbel
3S9124,FOODIN WHEELS
3S9127,Lem Remolques
3S9129,Svifflug
3S9132,Rendon Trailers
3S9133,STEEL X METAL TRANSFORMATION
3S9134,ST
3S9136,Siner AG
3SD,Sterling Truck
3T1,TYTAL
3T1,TYTANK
3T9014,"Talleres de la Garza, S.A. DE C.V"
3T9021,Talleres Lozano
3T9026,Tanques Y Equipos Industriales
3T9049,Trinity Industries
3T9054,"TRACTOREMOLQUES Y ADAPTACIONES, SA DE CV"
3T9055,TRAYLFER
3T9064,Tavasci
3T9081,Tanques y Remolques SILMEX
3T9120,"TRACTOCAMIONES Y CARROCERIAS ""REMADA"""
3T9138,CARDEL
3T9179,TRAILERS TANDEMS Y MAQUINAS S.A. DE C.V.
3T9180,INLAND
3T9200,Centauro
3T9205,TABSA Trailer Company
3T9206,TYRSOL
3T9208,TRACTO DE MONTERREY Y ASOCIADOS SA DE CV
3T9209,Tranformacion y Transporte SA de CV
3T9210,GO-ZAN
3T9227,"Tanques Y Remolques Guerra, SA de CV"
3T9251,FRAMAR
3T9252,TGC
3T9253,FT EL OCHO
3T9254,"TTNMX, S. DE R.L. DE C.V"
3TH,INLAND TRAILER
3TK,TRAIL KING INDUSTRIES
3TM,Toyota
3TY,Toyota
3TZ,ZUBIRIA
3U9009,ULTRA STEEL
3UT,Utility Trailer Manufacturer
3V3,VEQOR
3V9021,VIMAR Trailers
3V9026,JASH
3VD,Tansa
3VV,Volkswagen
3VW,Volkswagen
3W1,WEST VALLEY MANUFACTURING
3WK,Kenworth
3WM,Kenworth
3WP,Peterbilt
3XK,Kenworth
401,The Scotty Company
405,Escort Trailer Corp.
406,R and S Trailers Inc.
407,Load Eaz
408,Kar-Tote
40B,Burkett's Autorama
40F,Talbert
40G,B & T MANUFACTURING DBA XTREME TRAILER
40H,"Hitchco, Inc."
40K,Camp
40L,Pace American
40M,"Mobile Traveler, Inc."
40N,"Chessline, Inc."
40R,Pacific Trailers
40T,Kriss Mfg. & Machine
40Z,Custom Hauler
410,Cajun Gear Inc
41B,McCullough Trailer Corporation
41C,C.D. Spectrum Inc.
41G,Bethany Welding Inc.
41S,Superior Coaches
41U,Dacus Manufacturing Inc.
41Y,Bear Trailer Manufacturing
41Z,The Kuker Line
420,J & J Marine Services
421,"Retract-O-Craft, Inc."
428,Kamplite
42E,"Econoline Trailer, INC"
42F,"Wildwood Traveler, Inc."
42K,Four Winns
42N,"Midwest Trailers of Sikeston, Inc."
42X,JDCI Enterprises Inc.
431,Cross Country
432,Falcon Trailerworks
433,KKM Enterprises
435,"Vanguard Trailer, Inc."
438,Sikeston Trailer Sales
43A,CCG Corporation
43C,Consulier GTP
43K,"Trailmaster, Inc."
43M,Monarch-McLaren
43N,"LGS Chassis, Inc."
43Z,U-Dump Trailers LLC
44F,"Eischen Manufacturing Co, Inc."
44K,HME
44L,"Jim-Glo Trailers, Trading as Jimglo Trailers"
44M,"KING'S TRAVELER, INC"
44R,Globe Trailer Manufacturing
44U,TRAILERS UNLIMITED OF ARLINGTON
44V,American Road Trailers
44X,Dively Mfg. Co.
44Y,METRO FAB INC
44Z,C & S Trailer World
450,Atlas Copco
455,"A-1 Hitch & Trailer Sales, Inc."
456,"Wood-Mizer Products, Inc."
458,ARKANSAS BOATS LLC
459034,Speed and Custom Enterprises
45D,"Supertrail Manufacturing Co., Inc."
45E,"American Travel Systems, Inc."
45G,L & L Manufacturing
45J,TRAILMASTER/VANGUARD
45L,SEALION METAL FABRICATORS
45S,"Scottsman Manufacturing Co., Inc."
45T,"Tom's Trailers, Inc."
45V,Utilimaster Motor Corporation
45W,Utilimaster Motor Corporation
45Z,Airstream Inc.
465,Roberts Metal Manufacturing Company
467,Cargo Plus
468,Spirit Trailer Mfg.
46E,Eaz-Lift Spring Corporation
46F,Vironex of Illinois Inc.
46G,Gillig
46P,Perry's Manufacturing Company
46U,Diamond C Trailer Mfg.
46U,"Roadclipper Enterprises, Inc."
46V,"Trans National Trailers, Inc."
46X,"Rhea's Trailer Sales, Inc."
46Y,"Western World, Inc."
472,"Evans Steel Fabrications, Inc."
473,Cronkhite Industries
475,"Parkwood Homes, Inc."
478,Honda
47C,Dutchmen Manufacturing
47E,Rodco Manufacturing Incorporated
47G,Venture Trailers
47K,Pull Proven Products
47M,Trailer Engineering Co.
47N,"Trailer Components of Florida, Inc."
47S,Redi-Haul
47T,Crossroads Industries
47X,Golden Eagle Trailer Manufacturing & Welding Works
47Y,Empire RV's Inc.
47Z,Pace American
480,Sterling Truck
483,"T&L Manufacturing Co., Inc."
486,"The Beevers, Inc."
487,Posey Lumber & Mfg.
48A,Superior Aluminum Trailer Mfg.
48B,United Expressline
48D,Stroker Cycles Inc
48E,"Tri-Quest, Inc."
48G,Kiser Welding
48K,"Hornet Industries, Inc."
48L,Computer Designed Chassis Inc.
48M,"BUILT-RITE TRAILERS, INC"
48S,TRANSI-CORP
48X,"TRAVIS BODY & TRAILER, INC."
48Z,GARDEN STATE CHASSIS REMANUFACTURING INC
491,"Gilpin's Welding & Machine Works, Inc."
492,MEB Trailer Sales
493,Circle H Trailer Company
495,"AGA Gas Central, Inc"
49D,WTM Communications
49E,Skyline Corporation
49G,"Technical Mobile Structures, Inc."
49H,Sterling Truck
49K,Bushtee Manufacturing & Sales Inc.
49M,Moritz Inc.
49S,Trails West Manufacturing
49T,CM
49Y,Mathews Mechanical Contractors Inc
49Z,QUALITY PRODUCTS
4A0,Neal Manufacturing
4A2,"M.H. EBY, INC"
4A3,Mitsubishi
4A4,Mitsubishi
4A5,Clarion Motors Corp.
4A6,SAN DIEGO CUSTOM TRAILER & LIQUID TANK MFG.
4A7,Two-K Manufacturing
4A8,K & W Load Star
4A9003,Able Industries
4A9007,Armadillo Camper Kits
4A9008,Advanced Trailer Solutions
4A9009,Firely ESV
4A9010,AA Muffler and Welding
4A9012,AMD
4A9013,American Van
4A9014,AG Dryer Services Inc.
4A9015,Pothole Patrol
4A9020,Camp365
4A9021,"ATLAS Lift Trailers, Inc."
4A9022,"Aero Teardrops, LLC"
4A9026,Automated Biomass Systems
4A9031,Auto Motion Ind.
4A9033,Atomic Electric Vehicles
4A9035,Andros Engineering
4A9037,Anything Goes Cycles
4A9040,Aero Trailers
4A9043,Inzuro
4A9045,TetonX
4A9048,NATION TANK & TRAILER
4A9050,Austin EV METRO
4A9050,AYRO
4A9053,CUSTOM AIRBOAT TRAILERS
4A9056,Leroy Engineering
4A9058,AUTO-MANIA
4A9060,ARC Manufacturing
4A9061,American Trailer and Manufacturing LLC.
4A9062,AAA Trailer Sales LLC
4A9064,Alaska Frontier Fabrication LLC
4A9066,AlumaTrek
4A9067,LA Shadow Trailers
4A9071,Altitude Teardrop
4A9072,Available Materials Handling
4A9073,"Armor Lite Excel, LLC"
4A9074,Vexus Boats
4A9075,AlumaIce
4A9078,Almighty Trailers LLC
4A9079,Arriba Cueball Trailer MFG L.L.C.
4A9080,Amp'd Up Trailers
4A9081,American Trailer MFG
4A9082,American Mobile Vending
4A9083,Alumi Tech
4A9084,August Metal Works
4A9085,AirBurners
4A9087,"ATF Mfg, LLC"
4A9088,Amazing Trailers
4A9089,"Accelerated Speed Dynamics, Inc"
4A9091,Accelerated Media Technologies
4A9093,"American Control and Engineering Service, Inc."
4A9095,Alvey Welding LLC
4A9097,Advantage Trailers
4A9098,Alien
4A9099,Area 51
4A9101,Assault Trailers LLC
4A9105,AAA Marine
4A9106,"Alpine Trailers, LLC"
4A9111,Silver Streak
4A9111,Vagabond
4A9111,Sun Moon
4A9112,Astro Haven Enterprises
4A9113,CIS
4A9114,AMBUSH OUTDOOR PRODUCTS
4A9115,A & K Trailers
4A9116,Arc Zone
4A9126,Allied Trailer Works (ATW)
4A9128,Alpha Boats Unlimited
4A9129,Arrow Tank and Engineering Co.
4A9130,ACE MFG
4A9132,AMW
4A9133,Anaconda
4A9134,All About Trailers
4A9137,Aquahawk
4A9138,American Carts
4A9140,A TO Z METAL WORKS Co.
4A9142,AMERICAN MADE QUALITY ALUMINUM TRAILERS
4A9143,Aero Build LLC
4A9144,Heritage Park Models
4A9147,AlumaTrek
4A9149,American Vintage Motorcycle
4A9150,Acker-Built
4A9151,PACIFICTEK
4A9152,AWC
4A9153,APM
4A9154,Allroad ORV
4A9155,ArcticMax
4A9156,American Vacuum
4A9157,Art's Way
4A9158,ALL CUSTOM 
4A9160,AEROTECH COATINGS LLC
4A9161,AMERICAN NOMAD MANUFACTURING
4A9162,Alloy
4A9163,Allen's
4A9164,A1 FOOD TRUCK DEPOT LLC
4A9165,AUSRV Inc.
4A9169,"ACELA, INC"
4A9170,American Tank
4A9171,AMERICA EV
4A9172,ALLURE TRAILERS
4A9173,AUTOCYCLE LLC
4A9174,A&D 
4A9176,A&D 
4A9177,ABD EQUIPMENT & PARTS LLC
4A9178,ARMOR LITE 
4A9179,AMERICAN SUPERSTAR 
4A9181,ALWAYS READY CART CARE LLC
4A9182,AIR EASY LLC DBA AVENTURA-X
4A9183,A&D 
4A9185,Amp Trailers Mfg.
4A9187,PONDERAY
4A9187,DIY
4A9187,DECK
4A9188,TRAILHEAD
4A9189,"ADVANCED FIELD SERVICES, LLC"
4A9192,AMERICAN Q-TEC
4A9193,AMERICAN Q-TEC
4A9194,A&R Economy Cargo Trailers
4A9195,AGAZU
4A9196,"ARMOR CARGO TRAILERS, LLC"
4A9198,ADMW
4A9199,A&P WELDING
4A9200,ASHLEY'S WELDING AND METAL FABRICATION
4A9201,ALL STAR TRAILERS FABRICATION
4A9202,ASTRA STAGES
4A9203,ADM MANUFACTURING
4A9207,"ABCMFG, Inc"
4A9209,AIRY
4A9210,Still Shot Cart
4A9212,ACTIVEDOGS
4A9213,A2Z
4A9215,ADVANCED BOAT
4A9216,ALPACAMPER
4A9219,AimHigh
4A9220,American Pride Trailers
4A9222,Atlantic Marine Trailers
4A9223,All American Utilities LLC
4A9224,AMBER WAVES INC.
4A9225,APOGEE
4A9226,A2M2 Trailers
4A9229,Athens Overland
4A9230,ALASKA SEA KING
4A9231,Ambers
4A9233,ADS Manufacturing
4A9234,ALL STATE
4A9235,Anvil
4A9238,AGC LSV's
4A9239,AMP Marine LLC
4A9240,Air-Flo
4A9241,Alpha Cargo Trailers LLC
4A9243,ACE Metalworks
4A9244,ANAMNESIS CORPORATION
4A9245,ASTON METAL ART
4A9249,AFCR
4A9250,AWS TRAILERS
4A9251,American Integrated Security Group
4A9252,"Advanced Metal Products, Inc"
4A9254,ASA
4A9255,Audette
4A9258,ALL GOOD EQUIPMENT
4A9259,"ADVENTURE COAST, LLC"
4A9260,ATC TRAILERS
4A9261,ALCC
4A9262,ADDAX Overland LLC
4A9265,Arcs
4A9266,ALCT
4A9267,Ashley's Carolina Cars
4A9268,CitiView
4A9270,Arbuckle's Homes To Go Inc
4A9273,ARCHE OLIVE COMPANY LLC.
4A9275,AMERICAN INDUSTRIAL MANUFACTURING
4A9276,ARROWHEAD
4A9280,AIM Trailers
4A9282,Triton Power
4A9283,ARION
4A9285,AMERICAN CUSTOM TRAILERS
4A9287,Apex Energy Svc
4A9288,EZ Kruiser / Venom
4A9288,EZ Kruiser / Raptor
4A9288,EZ Kruiser / Vector
4A9290,"ABI ATTACHMENTS, INC"
4A9290,PRIVATE LABEL
4A9290,SPECIAL
4A9294,ACP TRAILERS
4A9296,A.V. Trailers L.L.C.
4A9297,"AIRLITE TRAILERS, LLC"
4A9299,Aleman
4A9300,A.R. Services
4A9301,AERO PRECISION METAL WORKS LLC
4A9302,ALKO
4A9303,ACS
4A9304,AlumaTrek (ALUMATREK TRAILER INC)
4A9305,ARE - 1
4A9306,HEM
4A9307,A&M Trailer LLC
4A9308,All Haul Trailers
4A9309,ALCANTAR CUSTOM TRAILERS
4A9311,ALUMINA TRAILERS
4A9313,Adagio Collections LLC
4A9314,AHS Trailers
4A9315,ADAPTIVE HUMANITY LLC
4A9317,PROFESSIONAL TRAILERS
4A9318,"AMW (Austin Motor Works, Inc)"
4A9319,Atlas Steel Products
4A9320,Axiom
4A9321,ALL AMERICAN CUSTOM
4A9323,Azure
4A9324,Atlantic Trailers Inc
4A9327,Auto Boutique
4A9328,Architecture Steel LLC
4A9329,ABP Trailers
4A9331,AACI
4A9331,Illini Trailers
4A9334,AAA Tiny Home
4A9337,Alset
4A9338,Aberdeen Power Group
4A9340,Awaken RV
4A9341,AJ'S
4A9343,Alpha Modified Systems
4A9344,A & V Trailers
4A9345,Alias
4AA,Promark Products Inc.
4AG,MightyMover Trailers Inc
4AJ,Ja-Mar Mfg. Inc.
4AP,
4AU,Easley Trailer
4AY,"The Beevers, Inc."
4B2,Commercial Vehicles CV
4B3,Dodge
4B7,Global Motorsport Group
4B8,Quality Craft Corp.
4B9001,Big Tony's Choppers
4B9006,Black Jack Choppers
4B9008,Brutus
4B9009,Bill's Tralier Sales
4B9015,Buckeye Fire
4B9018,Barco Pump Co.
4B9020,Built By Koch
4B9021,Bay Manufacturing
4B9023,Best Lane Enterprises dba Ramp Free
4B9024,Alaska Extreme Trailer
4B9025,Brewer Automotive Equipment
4B9026,Blueridge Exotic Transport
4B9027,Bintelli
4B9029,Battle Wagon Trailers
4B9030,Wrangler
4B9031,Badass Industries
4B9032,Badass Industries
4B9034,Bowlus Road Chief
4B9034,Endless Highways
4B9036,Blue Line Industries
4B9038,BYD
4B9038,RIDE
4B9041,Bahn Wagen
4B9042,Back 40 Supply
4B9043,Boondocker Trailers
4B9046,Bach Built Choppers
4B9051,Beamco
4B9054,Brazos
4B9055,Billy Goat Industries
4B9056,"Bullhead Steel Fabricators, LLC"
4B9057,Bennett
4B9058,Bridge City Cycles
4B9061,Bert Walters and Sons
4B9062,Bad 2D Bone Trailers
4B9065,Baughman Products
4B9066,BRC Custom Coaches & Trailers
4B9068,B&K Trailers
4B9070,Beyond Roads
4B9072,Back Yard Choppers
4B9073,Bama LSV
4B9074,Bulk Tek Manufacturing
4B9075,BCI Trailers
4B9076,Brehmer
4B9077,Barnstorm Cycles
4B9079,BXR
4B9082,Blum's Fab & Design
4B9083,Buy Enterprise
4B9084,Braxton Trailers
4B9085,Bulldog Carts
4B9088,BIg Red Engineering
4B9090,Balzer
4B9092,Brumley's Welding
4B9096,BOONEDOX
4B9097,B.T.L. Trailers
4B9098,Buffalo Trailer Manufacturing
4B9099,Bull Dawg Trailer
4B9099,Jobsite Trailer
4B9100,Black Scorpion Off Road
4B9101,Better Bilt Custom Fabrication & Repair
4B9102,Bear Bones
4B9103,Blacksmith Trailers
4B9104,Blue Ridge Trailers
4B9106,MOTO1
4B9110,Big John Manufacturing
4B9111,True Texan Manufacturing
4B9112,BG Cycles
4B9113,Barclay Truck Rebuilders
4B9113,BTR
4B9115,Bull Manufacturing LLC
4B9118,Batco
4B9120,Bull Cycles
4B9123,Bauss Manufacturing Inc.
4B9125,Roadrunner
4B9126,B's In A Pod Camping LLC
4B9128,BWI
4B9129,B&D
4B9130,Tiny House Chattanooga
4B9131,Bayshore
4B9132,BTM
4B9133,Boondock Campers LLC
4B9136,Bandit Choppers LLC
4B9137,Bulldog Steel Fabrication LLC
4B9140,Better Made Trailers
4B9140,Bushtec
4B9141,"Brownell Boat Trailers, Inc."
4B9143,BRYAN POAGE INC.
4B9144,BND Trailers LLC
4B9146,Blackwater
4B9147,"BUCKSTOP TRUCKWARE, INC"
4B9148,Bear
4B9149,Buckeye
4B9151,BellaCar
4B9153,B&B Micro Manufacturing Inc
4B9154,BT Trailers LLC
4B9155,B.K. Jones Builders LLC
4B9157,BCA INDUSTRIES
4B9159,Bully Brand Trailers
4B9160,Brown's Welding and Steel Inc. dba North Force Mfg.
4B9161,Built Rite Cookers LLC
4B9162,Bryant Trailers
4B9163,Bigfoot Trailers LLC
4B9164,Bautista Welding & Custom Trailers Manufacturing LLC
4B9165,Blackseries Campers Inc.
4B9166,Beverly Trailer Supply
4B9167,Bear Teardrops LLC
4B9169,Braun
4B9172,Bradford #1
4B9173,Ballistic Trailers
4B9174,BYD
4B9176,Bean Trailer
4B9176,Specialty Trailer
4B9177,Boss Hoss
4B9178,"Blackwater Ironworks, LLC"
4B9180,Bluebird Trailer
4B9181,"Blackjack Services, LLC"
4B9183,"Blue Ridge Expedition Trailers, LLC"
4B9184,Big John Manufacturing Co. Inc
4B9185,Mensch
4B9186,Black Diamond Fabrication
4B9188,Burk's Best MFG LLC
4B9190,B and S Supply
4B9191,GS Trailers
4B9192,Bonaparte USA
4B9193,Berkon
4B9194,Teardrop
4B9195,BAY AREA METAL FABRICATION
4B9198,"Bare Metal, LLC"
4B9199,Bighorn Manufacturing LLC
4B9202,Brenon Custom Cycles
4B9203,Blastrac NA Inc.
4B9207,"Brand M, LLC"
4B9208,Buz's Equipment
4B9209,Black River Boats
4B9212,Bradanna
4B9213,Broadwind Energy
4B9214,BHW LSV
4B9217,BEAR RIVER TRAILERS
4B9218,BRILLIANT CREATIVE CAMPERS
4B9220,Bison Hooklift Systems
4B9221,Buckeye Truck Equipment Inc.
4B9223,BrazosIronWorks
4B9227,BCL Fabrication
4B9229,Big D's Trailers
4B9230,BIGHORN LLC
4B9232,BVF Trailer
4B9233,B AND M TRAILERS LLC
4B9236,BI
4B9237,TRANSPORTER
4B9239,BUILT-RITE FORESTRY EQUIPMENT LLC
4B9240,"Blue Ridge Expedition Trailers, LLC"
4B9241,Brown & Hubert Contracting LLC
4B9242,BACKWATER-CUSTOMS
4B9243,Beards
4B9245,Bazzell's
4B9246,Elk Creek
4B9247,Bulldog
4B9250,BUCKSHOT MFG
4B9251,"BRADY MFG, LLC"
4B9252,Black Venom
4B9253,Bandit
4B9254,BARSTOW KUSTOM 
4B9255,BL Solutions
4B9258,Breakpoint Offroad
4B9260,Big Ern
4B9263,B AND L TRAILERS
4B9264,BADAC
4B9265,BEP
4B9266,BI Trailers
4B9267,BIG BULLY
4B9268,Backroads Overload Co.
4B9269,Skinny Guy Campers
4B9270,BISON FABRICATION LLC
4B9271,BIZNESS ON WHEELS LLC
4B9272,Ballistic
4B9273,BT
4B9274,BUILTT
4B9275,BG CUSTOM WELDING
4B9276,BULLDOG TRAILERS
4B9277,BRS Offroad
4B9278,BVSW
4B9279,BCD TRAILER LLC
4B9283,BEAM GLOBAL
4B9284,BAKU TRAILERS
4B9286,TEXINO
4B9288,BJ AND K
4B9289,BULL CREEK
4B9291,B AND L FABRICATION
4B9296,"B & W FABRICATION, LLC"
4B9298,Brahma
4B9299,BUONOCO MFR.
4B9302,Slacklander
4B9304,Bowe Metal Fabrication & Repair Inc.
4B9307,BIVOUAC OVERLAND
4B9309,Botero Carts
4B9311,BRANDS BUILT
4B9314,BOSS VAC
4B9316,BENCHMARK
4B9319,Beaverfit USA
4B9320,BIG DADDY
4B9322,Black Star
4B9324,BodineBuilt
4B9325,Buckwild
4B9326,BLUE MOUNTAIN METALWORKS LLC
4B9327,Unique Cabin Collection Trailer
4B9330,Backyard Structures
4B9332,BLACKSERIES INTELLIGENT EQUIPMENT INC.
4B9333,BMC
4B9334,Royal Carts
4B9334,BC
4B9336,STL INDUSTRIAL
4B9337,"BORREGO BROTHERS, INC"
4B9339,BUILT-RITE
4B9341,BOUNCE BACK SERVICES
4B9343,BOKI CONCESSION TRAILERS
4B9344,Butte Buildouts
4B9345,Bluewater Marine
4B9347,Blue Barn
4B9349,BCT
4B9352,BEATS TRAILERS
4B9353,Baggets Retail Trailer Sales
4B9354,BUSH TRAILER
4B9355,IRONMAN CUSTOMS TRAILER MANUFACTURING
4B9358,Logan Hauler
4B9358,TruRebel
4B9359,Builtware
4B9360,BIG ROCK TRAILERS
4B9361,BRIDGER FABRICATION LLC
4B9364,BOB BISSELL TRUCKING LLC
4B9365,Krome
4B9366,Big Mo
4B9368,BW Sauna
4B9369,Backstreet Surveillance
4B9370,BIG BEAR
4B9372,Borah
4B9374,B & B Trailers of Savannah
4B9375,EA
4B9375,MPJ
4B9377,Bolt EV
4B9378,Bremark
4B9380,Beyer Trailers
4B9381,Best Built Trailers
4B9383,Brokereasier
4B9384,B&B CAMPER INC
4B9385,Buffalo Aluminum Designs
4B9386,Brockway Mini Homes
4B9387,Beartrailer
4B9388,BAM Trailers
4B9390,Big John Corp
4B9391,Coastline LSV
4B9392,Bold Trailer Co.
4B9393,Black Mesa Manufacturing
4B9394,BoxHouse
4B9395,BISON MOTORS
4B9396,Bay Equipment Rentals
4B9397,Backyard TRS
4B9398,Botero
4B9399,Botero
4B9401,B and B Trailers of Mississippi
4B9402,"Concord Road Equipment, Mfg."
4B9405,"BRONTON, LLC"
4B9406,Blue Fire Motorsports
4B9409,Black Star Trading
4B9410,Back Country Carts
4B9413,BigFoot Drilling
4B9414,Barter
4B9415,J-Tech
4B9417,Backwater Haulers
4BA,Tow Rite MFG
4BE,NATIONAL MANUFACTURING COMPANY
4BF,RB Fabrication LLC
4BJ,"Welchel Enterprises, L.L.C. dba Cherokee"
4BL,Iron Master Mfg.
4BP,"Mark Line Industries of Pennsylvania, Inc."
4BV,Skyline Corporation
4C0,HOLT TRAILER MFG. & SALES
4C2,"Sleek Craft, Inc."
4C3,Chrysler
4C4,Classic Welding
4C6,"REINKE MANUFACTURING COMPANY, INC"
4C9002,Carolina Services
4C9003,Carolina Choppers
4C9006,Chopper City
4C9008,Cowboy Trailer
4C9009,Crown Energy Technologies
4C9012,CET Trailers
4C9013,COASTLINE TRAILER
4C9014,CAMI
4C9015,The Cycle Exchange
4C9016,Custom Iron Workz
4C9017,280 Trailers
4C9018,Cheetah Trikes
4C9019,Carolina Boats & Cars
4C9020,Griffin Trailer (Chubbs)
4C9021,California Performance Iron
4C9022,"CW Welding and Fabrication, LLC"
4C9023,"Charlotte Custom Cycles, LLC"
4C9026,C & C Ent. Customs
4C9027,CLACKACRAFT DRIFT
4C9028,C & P Engineering and Manufacturing
4C9029,CAD Industries
4C9030,CLEAN - TECH
4C9032,"Cikira RV, LLC"
4C9034,CalMotors
4C9036,COMMON SENSE COTTON SYSTEMS
4C9041,Chandler Originals
4C9042,Choppers East
4C9043,Campers Choice
4C9044,Champion Trailer Works
4C9045,COFFEY MFG
4C9047,Canajoharie Customs
4C9048,Coonyz Customz
4C9049,CONCEPT PRODUCTS
4C9051,CDS Corp.
4C9052,Custom Choppers by Otis
4C9053,CLARKS WELDING
4C9054,"Chester County Customs, LLC"
4C9056,COASTLINE MANUFACTURING
4C9057,Custom Amusement Products
4C9058,Custom Engineered Products
4C9059,CHANDLER CUSTOM CYCLES
4C9060,County Line Choppers
4C9061,"C-ALL MFG., INC."
4C9062,Carolina Trikes & Minis
4C9063,Cornerstone Manufacturing
4C9064,Central Florida Choppers
4C9065,CC Trikes & Custom Bikes
4C9066,"Chad Fuller Construction, Inc."
4C9067,CONTREE SPRAYER AND EQUIPMENT
4C9068,Chopper Works Cycles
4C9070,Cytec Trailers
4C9071,"Coras Welding Shop, Inc."
4C9072,"Christen Brothers, INC"
4C9073,"Charlotte County Custom Cycles, Inc."
4C9076,Chance Trailer Manufacturing & Sales
4C9078,Caribean
4C9079,Cochise Custom Cycles
4C9080,Coyote MFG LLC Trailers
4C9081,COMFORTS OF HOME SERVICES
4C9082,CIRCUS CITY CUSTOM CYCLES
4C9083,Chop Shop Customs
4C9086,C-Hawk Trailers
4C9087,Challenger Trailers
4C9089,Corratti Choppers
4C9090,Countryside Welding
4C9091,WSD
4C9092,Carolina Equipment & Supply
4C9094,Cumberland County Custom Cycles
4C9095,COMPANION TRAILERS
4C9096,COLLA TRAILERS
4C9099,"Colfax Trailer & Repair, LLC"
4C9100,Capstone Commerce
4C9102,Chuy's C&5 Trailers
4C9103,Callahan Custom Choppers
4C9105,Custom Design
4C9106,Country Pride Trailers
4C9107,CMD POWERSYSTEMS
4C9109,COASTAL INDUSTRIES
4C9110,CHOPPER ALLEY LLC
4C9111,Curry Customs
4C9112,COMPAIR USA
4C9113,Cart Company
4C9115,Creep Cycle Works
4C9117,Custom Expansion Fabricators
4C9118,Car-Tex Trailer Company Inc.
4C9119,Custom ChopperWerks
4C9120,Cerberus Trikes
4C9121,Crazy Dago Customs
4C9123,COLLIERS CUSTOM CYCLES
4C9124,CRESCENT MANUFACTURING
4C9127,COMPLIANCE ASSURANCE ASSOCIATES
4C9128,Castlerock Motorcycles
4C9131,Commander SCRV
4C9135,C and C Tooling
4C9136,"Churchill Holdings, Inc"
4C9142,Craig Welding
4C9143,COLE CUSTOMS
4C9145,Carolina Growler
4C9146,C.C. Ironworks
4C9147,Collins Welding
4C9149,Create-a-Custom Cycles
4C9151,"Chops and Bobbers, LLC"
4C9152,Coachworks
4C9153,Coachworks
4C9154,Coachworks
4C9155,Custom Fire Apparatus
4C9156,CM&W
4C9158,CT Fabrication
4C9160,COOL CITY CUSTOMS
4C9162,CLEASBY CONVEYORS
4C9165,Crop Master Trailers
4C9167,"CDK Mobile Systems, Inc."
4C9169,CTM Customs
4C9170,Cata - Marine
4C9171,Cryotech
4C9174,Calhome
4C9175,Cattle Country Equipment
4C9176,Creative Sports Supply
4C9177,Custom Services
4C9179,CAMI
4C9180,C&W Industries
4C9181,Custom Farm and Ranch Supply
4C9183,CLC
4C9187,Criminal Customs
4C9188,Things Done Cycles
4C9191,Crooked River Choppers
4C9193,COOKSHACK
4C9194,Centralia Machine & Fab
4C9196,Campa International
4C9197,COMPLETE FLEET SERVICES
4C9199,Custom Marine Components
4C9200,Car Replica Trailers
4C9201,Central Star Manufacturing
4C9202,C W Welding
4C9203,CnC TRAILERS FABRICATION
4C9204,Cee-Jay Tool Company
4C9205,Criminal Choppers of AZ
4C9207,Champion Trike
4C9208,DHS Systems
4C9211,COMPASS NORTH
4C9213,Condor
4C9214,Carolina Hitch & Truck
4C9215,California Trailer Works
4C9218,CUSTOM MOBILE SAUNA
4C9219,CrustBuster
4C9220,TareLite Trailer
4C9221,Custom Fabrication and Equipment
4C9224,Westside Trailers
4C9226,Custom Max Trailers
4C9227,CLEVELAND CYCLEWERKS
4C9228,Cowboys Kustoms
4C9229,Calder Brothers
4C9231,CONTRACT WELDING AND FABRICATING
4C9232,"Carolina Trailers Direct, LLC"
4C9233,CLEAR CUT FABRICATION
4C9235,Custom Cut Fabrication
4C9237,CONTINENTAL BIOMASS INDUSTRIES
4C9238,Crazy Horse Iron
4C9240,Cooper Cycles
4C9241,Tex Hill Auto and Trailer Sales
4C9242,Cartservices
4C9244,COPY CATT TRAILERS
4C9245,Central Ohio Fabrication
4C9246,Crane Hill
4C9247,CK POWER
4C9248,Cuddle Shuttle
4C9249,Conner Farm and Ranch Supply
4C9251,Central MS Custom Built Trailers
4C9253,CLAY'S TRAILER SALES
4C9255,CONLEY FABRICATION
4C9256,Cary Faas Racing dba Cfrinc
4C9257,Carolina Custom Products
4C9258,CT Coachworks
4C9259,Build 2020
4C9260,Capacity Trucks
4C9264,CraneWorks
4C9266,C.W. Services
4C9268,Boathouse Discount Marine dba Captain's Choice Trailers
4C9271,Capital Automotive
4C9272,Christini AWD
4C9274,COMMERCIAL TRAILER
4C9275,C&R Metalworks
4C9276,COMPACT CONSTRUCTION
4C9281,Cardale Industries
4C9282,Kenguru
4C9284,Cerda Industries
4C9287,COMFORT CAMPER
4C9289,Century Tank & Trailer
4C9290,Custom Mobile Designs
4C9295,CycleStream
4C9296,Campbell Supply Co.
4C9298,Country Stones
4C9302,Curry Supply
4C9303,"Charles Blass Welding, LLC"
4C9305,Capone
4C9307,Crossman
4C9309,CDM
4C9313,C&W Manufacturing and Sales Co.
4C9317,Chester Built Trailers
4C9318,Coyne Oil
4C9319,COHEN METALS GROUP
4C9322,Casinjac
4C9323,Cyclops Trike Components
4C9324,Accelerated Tanks and Trailers
4C9325,Greenfield
4C9328,Cardinal
4C9329,COLUMBIA INDUSTRIES
4C9332,Bend Trailers
4C9333,Creative Coachworks
4C9334,Cross Cleaning Solutions
4C9335,CARY CART COMPANY
4C9337,Crary Agricultural Solutions
4C9338,Chimera Kustom Carts
4C9339,Lionhead Haulers
4C9340,Chimera Kustom Choppers
4C9343,Custom Concessions Trailers
4C9345,"CIF Industries, INC"
4C9346,Champion Bridge Company
4C9347,Custom Pits and Fabrication
4C9350,CLASSIC TRAILERS SD
4C9351,Curtis Welding
4C9356,CGS Premier
4C9357,Valley Trailers
4C9358,Concho Choppers
4C9361,Xtreme LT
4C9363,Chahta Enterprise Metal Fabrication
4C9364,Chucks Wagons
4C9366,C B Repair & Trailer Maintenance
4C9367,Coyote MFG Co. Trailers
4C9368,Capital Trailer
4C9368,"CT&E, LLC"
4C9372,"CPAT Distribution, Inc."
4C9374,Custom Cycle Studio LLC
4C9376,Crossed Pistons
4C9378,CTJ Trailers
4C9379,Combat Support Products
4C9380,Cross Trailer
4C9381,Capital Pump & Equipment
4C9383,Country Coach
4C9384,COMPETITION BODYWORKS
4C9385,Cargo Trailer Sales
4C9386,COMPREHENSIVE COMMUNICATION SERVICES
4C9387,COASTAL PRODUCTION SYSTEMS
4C9394,Chapman Custom Manufacturing
4C9396,Charleston Trailer
4C9397,Canage Custom Trailers
4C9398,Colorado Teardrop Trailers
4C9402,CAL CENTRAL CATERING TRAILERS
4C9404,Calmarc Cabs
4C9406,Circle N Trailers
4C9407,Tomberlin
4C9407,ParCar
4C9409,Cruise N Snooze Inc.
4C9410,Carts Unlimited
4C9411,County Road Trailers LLC
4C9413,Cornerstone Tiny Homes
4C9417,"Cox Fabrication, Inc."
4C9419,Challenger Motorcycles
4C9420,Circle R Trailers
4C9421,"Crow Fabrication, LLC"
4C9422,Colvin Motorcycle Company
4C9424,Crown Food Carts Incorporated
4C9426,Game Day Traditions
4C9426,Franklin Retreats
4C9426,C3 Design
4C9428,Conquest Trikes
4C9429,C4 Welding
4C9430,CH TRAILER COMPANY
4C9431,Street Carts on 12
4C9432,Clayton Tiny Homes
4C9433,Coyote Welding
4C9437,Century Built
4C9438,Circle TM Trailers
4C9439,Panic Cycles
4C9441,RACE TRAILERS
4C9442,CK TRAILERS
4C9446,"CMG Custom Trailers, Inc."
4C9448,Classy Chassis Campers
4C9451,Kustom LSVs
4C9452,Monarch Trailer
4C9454,Tiny Home
4C9455,Silverwing
4C9462,Crossroads Manufacturing
4C9463,C & C Mfg.
4C9465,CUSTOM UPFITS
4C9466,"CARRIER SYSTEMS, LLC"
4C9469,Cutlass
4C9474,C3 Welding
4C9475,Chief Fire
4C9476,"Cumberland Adventure Trailers, LLC"
4C9477,Casper's Carts
4C9478,Casper's Carts
4C9479,Custom Metal Projects
4C9485,Central Power Systems and Services
4C9486,Tomberlin
4C9486,ParCar
4C9491,Moke
4C9492,Coast Autonomous
4C9494,Cart Kings
4C9496,Curtiss
4C9497,Cali Custom Trailers
4C9498,Custom Kayak Trailers
4C9499,Champion Trailer
4C9500,Coastal Trailers
4C9501,Coast Autonomous
4C9502,California's Custom Concession Trailers
4C9505,Carter Trailers
4C9506,ShieldSafe
4C9508,Corey Machine Company
4C9509,Carson's Trailer Manufacturing
4C9513,SmartFeed
4C9514,Cavalier - VC
4C9514,Cargo - VC
4C9514,Monarch - VC
4C9515,Alumatech Trailers
4C9516,Chop Boyz
4C9518,Cloud 9 Trailers
4C9520,"Colorado Backcountry Trailers, LLC"
4C9522,"Caretta, LLC"
4C9526,Confederate
4C9526,Combat 
4C9530,Viking Cives
4C9532,Cowtown Trailers and Tires
4C9533,Communications Vehicle Service
4C9534,Churchill Manufacturing
4C9535,C&C Fluid Power LLC
4C9536,Cruise N Camp
4C9537,Central Florida Boat Trailers
4C9540,Crane Carrier Company (CCC)
4C9541,Crane Carrier Company (CCC)
4C9541,BTL
4C9542,Crane Carrier Company (CCC)
4C9542,BTL
4C9545,Cajun Fab
4C9546,Cal-Tex Trailers
4C9548,Spartan
4C9549,Coastal Car
4C9550,"C and A Motors, LLC"
4C9552,Cargo Masters Trailer Mfg & Sales
4C9558,CARDINAL TRAILER
4C9559,Complete Dewatering
4C9560,C and S Custom Cycles
4C9561,Czinger
4C9563,Crandall
4C9564,Harper Pitworks
4C9566,COOK COUNTY WELDING & MACHINE
4C9571,CS&P TECHNOLOGIES
4C9572,COFFEE CREEK MFG LLC
4C9574,CLEARBLAST
4C9576,Campfire Homes
4C9577,Rambler
4C9578,Container Moving Solutions
4C9579,Carapace Campers
4C9581,CONCHO
4C9582,CIRCLE A
4C9583,CMP
4C9585,"CUSTOM TRUCK BODY & EQUIPMENT, INC."
4C9589,Cedar Ridge
4C9591,CHAVEZ 
4C9592,SOLAR
4C9593,Clifton
4C9594,"CONESTOGA WAGON COMPANY, LLC"
4C9595,C Trailers LLC
4C9597,SUPERIOR
4C9600,Coastline Power Solutions
4C9601,Newton Custom Trailer
4C9602,CC Tiny 
4C9606,CVR
4C9607,CENTER CREEK TEARDROPS
4C9608,Custom Design Park Model Homes
4C9609,Circle 8
4C9610,Custom Food
4C9611,CYLTEX 
4C9612,Circle L
4C9615,CAMPWORKS 
4C9616,CUBE SERIES RV
4C9617,CAROLINA CARRIAGE
4C9618,CALIFORNIA CONCESSION INNOVATIONS 
4C9619,CALTEC LLC
4C9621,CanyonLand Coach
4C9623,COASTAL CAROLINA GOLF CARTS / ICON
4C9625,CONDESSA
4C9627,C AND P
4C9629,COBRA INDUSTRIES LLC
4C9631,CFT
4C9632,CERR-TEX TRAILERS
4C9634,CENTEX SMOKERS
4C9636,CAWLEY CREEK
4C9638,CICERO BROTHERS
4C9639,CC LSV
4C9641,CSIRIUS
4C9642,Motion
4C9643,Cross Country
4C9645,Conqueror Trans
4C9646,CAMEX
4C9647,KODIAK EV
4C9648,"CSC TRAILERS, LLC"
4C9651,"Cargo United, LLC"
4C9652,Verdegro Light Tower
4C9653,Compass Point Trailers
4C9654,CARMONA PRESTIGE HOMES
4C9655,California Custom Concession Trailers LLC
4C9658,CharacterCarts
4C9659,Camppad
4C9660,CTS Trailers
4C9661,Celtic
4C9662,CM TRAILERS
4C9663,"Cosentino Motor Company,LLC."
4C9664,COUGER MANUFACTURING
4C9665,Champion (CT INDUSTRIES LLC)
4C9666,"CALIFORNO, CORP."
4C9667,CRATEBOX
4C9669,CELLTECH TRAILERS
4C9670,COLE'S MASTER
4C9671,COWELL BUILT TRAILERS
4C9671,ARCANE TRAILERS
4C9672,CACHE CAMPER MFG. INC
4C9673,CSE Trailers
4C9674,Clegg Industries
4C9677,Silver Ox
4C9678,C&C MANUFACTURING CO
4C9679,CNJ
4C9680,Cornell
4C9682,Cruse Trailer MFG
4C9684,"CALIFORNIA TINY HOUSE, INC."
4C9686,"CRUCIAL, INC"
4C9687,USA MPV Co
4C9688,CACI
4C9689,Park Model RV
4C9690,Comptank
4C9694,Consolidated
4C9696,CJC CUSTOMS
4C9697,"Carolina Steelworks, LLC"
4C9698,Canyon Trailer
4C9698,Wonder Camper
4C9700,Costa Carts
4C9701,Club Car
4C9701,Yamaha
4C9701,ATLAS
4C9701,EZ GO
4C9701,Icon
4C9701,VIVID EV
4C9701,GORILLA
4C9701,VENOM
4C9701,Stingray
4C9702,CONCHO EQUIPMENT & SERVICES
4C9704,CAWLEY CREEK TRAILER
4C9705,CARLSONS
4C9706,COACHWORKS1260 LLC
4C9708,41 Series
4C9711,CC WELDING & SANDBLASTING SERVICES LLC
4C9714,CROSSHAIR
4C9715,Pedal Cruz
4C9715,Carriages
4C9719,Cutting Edge
4C9720,CAM Industries LLC
4C9721,CL FAB
4C9722,BRAVO
4C9723,CHARGE RIGS
4C9724,CONWAY AXLE
4C9726,Comfort Hoof Care
4C9728,Complete Trailer Solutions
4C9731,Verse EV
4C9733,Carisma Trailers
4C9736,Curley Brothers Trailers LLC
4C9740,Cali Concession Trailers
4C9741,Bravo Zulu
4C9744,Circle C
4C9746,CSS
4C9748,CLASICA LLC
4C9749,Capstone
4C9752,Crown
4C9753,Construction Haulers (CWI)
4C9754,CustomPro Trailers
4CA,Fleetwood Folding Trailers
4CA,Americana
4CB,Fleetwood Folding Trailers
4CC,Colorado
4CD,Oshkosh
4CE,Destiny
4CF,Fleetwood Folding Trailers
4CF,Four Seasons
4CG,Fleetwood Folding Trailers
4CJ,Fleetwood Folding Trailers
4CK,Fleetwood Folding Trailers
4CL,Fleetwood Folding Trailers
4CM,Fleetwood Folding Trailers
4CN,Fleetwood Folding Trailers
4CP,Fleetwood Folding Trailer (Pioneer)
4CR,CLASSIC ROADSTERS
4CS,Coleman
4CT,Fleetwood Folding Trailers
4CU,Fleetwood Folding Trailers
4CV,Fleetwood Folding Trailers
4CW,Fleetwood Folding Trailers
4CX,Fleetwood Folding Trailers
4CY,Fleetwood Folding Trailers
4CZ,"CZ Engineering, Inc."
4D0,ShoreMaster
4D4,Ponderosa Trailers
4D6,"CARGO CRAFT ,INC."
4DF,Master Tow
4DG,DNA ENTERPRISES INC
4DH,Buck Dandy
4DJ,AmeraTrail
4DK,Kristi Trailer Industries
4DM,Hustler
4DR,Navistar
4DR,Caterpillar
4DR,IC Bus
4DR,Workhorse
4DR,International
4DS,"J-J-N Enterprises, Inc."
4DV,Skyline Corporation
4DY,Travalum
4E3,Eagle
4E7,Vantage Trailers
4E8,E & T UTILITY TRAILERS
4EC,TFK CUSTOM TRAILER
4ED,DAVID BREWER IMPLEMENT INC.
4EG,CARTER BROTHERS MFG. CO. INC
4EN,E-One
4EP,Freedom Trailers Inc
4ER,American Tote
4ET,"Eagle Trailer CO., INC"
4EU,Four Winds International Corporation
4EX,Wells Western Trailer
4EZ,KZ-RV
4EZ,Escape
4EZ,SportTrek
4EZ,Sonic
4EZ,Stratus
4EZ,Sienna
4EZ,Confluence
4EZ,Foreign Export
4EZ,Durango
4EZ,Escalade
4EZ,Ridgeway
4EZ,Venom (Inferno)
4EZ,Sportsmen (KZ)
4EZ,Connect
4EZ,Sidewinder
4EZ,Spree
4EZ,Rock Climber
4EZ,Stoneridge
4EZ,Accelerate
4EZ,Campbound
4EZ,Sportster X
4EZ,Domani
4F2,Mazda
4F3,Mazda
4F4,Mazda
4F5,Fourstar Trailers
4F6,AmeriQuip
4F7,Vision Metals Inc. dba Ferree Trailer
4FB,Sport Boat Trailers
4FC,Slip Stream
4FE,Fireside Recreational Vehicles
4FG,Featherlite Trailers
4FK,4-Star Trailers Inc.
4FP,Pace American
4FU,Southwest/TCP
4FV,Doosan
4FZ,"Double ""P"" Trailers"
4G0,Custom Trailers of Texas
4G1,Chevrolet
4G2,Pontiac
4G3,Chevrolet
4G4,Kendon Industries Incorporated
4G5,GMC
4G8,Wilson Custom Trailer Inc
4GA,Calico Trailer
4GB,Dressen Custom Trailers
4GD,Opel
4GD,GMC
4GE,"General Trailer Mfg, Inc."
4GJ,Polyjohn Trailer
4GK,MJT Manufacturing
4GL,Buick
4GN,MQ Power
4GN,Multiquip
4GT,Isuzu
4GU,SWEITZER COMPANIES
4H1,HLT TRAILERS
4HA,"Altec Industries, Inc."
4HC,C.V. INC
4HF,"ROADMASTER INDUSTRIES, INC"
4HH,Hop Trailers
4HL,Gold Star Trailer
4HM,Heritage
4HP,PERFORMANCE TRAILER INC.
4HR,Renaissance
4HU,TEXAS TRAILER SERVICE
4HV,Hughes Springs Custom Trailers
4HX,Carson Trailer
4HZ,"HARMAR , INC."
4J1,"BOURG CHEMICAL DISTRIBUTING, INC"
4J6,H&H Trailer Co
4J8,LBT INC
4JD,Two-Pak Trailer Company Inc.
4JE,Eagle Trailer
4JF,MYCO Trailers
4JG,Mercedes-Benz
4JL,Loadmaster Trailer Mfg.
4JM,"Retting Enterprises, Inc. dba Retco"
4JU,C&B Quality Trailer Works
4JV,Voyager Trailers
4JW,Westinghouse Corporation
4JY,Wire Wagon
4K0,McKenzie
4K0,Monaco Towable
4K1,"NORTHERN TOOL & EQUIPMENT, INC."
4K1,"K-BAR Industries, Inc."
4K3,Three Kit
4K5,QUALITY TRAILER & RV'S
4K6,"CLASSIC TRAILERS, INC"
4KA,Navistar
4KA,Caterpillar
4KA,IC Bus
4KA,Workhorse
4KA,International
4KB,Chevrolet
4KD,GMC
4KF,C.E. Smith Company
4KG,FARMBILT
4KL,Isuzu
4KN,Monroe Towmaster
4KN,Towmaster Inc.
4KP,FRAKER MANUFACTURING CO.
4KX,"C & C TRAILER & BODY CO., INC."
4L1,Innovative Enterprises
4L4,Floe International
4L5,Behnke Enterprises
4L7,"Amrad Products and Supply Company, Inc."
4LA,Exxiss
4LA,Sooner
4LA,Miley
4LA,Universal Trailer Corporation Horse/Livestock Group
4LC,The Lee Co
4LE,Load Eaz
4LF,Fontaine Specialized Inc
4LM,Capacity Trucks
4LN,BECK TRAILER MANUFACTURING INC
4LR,GAMBLE TRAILERS INC
4LV,L & M MACHINE AND FABRICATION
4LX,"Whitley Motor Company, Inc."
4LY,"McClain Trailers, Inc"
4LY,McClain
4M0,Vectrix SP. Z.O.O.
4M0,VECTRIX
4M2,Mercury
4M3,Mercury
4M4,Mercury
4M6,Big Dog Trailer Mfg
4M7,Teton International
4M8,Superior Trailers of Georgia
4M9001,MCT
4M9003,Monarch
4M9004,Manitex
4M9005,Modern Metalworx
4M9006,Muddy Creek Manufacturing
4M9008,Mudds Customs
4M9009,"Maintenance Services, Inc."
4M9010,MPD Trailers
4M9011,Maine Source Machining Co.
4M9012,Muv-All
4M9013,Rally Time
4M9015,Economy Drilling Solutions
4M9016,Matri-Arc Creations LLC
4M9017,Midwest Trailer Manufacturing
4M9018,MTTS
4M9020,Manufacture Tent Sales DBA Sunfun Rentals
4M9022,Meter Engineers Inc.
4M9023,Mogi MFG
4M9024,Star City Teardrops
4M9027,MMI
4M9029,MC Trailers LLC
4M9030,Maupin Welding
4M9031,Middle Georgia Trailers
4M9033,M-Co Welding
4M9034,M-ONE
4M9035,Mikes Trailers
4M9036,Maddock Machinery Corporation
4M9037,Makaha
4M9038,Manley ORV Company Inc.
4M9040,Comfort Station
4M9041,TRAVALIGN
4M9044,Moto8ight
4M9045,Monster Power Equipment Inc.
4M9046,TraffiCalm Systems
4M9050,M.B. BOWEN COMPANY LLC
4M9051,MTX
4M9052,Anysizer Chassis Manufacturing Co
4M9054,My Mini Trailer LLC.
4M9055,"McCOY Manufacturing, LLC"
4M9056,METHOD
4M9058,M8 A1 MULE OFF ROAD TRAILERS
4M9060,Midwest
4M9060,Trac Vac
4M9060,Powertek
4M9060,Unilift
4M9062,M&S
4M9063,MYERS
4M9064,Moke
4M9065,"Mid-State Trailers, Inc (MST)"
4M9071,Mountain Creek Cabins LLC
4M9075,"Mobility Cubed, Inc."
4M9076,"Movable Roots, LLC"
4M9083,Mesale Fab
4M9086,Mechgineering & Design LLC
4M9088,Mozaic
4M9090,Mr Mike Trailers
4M9091,Midwest Teardrops
4M9092,Marble Propulsion
4M9093,MC Concession Trailers
4M9094,Moat Trailers
4M9096,Moose Bilt Industries
4M9097,"MP Trailers Manufacturing, Inc."
4M9098,Market Direct Campers
4M9101,MOTO BURLY
4M9102,Montondo Trailer LLC
4M9103,Metalwerx Trailers
4M9104,MRV101
4M9105,Motiv
4M9107,MIUS
4M9108,Malta Dynamics
4M9110,"Mueller Custom Trailers, LLC"
4M9111,Mid-County Fabricating Inc.
4M9116,"Mountain Goat Trailers, LLC"
4M9117,MARQUEZ BROTHERS INC.
4M9118,Micheal's Custom LSV
4M9119,M8-Tech
4M9120,M&W Welding Inc.
4M9123,Montana Dave's
4M9124,Misphit
4M9127,McCormic
4M9129,"Montgomery Sales, Inc."
4M9131,Medical Structures
4M9132,Massimo
4M9133,Moto Tech
4M9134,Willow
4M9134,Harvest
4M9134,Everest
4M9134,Sycamore
4M9135,MC LSV
4M9136,Mauslein Fuel Max
4M9139,Mia Manufacturing
4M9142,Maximum Cargo Trailers
4M9143,MITCHCRAFT
4M9144,MP
4M9145,MSU
4M9146,MR Steel
4M9147,MUSARRO
4M9148,MP TRAILER MFG LLP
4M9150,Massimo
4M9152,Tuff Dawg
4M9153,MCMULLEN MANUFACTURING
4M9154,Mt. Bachelor Carts
4M9156,MCU
4M9157,MCT
4M9160,MC MANUFACTURING
4M9162,Pud Pro
4M9164,Breeze
4M9165,Mechanical Design
4M9167,METAL WORKZ 
4M9168,MOORESVILLE METAL HOUSE
4M9169,Munich Welding
4M9171,MI TRAILER SALES INC
4M9172,MAMMOTH 
4M9173,MCKINNEY MEASUREMENT & CONTROL INC. / Panther
4M9176,MILLER WELDING & FABRICATION INC.
4M9177,American Spray Technologies
4M9179,MDM Trailers
4M9181,CORTES
4M9182,MCINTIRE WELDING SERVICES INC
4M9183,MD CARTS
4M9183,Whisper Carts
4M9184,RANGER TRAILER
4M9185,A & L TRAILERS
4M9185,A & L Smokers
4M9187,Mudslide Chopps LLC
4M9190,MINI MONSOON
4M9191,Mid Florida
4M9192,"MONARD TRAILERS, LLC"
4M9193,MCI Trailers
4M9196,MJ TEXAS TRAILERS LLC
4M9197,TrailerMax
4M9198,Making American Trailers
4M9199,USA Trailer
4M9200,MIDWEST TRAILERS LLC
4M9201,MODERN BUGGY
4M9202,Miller Trailers
4M9203,MOBILE PROCESSING TRAILERS AND SUPPLY
4M9205,Blacked Out Carts
4M9206,MILL SCALE LLC
4M9207,Mid-Town Trailers
4M9208,Racer Chaser
4M9212,MARWAY
4M9213,Moser
4M9214,MadTex
4M9216,MAD YAK TRAILERS LLC
4M9217,MILLER’S CABINS AND DECKS
4M9218,Mobile Business Solutions
4M9220,MEYERS MANX
4M9221,M & J
4M9222,MOUNTAIN VIEWS MOTORSPORTS
4M9225,MIDLAND
4M9226,Midwest Concession Trailers
4M9227,MENTRAILERS.COM LLC
4M9229,MWM
4M9231,Mayhem Bike
4M9235,The Food Truck Factory
4M9237,Voltex
4M9238,Mosky Trailers
4M9240,MIDWESTERN
4M9243,MASON
4M9245,Metal Tank
4M9246,M&L
4M9247,MAD Craft
4M9248,M&RW
4M9249,MARINECOASTALGROUP
4M9250,MIDWEST WELDING LLC
4M9251,MechCleSol
4M9252,Meridian
4M9253,MI Trailer
4M9255,MISSOURI RIVER TRAILER
4M9257,Montrose
4M9261,MW FABRICATION
4M9262,MANDA
4M9264,MOABG
4M9265,McNeilus
4M9266,MOUNTAIN VIEW ENTERPRISES
4M9267,Midland Carrier
4M9268,"MP Trailers Manufacturing, Inc."
4M9269,Morgan Hatfield
4M9270,Mia Global
4M9271,"MATTUR HOLDINGS, INC."
4M9272,Myersmade
4M9274,Mammoth Mfg
4M9275,Mobile Cold Solutions
4M9277,Hudson Hayes Fuel & Lube
4M9280,Motsmann Engineering
4M9282,Marshall
4M9283,Mermaid Trailers
4M9284,Marathon Homes
4M9285,Mighty
4M9286,Trailers By Machine WorX
4M9287,ABT
4M9288,Southern Sky
4M9289,Moke
4M9292,Mayhem Autoworkz
4M9294,Mount Up Texas LLC
4M9295,MAXIM TRAILERS INC.
4M9296,Mrovi Trailers
4M9297,MultimediaLed
4M9298,Blue Collar Trailers (BCTR)
4M9301,Just Chilling Trailers
4M9302,Mainefactured Homes
4MA,ATK
4ME,American Eagle Trailers Inc.
4MF,CART-AWAY CONCRETE
4MG,M & J Trailers Unlimited Inc
4MH,Patriot Trailer Sales
4MJ,CMI
4MK,ALMAR MANUFACTURING
4MK,BCI MANUFACTURING
4ML,Oshkosh
4MN,BETTER BUILT TRAILERS
4MU,Sunshine Wholesale
4MV,Worthington Welding Inc.
4MW,"Delta Manufacturing, Inc."
4MZ,BUELL (EBR)
4MZ,Buell
4N1,Nash
4N2,Nissan
4N3,Nissan
4N4,Nissan
4N6,Skyline Corporation
4NC,Skyline Corporation
4NG,DiamondBack Trailer Mfg.
4NN,"Trailer Source, Inc."
4NP,Work Area Protection Corp
4NS,Oldsmobile
4NT,Saturn
4NU,Isuzu
4OG,FLEX-KING
4P1,Oshkosh
4P1,Pierce Manufacturing
4P1,JLG
4P1,McNeilus
4P1,Jerr-Dan
4P1,London
4P1,Frontline
4P1,Smit
4P2,Pace American
4P3,Mitsubishi
4P5,PJ
4P6,"C M MART, INC (PHANTOM TRAILERS)"
4P7,Lone Wolf Trailer Co.
4PA,"Pro Auto Sales & Salvage, Inc."
4PB,PBM
4PF,Hoss Custom Trailers
4PG,Mid-America Trailer MFG.
4PG,Hansen Mfg. Company
4PG,"Bobcat Trailer Company, Inc."
4PK,Car*Mate Trailers
4PM,PLAYBUOY PONTOON MFG. INC
4PT,Pero Trailer Mfg.
4PY,ROCKING R ENTERPRISES INC
4R2,KWIK KAMP
4R7,Top Hat Industries
4R8,Beckenridge
4R8,Damon
4R9001,"RV ELEMENT, LLC"
4R9007,RS
4R9009,RMF
4R9010,ROWAMERICA
4R9013,ROBERSON TECHNOLOGIES LLC
4R9016,Royal Built
4R9017,CAROLINA CLASSIC
4R9018,Roll-A-Home
4R9020,RIDDLE METAL WORKS
4R9021,Rev
4R9021,E-Wagon
4R9022,ROCKBAR
4R9023,"ROCKETRUCK, INC."
4R9025,REVOLUTION BUILT
4R9026,SOLA MOTORS CORP.
4R9027,R E V
4R9030,RAD DOG CUSTOMS MOTOR CORP
4R9031,Roadhouse Cycles
4R9033,ROI Specialties LLC
4R9034,Rey Cargo
4R9035,BROCK'S TRAILERS
4R9037,TruePath Trailers
4R9040,RIVER BASIN
4R9041,RUGGED TOUGH TRAILERS
4R9042,RAPTOR MFG.
4R9043,Ravenna Boat Works
4R9044,J bar J Fabrication
4R9048,RADIANCE INC
4R9049,RCO
4R9051,ROLLIN KITCHENS LLC
4R9053,Rehab Garage
4R9055,RREV
4R9057,R AND R
4R9059,Trash Rocket
4R9060,Reflex
4R9063,Reel Deal Trailers
4R9065,Rydz
4R9066,ROKIT
4R9068,RockBuilt Trailers
4R9071,Raystar
4R9072,RJ Trailers
4R9073,Roadrunner Teardrops
4R9074,Rexton Trailers
4R9075,R & S
4R9076,RPG Brands
4R9080,Rude Boy
4RA,Interstate West Corp
4RK,NovaBUS
4RK,Prevost
4RW,Rice Trailers
4RY,Charmac Trailers
4S0,Trailboss
4S1,Isuzu
4S2,Isuzu
4S3,Subaru
4S4,Subaru
4S5,Isuzu
4S6,Honda
4S7,Spartan Motors Chassis
4S8,Morbark
4S9001,Southern Motorcycle Works
4S9002,SICKASSO CYCLE CREATIONS
4S9004,SILVER STATE INDUSTRIES DIVISION
4S9005,Nevada Department of Corrections
4S9007,Sculpture Cycles
4S9008,SNAPCO INCORPORATED
4S9009,"SPM CUSTOMS, INC"
4S9011,STAR Electric Cars
4S9012,Southern Yankee Bar-B-Q
4S9014,Sullivan's Garage
4S9015,SILVER STAR TRAILERS
4S9017,Sinkhole Customs LLC
4S9018,South Florida Choppers Inc.
4S9020,SIC CYCLES
4S9022,"Southern Cycle Works, Inc."
4S9023,Sure Tech Engineering
4S9024,S & B TRAILERS
4S9025,"Stallion Trailers, Inc."
4S9027,South Side Kustoms
4S9028,"SCHOOLHOUSE MOTORCYCLE ACCESSORIES, INC."
4S9030,Speed Street Custom Builds
4S9031,Spectrum Sports Intl.
4S9034,Olmax Fabrication
4S9035,STROKERS MANUFACTURING
4S9037,Ssinster Choppers
4S9038,Strother Welding
4S9039,Scelzi Equipment
4S9041,Sports Hauler Inc.
4S9042,Suncoast Choppers & Fab
4S9043,Stiletto Rides
4S9044,SMART MANUFACTURING
4S9045,SAS GROUP LLC
4S9046,SpeedWagon Manufacturing
4S9048,SC TRAILERS INC.
4S9051,"Spartan Truck Company, Inc."
4S9052,"SCOTT MANUFACTURING, INC"
4S9053,SIK N TWISTED PSYCLES
4S9054,"Sooner Manufacturing, LLC"
4S9055,S&S Cycle
4S9058,SKULLBONE WELDING
4S9059,Strongback Trailers
4S9060,STAHL/Scott Fetzer Company
4S9061,Suicide Jack Choppers
4S9062,Swede Built
4S9064,"Sterling Fabrication, Inc."
4S9065,Sutter Manufacturing
4S9066,S/C Choppers
4S9067,S & S Trailer & Truck Equipment
4S9068,Kathy Spell dba Southern Built Trailers
4S9070,Streamline Designs
4S9071,Stunata Customs
4S9072,Sundance Equipment
4S9073,Stewart's Fabrication and Welding
4S9074,Sabre Trailers
4S9077,Sub Culture Cycles
4S9078,SCORPION CHOPPERS
4S9079,SCHLAGEL MANUFACTURING INC
4S9081,Sullivans Motorcycles
4S9082,SHILOH MANUFACTURING
4S9084,"SALTY'S MANUFACTURING, LTD"
4S9085,SANCHEZ TRAILERS
4S9089,Safety Trailers
4S9089,Gregory Industries Inc.
4S9091,Superior Trailers LLC
4S9096,"SS Trike, LLC"
4S9097,"Spaulding Manufacturing, Inc."
4S9098,Street Smart Performance
4S9099,Sabertooth
4S9099,Cerberus
4S9100,Sun Country Trailers
4S9103,Speed Motorsports LLC
4S9105,Steamroller Motorcycle Company LLC
4S9106,"Space Coast Industries, Inc."
4S9108,Summit Industries Incorporated
4S9109,Sage Industries
4S9112,SIGEL WELDING
4S9113,Stump Smokers
4S9118,SLATER INCORPORATED
4S9119,"Specialty Fabrication, Inc."
4S9121,S & S Lite Line
4S9122,Spirit Carts
4S9126,Stupid Choppers
4S9127,Stepp Manufacturing Co
4S9128,Severe Trailers
4S9129,Southern Texas Industrial Service Company Inc.
4S9131,Side Kick RV
4S9132,SMALL CAR SOLUTIONS
4S9133,Sun Country Trailers
4S9135,"Specialty Bus Manufacturing, LLC."
4S9136,Specialty Vehicles & Equipment
4S9138,"Southeastern Steel Choppers, Inc."
4S9139,Strictly Choppers
4S9140,SILVER EAGLE MANUFACTURING
4S9141,SIERRA MOTOR CORPORATION
4S9142,"Florida Trailers, Inc. dba South Florida Trailers"
4S9145,SHIPSHE WELDING
4S9146,SALBOATTRANSPORTER TRAILERS LLC
4S9147,Special Equipment Manufacturing
4S9148,Stallion Interiors
4S9149,Sunbeam Motorsports
4S9152,Seven Custom Cycles
4S9160,SKUNK MOTORSPORTS
4S9162,Semeredy Imperial
4S9163,"Spurlock Vehicles, Inc."
4S9165,"Specialized Truck Equipment Manufacturing, LLC."
4S9167,Super Lite Pro Trailers and Equipment
4S9169,Sunray
4S9169,Sun Lite
4S9171,Salsco INC
4S9172,SHAVER MANUFACTURING
4S9173,South Shore Iron Works
4S9176,"Spraying Devices, Inc."
4S9177,Stealth Trailers
4S9178,SLED SHED ENTERPRISES
4S9179,Southern Metal Choppers
4S9182,SMJ TRAILERS
4S9183,Skiles Industries Inc
4S9187,Specialty Aluminum Works - Trailers
4S9188,Sunbelt Equipment Marketing
4S9189,Starfire Trailer Systems
4S9190,"SCORPION MOTORSPORTS, INC."
4S9193,SHETRON MANUFACTURING
4S9195,Schwel
4S9197,SMITH ELECTRIC VEHICLES
4S9199,SIKESTON FENDER
4S9200,S & C Trailer Sales & Manufacturer
4S9202,DB Trailers
4S9204,SIGNCO
4S9205,"Sharp Companies, LLC dba Stumphouse Scoots"
4S9209,"Springers Custom Cycles, LLC"
4S9210,"Steelweld Equipment Co., Inc"
4S9211,"SCHWARZ'S CUSTOM TRAILERS, LLC"
4S9213,Southern Style Trailers & Truck Accessories
4S9214,S and C Enterprises of Tarboro
4S9216,Safe-T-Tank Corp.
4S9218,"Specialty Fabrication, LTD."
4S9219,South Valley Manufacturing
4S9221,SFC Industries
4S9224,SICON
4S9225,SAW MANUFACTURING LLC
4S9226,Solares Trailers
4S9231,"Sportworks Northwest, Inc."
4S9232,SCHNELLER MANUFACTURING INC.
4S9237,SMOKIN CONCEPTS COMPOSITES
4S9239,Suwanee Camper
4S9240,Super Vacuum Mfg Co
4S9241,SIC METALS & FABRICATION
4S9242,Stonewell Bodies & Machine
4S9243,Synergy Trailer
4S9244,SH Distributing
4S9245,SINFUL CYCLEWORKS
4S9247,"Southern Frac, LLC"
4S9248,Streamline Precision LLC
4S9249,"Southern Field Welding, LLC"
4S9250,"SVI, Inc"
4S9251,"SVI, Inc"
4S9260,"SCHUH SHOP, LLC"
4S9261,Speed Driven Supply
4S9263,SPV
4S9267,"Southwest CMF, LLC"
4S9270,Southern Vac Trailers LLC
4S9272,SHELLBOURNE REYNOLDS ENGINEERING
4S9273,SCEADU DESIGN
4S9275,Spindletop
4S9276,"SCHRAMM, INC."
4S9277,SCOTT'S INSANE CHOPPERS
4S9284,SILENT DRIVE
4S9285,Steves Welding
4S9286,S&S Worldwide
4S9290,"SignaTour Campers, LLC"
4S9291,"SpecSys, Inc."
4S9292,Superior Steel Products
4S9295,Wrench
4S9296,Southwest Trailers
4S9297,Summit
4S9298,"Sugarloaf Fabricators, Inc."
4S9300,SIZEMORE WELDING
4S9302,"Stock's Garage, Inc."
4S9305,Shark Trailers
4S9306,SILVER WRAITH CHOPPERS
4S9309,"Heritage Manufacturing, Inc."
4S9310,Streator Dependable
4S9311,Precision Welding and Fabrication
4S9314,SIX GUN WELDING
4S9315,Sunbeam Rentals
4S9316,"South Dade Choppers, LLC."
4S9317,"Synergy Technology, LLC"
4S9320,SR Products
4S9323,SCAG GIANT-VAC
4S9323,Scag Power Equipment
4S9324,"Superior Steel Sales, LLC"
4S9327,SEATTLE TINY HOMES
4S9331,Pioneer Truckweld
4S9333,SHILOH CUSTOM KARTS
4S9336,"Sussex Welding, LLC"
4S9337,SIC Trailers
4S9338,Specialized Truck Equipment
4S9341,SHETRON CUSTOM TRAILERS
4S9342,"Sturdy Built Services, LLC"
4S9345,Satellite Industries dba Satellite Suites
4S9348,Specialized Hauling Concepts LLC
4S9352,SILVER RANCH INDUSTRIES
4S9353,StunterX Stuntshop
4S9354,SIDESHOW'S CYCLES
4S9360,SWM Enterprises
4S9361,SLNYC
4S9364,Southern Dimensions Group
4S9366,"SELEC TRAILERS, LLC"
4S9367,Summit Sales
4S9370,SANKEPALLY MOTOR COMPANY LLC
4S9371,SOLA
4S9373,Star Fabrication LLC
4S9377,Stag Trailers MFG LLC.
4S9379,Southern Ohio Chassis
4S9390,Big Sur
4S9393,Sanchez Brothers Enterprises Inc.
4S9394,S&V Fabrication & Steel LLC
4S9394,The Torch Chariot 
4S9395,Scott's Welding & Fabrication
4S9397,Spartan Trailer Mfg INC
4S9400,Summit Truck Bodies
4S9403,Strong Built Trailers LLC
4S9405,Specialty Performance LLC
4S9407,Supercar System
4S9409,SunDrop Solar Trailers
4S9410,Shoreline Fuel Products
4S9411,South Central Industrial
4S9415,Sirchie
4S9417,Streetrod
4S9419,Spartan Motors
4S9420,SNIDERBUILT TRAILERS
4S9422,SCOTTIES
4S9425,HOBO
4S9426,Southeastern Seating
4S9428,"Southwest Georgia Wholesale Builders Supply, Inc."
4S9430,Superior Trailer Manufacturing
4S9432,JOSTEN
4S9432,Atomic Trailers
4S9434,Southwest Signs LLC
4S9435,Superior Industries
4S9436,Saturn Machine & Welding Co Inc.
4S9437,SUNDANCE GOLF CARS
4S9438,Arena Werks
4S9440,Superior Handling Equipment
4S9443,Southern Legacy
4S9444,"Seedling Homes, LLC"
4S9447,SouthCoast
4S9449,Stanford Customs
4S9450,Shift
4S9452,MIG LLC
4S9454,Scuderia Cameron Glickenhaus (SCG)
4S9459,"Superior Welding and Manufacturing, Inc."
4S9460,Southwest Welding
4S9461,Strict Development
4S9463,Sherpa Trailers
4S9464,Bivy
4S9464,Cloud
4S9464,Flat Bed
4S9464,Half Moon
4S9464,Ice Cave
4S9464,Utility Van
4S9464,Mirage
4S9464,Little Snowy
4S9465,Storri
4S9468,Stone River
4S9473,"Sage Pump Services, LLC"
4S9476,"Specialized Equipment Company, LLC"
4S9477,Safe-T-Pull Inc.
4S9478,Simms Bros.
4S9480,Back Off Lowboys
4S9483,Stella Specialty
4S9484,StealthCraft Boats
4S9489,Shelby
4S9491,Silver Special Trailers LLC
4S9492,Saxon Enterprises
4S9494,Schroeder Machine
4S9496,SOUTH WALTON
4S9502,San Jose Conservation Corps + Charter School
4S9503,Spitfire Vintage Caravans
4S9505,Renegade
4S9506,Sun Devil Trailer Manufacturing LLC
4S9510,Susitna Teardrops
4S9512,Spyder Extras
4S9514,Sowal Beach Buggys
4S9515,Symmetry Trailers
4S9518,Schloer
4S9519,GoBE
4S9520,Osprey Custom 4x4
4S9520,DESERT POWER WAGON
4S9521,S&S Trailers
4S9522,Seed Cargo
4S9524,SMOK'D
4S9525,Shubert
4S9527,STRONGARM
4S9529,SDL
4S9531,Superior Trailers LLC
4S9532,SULFUR CREEK CYCLES
4S9533,"Star Lake Fabrication, LLC"
4S9534,Spudnik Equipment Company LLC
4S9535,Suncoast Fabrication LLC
4S9537,SPARK
4S9540,SIMPLIFIED FABRICATORS INC
4S9542,Glickenhaus
4S9543,SAFE ROOM DESIGNS
4S9544,Glickenhaus
4S9545,Stout Conveyors
4S9546,ETR
4S9547,ETR
4S9548,Needmore Trailers
4S9549,Roving Pony Campers
4S9550,Stampede
4S9551,South River Cargo LLC.
4S9552,Swap-N-Dump
4S9553,Sunset Manufacturing
4S9555,SWAMP DADDY
4S9557,SUNNYSIDE OFFROAD
4S9558,SILVER BULLET MFG.
4S9559,"SPARTAN FIRE, LLC"
4S9559,KME
4S9560,"SPARTAN FIRE, LLC"
4S9560,KME
4S9561,SCF Trailers
4S9562,SOUTHTRAIL FABRICATIONS 
4S9564,SECURITY2GO
4S9566,SONDORS
4S9568,Spartan Fabrication Inc.
4S9569,KANDI
4S9571,STAR TRAILERS
4S9572,STREET LEGAL
4S9576,SyS Welding
4S9577,SYNER-G 
4S9578,SHALOM 
4S9579,Mansur
4S9582,SAWTOOTH CARGO CARRIER 
4S9583,SOUTHERN ST
4S9584,"STONES RIVER TRAILER COMPANY, LLC"
4S9585,Solid Point
4S9586,SHOW-TIME Trailers
4S9588,SD CUSTOMS
4S9592,BROCK'S TRAILERS
4S9593,SMORT FABRICATION
4S9594,Elkriver Smokers
4S9595,SOUTHERN UTILITY TRAILERS
4S9596,Northwind Trailer Group
4S9596,Scooper Company
4S9597,Eventure
4S9598,SAWYER TRAILERS LLC
4S9599,SOUTH ATLANTA GOLF CARTS
4S9600,Silverlight
4S9601,STEELWATER TRAILERS
4S9603,SPHINX
4S9604,SARO CAMPER
4S9605,STALLION OILFIELD SERVICES LTD
4S9606,Showalter
4S9608,SHANNON BROTHERS LLC
4S9609,SMITH INDUSTRIES LLC
4S9610,SENTINEL TRAILERS
4S9611,Sweet-Haus
4S9613,Stahley Enterprises Inc.
4S9613,Goathead
4S9615,SG Echo
4S9616,SINGLETARY TRAILERS
4S9617,SOUTHLAND TOOL MFG. INC.
4S9618,Rustic Trail Campers
4S9619,Sasquatch Campers
4S9620,STEAMBOAT
4S9622,RGR Trailers
4S9623,SILVERBACK TRAILER
4S9624,SHONUFF TRAILERS
4S9627,SPLASH SALES
4S9628,SNO TRAILERS
4S9629,Super Champion
4S9631,SG Trailer Sales and Rentals
4S9632,Iron Stag
4S9634,SYLVER MOTOR CORPORATION
4S9635,Alummikon Trailers
4S9637,SAWS
4S9638,PHAT BOY
4S9639,SOUTH FLORIDA
4S9640,Steel Creek
4S9641,RXV
4S9641,CC
4S9642,SPRAYER DEPOT
4S9643,Saber
4S9644,Serendipitous Endeavors / Natura
4S9645,Southern Made
4S9646,STREET TRAILERS
4S9647,SAGE
4S9648,Spartan-EV
4S9649,WaterHual
4S9652,SECOND WIND TRAILERS LLC
4S9653,Scaf Pak
4S9655,Sherpa
4S9656,SELS
4S9658,Southland LSV
4S9659,Star Manufacturing
4S9660,Friesen Trailers
4S9662,SPEEDWAGON
4S9663,Trailers Solutions
4S9664,Ranch Land Solutions
4S9665,STREET LIFE
4S9666,SOUTH COAST TRAILERS
4S9667,Soderblooms
4S9668,SNH GOLF CARTS LLC
4S9670,Street Legal Carts (SLC)
4S9671,Stayman
4S9672,SWF
4S9673,Oso Loco Motorcycles
4S9676,SPARTAN TECHS
4S9677,SUPERIOR CHASSIS
4S9679,Superstar
4S9680,SafTCart
4S9681,STARK
4S9682,SWT Trailers
4S9683,RIVER RIDER
4S9684,SUPERIOR FLATDECKS
4S9685,Swift EV
4S9687,ECO(SUPPLYOR LLC)
4S9688,BROCK'S TRAILERS
4S9692,Tool Trailer USA
4S9693,SMOKEY MT GREENWAY
4S9695,SPARTAN TRAILERS
4S9697,SUPERIOR STORAGE TANKS & TRAILERS
4S9699,SAG
4S9700,"SKYLINE MOBILITY, INC."
4S9701,Spartan Performance
4S9702,Scorpion
4S9705,SPARK SHOP LLC
4S9709,Oasis
4S9710,Skinny River Customs
4S9712,Osprey Custom 4x4
4S9712,DESERT POWER WAGON
4S9713,SwapLoader USA Ltd.
4S9714,Southfield Classics
4S9715,St Croix Trailers
4S9716,S3
4S9718,So Cal Trailer Builders
4S9719,STARFIRE AMERICA LLC
4S9722,STEEL BOYZ LLC
4S9723,"SLANT BAR AG, LLC"
4S9725,SBS
4S9727,SequoiaCAT
4S9728,Stingray Trailers
4S9729,Svenn
4S9730,Southeastern Steel
4S9731,SUNSET LSV INNOVATIONS
4S9733,SRFab
4S9734,SWFL Trailers
4S9735,SMI
4S9736,Stanger Fab
4S9737,Sawyer Trailers
4S9738,Strobel
4S9739,Viking Custom Trailer
4S9742,S Outdoors
4S9743,"S&S CABLE, LLC"
4S9745,Sherpa Trailers
4S9746,Strong Blue
4S9748,Solar Rig
4S9749,Spartan Manufacturing
4S9750,Solguard Trailers
4S9754,Boomerang Marine Trailers
4S9758,Sybrix
4S9759,SV Trailer
4S9760,SWINGLIFT TRANSPORT SERVICES LLC
4S9763,SOPILOTES TRAILERS
4S9SPB,Sweat's Portable Buildings
4SC,A.S.C.
4SJ,B & W TRAILERS
4SL,Magnum
4SR,Skyline Corporation
4SW,Skyline Corporation
4T1,Toyota
4T3,Toyota
4T4,Toyota
4T5,"Tie Down Engineering, Inc."
4T9002,Tarter Industries
4T9004,"TRI-STATE CHOPPERS, INC."
4T9005,Tejas Trailers
4T9006,Temp-Air
4T9007,Teton Buildings
4T9009,T&R Trailer Mfg
4T9010,TRANSWORLD MANUFACTURING CO.
4T9011,T-N-A Custom Motorcycles
4T9013,The Hog Farm
4T9014,Tote 'em Trailers
4T9015,Total Electric Vehicles
4T9016,TBEI
4T9017,TRICK TRAILERS
4T9018,TNA Customs
4T9020,Trailer Builders Inc.
4T9021,TRAILER WELD SHOP
4T9022,THT Manufacturing
4T9023,The Toro Company
4T9026,The Piggy Backer Co
4T9027,Tamarack Ind.
4T9029,"Tampa Armature Works, Inc."
4T9030,"TRITON TRIKES, LLC"
4T9031,TRAILERS INC. OF HILL CITY
4T9032,Tommy Tow Trailers
4T9033,Thompson Choppers
4T9034,Tuff-Go
4T9035,Texas Trailers Sales and Service
4T9036,"TRIUNE MANUFACTURING CO., INC."
4T9037,The Brinkmann Corporation
4T9038,TRAIL-A-TOY MANUFACTURING CORPORATION
4T9040,Tate's Customizations
4T9041,TRAILER FRANCHISE
4T9043,Talon Trikes
4T9044,Titan UTV
4T9046,TRAIL CREEK RV. LLC
4T9048,"TRANSGLOBAL CONTAINER, LLC"
4T9049,TAXA INC.
4T9055,The Factory Metal Works
4T9056,The Factory Metal Works
4T9058,"TRANSFORMATRUCKS, LLC"
4T9059,Tatsa
4T9062,Tanom Motors
4T9065,Tight Lines Trailers LLC
4T9066,Tyco Fire Protection Products
4T9069,"TRAILER MANUFACTURERS OF TOLEDO, LLC"
4T9071,TWI Trailers
4T9071,Fast Screen Trailers
4T9072,Volvo
4T9072,Navistar
4T9072,Peterbilt
4T9072,Blue Bird
4T9072,Hino
4T9072,Kenworth
4T9072,Thomas Built
4T9072,TransPower
4T9072,Daimler
4T9073,TBM Sand & Storage Logistic LLC
4T9075,Topeka Metal Specialties (TMS Trailers)
4T9076,Thor Manufacturing LLC
4T9078,TRANSWORLD EQUIPMENT CORP.
4T9079,T&H Welding
4T9080,"TRAILBLAZER, INC"
4T9083,TLR Welding & Fabricating
4T9084,T R Welding
4T9085,"TRAILMANOR MANUFACTURING COMPANY, LLC"
4T9086,Ox
4T9087,Toocylinder
4T9088,SturD.S. Trailer
4T9092,Terco Manufacturing
4T9093,THE HYDROSEEDING COMPANY LLC
4T9096,"TRAILER RUSH, INC."
4T9097,Reitz's Custom Trailers
4T9100,Tennfab
4T9101,Total E&S dba Total Equipment and Service
4T9102,Tarter Industries (Tarter West)
4T9103,TouringProducts.com
4T9105,Turris Systems
4T9109,Totem Equipment & Supply
4T9112,Timbery LLC
4T9115,TRINITY FRAME & FAB
4T9119,Tiny Trailer
4T9120,"Tattoo Yachts, LLC."
4T9121,Tankko LLC
4T9125,Dock Doctors
4T9128,Twisted Iron Bobbers
4T9129,Tiny SMART House
4T9130,Texstar RV and Trailers
4T9131,TRI-WELDING FABRICATIONS
4T9132,Tri City
4T9133,Twin Oaks Industries
4T9138,"TRUCK BED AND TRAILER SALES, LLC"
4T9139,Chop Shop
4T9140,Tumbleweed Trailer
4T9141,Telstar
4T9144,Twisted Iron Customs
4T9145,Turtleback Trailers
4T9149,TROUBADOUR TRAILERS LLC
4T9152,TCS Bagger Chassis
4T9153,Tioga Air Heaters
4T9154,Materials Processing Systems
4T9156,Tour de Taverns
4T9157,Titan Marine LLC
4T9162,Texmo Manufacturing
4T9163,The Bag Lady
4T9165,Ridge & Valley Metalcraft
4T9168,Tiny Idahomes
4T9169,Tramont Manufacturing
4T9171,The RV Factory
4T9172,Ramp Champ
4T9173,Titanium Trailer MFG
4T9176,Texas Wide Welding & Services
4T9178,Torrid T.G.
4T9183,TMCO
4T9184,Truck-Tech
4T9190,Tower Trikes
4T9191,Trojan Trailers
4T9196,"T.J. Clark International, LLC"
4T9197,Trucking TRM Inc.
4T9198,Club Car
4T9198,Yamaha
4T9198,EZ GO
4T9203,Motorized HandleBar
4T9204,Transport Custom Designs
4T9205,Tuff Manufacturing LLC
4T9206,Materials Processing Systems
4T9207,TRP Motors
4T9208,Xos
4T9211,TRAYLORCO
4T9213,Glacier
4T9214,Tiny Home Trailer
4T9215,"THIELEN MACHINE & WELDING, INC"
4T9219,"TAT, Inc."
4T9222,Trackmaster
4T9223,Tradesman Company
4T9224,"TD Manufacturing, LLC"
4T9225,TEVCO MANUFACTURING LLC
4T9227,TINY HOMES OF OHIO
4T9228,Lumen
4T9231,"TJ OILFIELD SERVICES,LLC."
4T9233,Tinitron Trailers
4T9234,Tinitron Motors
4T9237,Ten Speed Tears LLC
4T9238,Transtar ATW
4T9241,Turtle Up
4T9242,Timberleaf
4T9244,Tiny Homes of Oklahoma LLC
4T9247,TINY CAMPER COMPANY
4T9248,Tru-Weld
4T9251,THO
4T9253,Toy Dolly
4T9255,Triple G Smokers
4T9258,TOWMORE
4T9259,Zip Kit
4T9260,Texas Trailer Cabin
4T9262,TUF
4T9265,"Tailgate Pop Up, LLC"
4T9266,TEDSON TRAILER & EQUIPMENT REPAIR LLC
4T9267,Trailer Time Trailers
4T9269,WELDING WORKS
4T9270,TJ Raese and Company LLC
4T9272,"Trailer Rebuilders, Inc."
4T9274,TRU LEVEL TRAILERS
4T9277,Toby's Mechanical
4T9279,"TM Industries, LLC"
4T9285,Tanglewood Management LLC
4T9288,TNS TRAILERS
4T9289,Tower Sign & Signal Co
4T9290,Trident Trailers
4T9291,TX Strong Trailers
4T9295,Trifecta
4T9296,Texas NovaChem Corp
4T9298,"Tulsa Gas Technologies, Inc."
4T9299,Trailers4Two LLC
4T9301,GASBOX
4T9303,Triple C Trailers
4T9305,TCS Bagger Chassis
4T9307,The Dog House
4T9308,"Tiny House Cribs, LLC"
4T9309,Twisted Pine Trailer Manufacturing
4T9310,Trail Campers
4T9311,Trinity Trailers (Trinity Truck & Trailer Service)
4T9312,Juaneilus
4T9314,Top Shelf Mfg.
4T9316,Texas Select
4T9316,"HD TRAILER MANUFACTURING, LLC"
4T9320,Trailer Central
4T9321,Smittybilt
4T9322,Top Gun Trailers
4T9325,Chaos Metal Worxs
4T9326,Timber Ridge Country Cabins
4T9327,Mega Tiny Homes
4T9328,Taylor-Wharton
4T9329,Trailers By Southern LLC
4T9330,Tail Gunner
4T9333,"Trailer Manufacturers, Inc."
4T9335,Tarform
4T9336,Triton Defense
4T9337,Tuffr Trailer Co.
4T9338,Tuffr Trailer Co.
4T9340,TDSL
4T9343,Lite Car
4T9344,Tiny Homes of Maine
4T9344,THML
4T9345,Turtleback Adventure LLC
4T9346,TriStar Welding LLC
4T9347,"Turtle Transit, Inc."
4T9352,Trailershop
4T9354,Thomas Humphries Innovative Solutions
4T9355,"Toro Cargo, LLC"
4T9357,Tuffy Tilt Tables
4T9358,The Toy Barn
4T9359,TOMAHAWK
4T9360,Thrust Innovation
4T9361,STM
4T9362,Trailers of Knoxville
4T9364,TrailersMT.com
4T9365,Legacy
4T9367,T-Rex Trailers
4T9369,Coahuila
4T9370,TENSIK
4T9371,TIER 1 FABRICATION
4T9374,FIRE
4T9374,TRAILER TECH
4T9375,Tortoise
4T9376,Tub Hand 
4T9377,Trailer Specialists Of Knoxville LLC
4T9378,Terry's Southern Automotive
4T9379,Top Tier Trailers
4T9380,Trailer Master
4T9381,Texas Strong Trailers by JCA
4T9382,SomEV
4T9383,Trailer Repairs of NW Florida LLC
4T9384,TINY MOUNTAIN HOUSES
4T9385,Mobile Solar Pro
4T9387,The Boxenstopp Inc.
4T9388,Tiernan
4T9389,Tailored Trailers
4T9390,Trimworkz
4T9391,Thunderbolt Industries LLC
4T9392,TEEMS FABRICATION 
4T9394,TTS Offroad
4T9395,Texas Best
4T9397,Tuff Trailer USA Inc
4T9398,TASK
4T9399,TTS 
4T9400,Teton Trailers
4T9401,Touch of Redland
4T9402,TrailMax
4T9403,TYEE
4T9404,TNT 
4T9405,Thor Built
4T9407,TORO
4T9410,TALIAH 
4T9411,TALIAH 
4T9412,TKO Equipment Sales & Rental LLC
4T9413,TerraCraft Outdoors
4T9414,TIDWELLS 
4T9415,Twain Trailers
4T9416,Diversified Storage Systems
4T9418,Tubal-Cain
4T9419,Toedrop Trailer 02
4T9419,Toedrop Trailer 03
4T9420,T3
4T9421,TITAN ELECTRIC VEHICLES
4T9424,TKB MANUFACTURING 
4T9425,TRIBE
4T9427,TNPS
4T9428,TSI
4T9429,TAYSON
4T9430,UKANCAMP
4T9433,TITAN FOOD TRAILERS LLC
4T9434,Tiny Home RV
4T9435,TRIDENT PEDAL
4T9437,TXP
4T9439,TRUVIE TRAILERS LLC
4T9440,TROJAN EV
4T9441,TTOCS TRAILER
4T9443,Trailer Pro
4T9444,THE METAL GUYS
4T9446,Taquerias Mobiles
4T9449,T Bar Trailers
4T9450,TERRAPIN TRAILERS
4T9451,Teleric
4T9453,TRAILER MANIA
4T9457,TORO DESIGN AND MANUFACTURING LLC
4T9458,THINK BIG
4T9460,TERRAROVER OVERLAND COMPANY
4T9461,Train View
4T9462,Triple X
4T9463,"TROYER BROTHERS, INC."
4T9467,"TXMFG, LLC / TetonX"
4T9468,TROJAN HOSE & SUPPLY
4T9469,TAILWIND DESIGNS INC
4T9470,Shaffer Trailers
4T9472,TORRES-CASTANEDA TRAILER LLC
4T9473,Titan Truss
4T9477,Triple-T Trailers
4T9480,"TRAILER SOURCES MANUFACTURER, LLC"
4T9482,TUSKY
4T9483,Best Built Trailers
4T9484,TRYSTAR LLC
4T9485,TracPac
4T9485,TRIPPS
4T9487,TRANSQUIP LLC / VersaMax
4T9488,TEXAS METAL WORKS
4T9489,DIVERSE FIBER COMMUNICATIONS
4T9491,TRINITY
4T9492,TH TRAILERS
4T9493,TJS Welding
4T9495,TITAN INTELLIGENCE TECHNOLOGY LLC
4T9496,Thermo King of Fargo
4T9497,THE CHOP SHOP
4T9499,Ttop Mfg
4T9500,Type 2 Campers
4T9502,THE SHAK FISH HOUSES
4T9504,Terra Bikes
4T9506,TRUCKERS OF AMERICA
4T9508,TRAILER UP
4T9509,THE FAST FOODTRAILERS
4T9510,Triple C Manufacturing
4T9514,JOY RIDE EV
4T9515,Texas Sidecar
4T9516,"TRIPLE B FAB, LLC"
4T9517,TITAN MANUFACTURING LLC
4T9518,MOUNTAINSIDE
4T9519,Tuffy
4T9520,"TRAILER SOURCE MANUFACTURING, LLC"
4T9521,TEXAS TRAILER
4T9522,THROWING FITZ
4T9523,Turner Machine Company
4T9524,TRAILTECH LLC
4T9525,TEAM
4T9526,TUSCARORA STRUCTURES
4T9527,T & G Trailers
4T9529,TRAILER MADE
4T9530,TANQ
4T9531,T SERIES LLC
4T9532,TBT Trailers
4T9533,TRR
4T9534,HEO
4T9535,TMG Trailer
4T9536,TPWS
4T9537,Cumberland Camper
4T9538,TRETTER BUILT
4T9540,TELO
4T9542,TCB
4T9544,TELO
4T9545,Trailhawk Manufacturing
4T9546,The Off-Road Trailers
4T9548,"Tuffshitrailers, LLC"
4T9549,T&M METAL WORKS
4T9550,"Toolcrest, LLC"
4T9551,Top Shelf
4T9552,TWH TRAILERS LLC
4T9554,Taylor Made Metal Works
4T9556,AMIDA
4T9557,Tailored Trailers
4T9559,TIPSY TRASH TRAILERS
4T9561,The Utility Bike Company
4T9562,Twin Brook Fabrication
4T9564,Tow Smart
4T9565,Andhum Trailers
4T9566,Torera
4T9569,"TAYLOR RIG AND EQUIPMENT, LLC"
4T9570,Triple Trailers
4T9573,TuYou LLC
4T9578,Sand Shark Trailers
4T9579,Tillery Auto
4T9581,Duesway
4T9582,The Trailer Factory LLC
4T9583,Tru Form
4T9584,Top Notch Trailers
4TA,Toyota
4TB,OKT
4TC,Triton
4TE,
4TG,Titan Trailer MFG
4TJ,TEXAN TRUCK BODY CO
4TM,Trail Star Trailer
4TM,White River Marine Group
4U0,"J & L'S CARGO EXPRESS, INC."
4U1,"Dynaweld, Inc."
4U3,X-L SPECIALIZED TRAILERS INC
4U7,Country Coach
4U8,Dri-Doc Inc
4UF,Caterpillar
4UF,Yamaha
4UF,JLG
4UF,BRP
4UF,Cushman
4UF,Arctic Cat
4UF,Tracker
4UF,White label - other
4UG,ABU
4UJ,Airstream Inc.
4UL,H & S Manufacturing Co Inc
4US,BMW
4UV,Mac-Lander Incorporated
4UY,"TECHSYS CHASSIS, INC."
4UZ,Freightliner
4UZ,Mitsubishi Fuso
4V0,Crossroads
4V1,Volvo Truck
4V1,WHITEGMC
4V2,Volvo Truck
4V2,WHITEGMC
4V3,Volvo Truck
4V4,Volvo Truck
4V5,Volvo Truck
4V6,Volvo Truck
4VA,Volvo Truck
4VB,Volvo Truck
4VC,Volvo Truck
4VD,Volvo Truck
4VE,Volvo Truck
4VG,Volvo Truck
4VH,Volvo Truck
4VJ,Volvo
4VK,Volvo Truck
4VL,"VERI-LITE, INC."
4VM,Volvo Truck
4VN,Sureride Trailer Manufacturing
4VR,Morris Farms
4VZ,Chevrolet
4VZ,GMC
4VZ,Isuzu
4VZ,Spartan Motors Chassis
4VZ,Spartan Motors
4VZ,Spartan RV Chassis
4W1,Chevrolet
4W5,Acura
4W8,"Spectre Manufacturing, Inc."
4WF,Friesen Welding
4WN,Hyde Drift Boats
4WR,Ranger Boat
4WW,Wilson Trailer Co.
4WX,Moritz International
4WY,R-Vision
4X3,Bearcat
4X4,Forest River
4X7,SHEPHERD MFG & DIST
4XA,Polaris
4XB,King Trailers
4XD,Skwatter Trailer Co.
4XT,MVP RV INC. (THOR CALIFORNIA)
4XV,APA
4XX,Nations Trailers Inc
4YA,TRA/REM
4YB,"Rocket International, Inc."
4YD,Coleman
4YD,Outback
4YD,Colorado
4YD,Keystone
4YD,Alpine
4YD,Arcadia
4YD,Aspen Trail
4YD,Astoria
4YD,Avalanche
4YD,Bullet
4YD,Cameo
4YD,Carbon
4YD,Cougar
4YD,Cruiser
4YD,Hampton
4YD,Hideout
4YD,Impact
4YD,Kodiak
4YD,Longhorn
4YD,Montana
4YD,Passport
4YD,Redwood
4YD,Residence
4YD,Retreat
4YD,Springdale
4YD,Sunset Trail
4YD,Texan
4YD,Volante
4YD,Voltage
4YD,Yukon
4YD,Zinger
4YD,Keystone/Atlas
4YD,Keystone/Raptor
4YD,Keystone/Eddie Bauer
4YD,Fun Time
4YD,Keystone/Sprinter
4YD,Reign
4YD,Sprout
4YD,Fuzion
4YD,Keystone/Denali
4YD,Walkabout
4YK,Black Hawk
4YM,Carry-On Trailer
4YN,Anderson Mfg.
4YP,"LoadMaster Aluminum Boat Trailers, Inc"
4YS,L&D TRAILERS
4Z1,Gator Made
4Z2,"Thor Indiana, Inc."
4Z3,American LaFrance
4Z4,CPS Trailer Company
4Z9723,4 Wide
4ZE,Load Trail
4ZH,Kutz Farm Equipment
4ZJ,Terex USA LLC
4ZL,Neighborhood Electric Vehicle
4ZM,EMB INCORPORATED
4ZP,Tebben Enterprises
4ZZ,STAR MANUFACTURING INC
500,Coyote Mfg Co.
502,Aplus Trailers
505,A Trinity Trailer
507,"Kendon Industries, LLC"
50B,Rampless
50B,Iron Craft
50E,Lucid
50F,Texoma Trailers
50G,KARMA
50H,Norstar Trailers
50J,"Hull Porter Trailers, INC."
50L,US Tower Corp.
50M,Voyager Industries
50P,Belmont Trailers
50R,"Crater Trailers of LA, LLC"
50S,LIFETRIKE
50T,Dash EV
50V,Liv Golf Cars
50W,"Kace Trailers, LLC"
50X,Spartan Cargo
50Y,American Ironhorse
50Z,Quality Cargo
510,Yakima Products
511,Mizer Motor Works
512,Rock Line Products
513,"DRAGGIN' P, INC"
514,Fisker
515,"Fairplay Electric Cars, LLC"
516,Autocar Industries
517,King American
51D,Eco Motor Company
51F,S & B TRAILERS
51H,Hoosier Trailers
51L,Titan Manufacturing
51P,CIRCLE J TRAILERS
51R,Brammo
51S,C & C Trailer Manufacturing
51T,Monaco
51U,Holiday Rambler
51V,R-Vision
51W,Outdoors RV
51X,McKenzie
51Y,Bison Coach
51Z,Monaco RV
520,Bakkura Mobility
521,Riverside Travel Trailer
522,GREENGO TEK
523,The Vehicle Production Group
525,Meridian Motors Company
526,VT Hackney
527,"CIMC REEFER TRAILER,INC"
52A,"TRAVELMATE, LLC"
52B,DHS Systems
52C,Polaris
52D,Ferocity Industries
52E,AMP Motor Vehicles
52F,Bad Boy Inc.
52G,California Scooter
52H,Lighthouse RV Manufacturing
52J,Load Pro Trailers
52K,Storm
52L,Nomad Trailers
52M,Club Car
52P,Bad Boy Enterprises
52R,Star EV
52S,EQUUS AUTOMOTIVE
52T,Extreme Road & Trail
52W,Red Oak Mfg
52Y,FIMCO
52Y,Schaben Industries
52Y,Ag Spray Equipment
52Z,UtilityMate
52Z,VINTEGE TRAILERS
530,Trail One LLC
531,Stehl Tow
532,"TRAILER BARON OF S.C., INC."
533,H & H Trailers
534,S C Trailers
535,Sure-Load Trailers
536,Ranger Trailers
537,Azure Dynamics
538,Zero Motorcycles
53A,Extreme Warrior RVs of Idaho
53B,LGS INDUSTRIES
53F,Covered Wagon Trailers
53G,Coda
53J,Avera Motors
53M,Hull Trailers
53N,Diamond Cargo
53P,Pace American
53R,Xtreme Green Products
53T,Th!nk
53U,Scona
53W,Domine Enterprises
53X,Trailer Sales of MI
53Y,GREENTECH AUTOMOTIVE
541,Appalachian Trailer Sales
542,Bravo Trailers
544,BB Buggies
545,NORTH SHORE MANUFACTURING COMPANY INC
546,BUELL (EBR)
546,Buell
54A,H L ENTERPRISE INC.
54B,Neo Manufacturing
54C,Winnebago of Indiana
54C,Sunnybrook
54D,Chevrolet
54D,GMC
54D,Isuzu
54F,"Rosenbauer Motors,LLC"
54G,South Georgia Cargo
54H,Trailers and More
54L,
54R,"Fleetwood RV, Inc."
54S,Ukeycheyma
54T,Ukeycheyma
54U,Ukeycheyma
54V,Ukeycheyma
54W,Ukeycheyma
550,Quality Trailer Enterprises
552,Evolve Motorcycles
555,COASTLINE TRAILER MFG
557,Extreme Trailer
558,MAC
55C,Ohio Steel Trailers
55D,Maxey Welding
55G,Sabertooth
55H,Sabertooth
55J,CLAY'S TRAILER SALES
55K,TRAX MANUFACTURING
55L,Reiser
55M,"TRAVEL LITE, INC."
55M,Rove Lite
55N,Integrity Trailers Inc.
55S,Mercedes-Benz
55T,Northwest technologies Inc
55Y,Cynergy Cargo
55Z,R & M Trailer Mfg. Inc.
560,"Mastercraft Tools Florida, Inc. dba Altocraft USA"
563,"MMDI, Inc. dba Metro Metal & Design, Inc. & Metro Dominator"
564,Nexhaul Trailers
566,Four Winns
566,Glastron
566,Scarab
566,Wellcraft
567,"FISHING HOLDINGS, LLC"
56A,BikeToo
56B,Pinnacle Manufacturing
56C,PCI Manufacturing
56D,Livin Lite
56E,Armor Lite Trailer
56J,United Trailers
56K,Indian Motorcycle
56L,Baldor Generators
56M,SWITCH 
56N,FortuneSport VES
56P,ALTA
56S,Vermeer
56V,RC TRAILERS
56V,MTI
56W,Griffin Trailer (Chubbs)
56Y,Lance Camper
56Z,"LDJ MANUFACTURING, INC."
571,Lark United Manufacturing
572,C&B Manufacturing (Hitchdoc)
572,ZBM
572,SeedCart
572,FuelCart
573,GRAND DESIGN RECREATIONAL
575,Haulmark
575,Wells Cargo
576,Dell Rapids Custom Trailers
57B,"Trailer World, Caliber"
57C,Lakes Enterprises
57D,Champion Telecom
57E,Pagsta
57F,Tarter Industries (Tarter West)
57G,Massimo Motor Sports
57H,Pleasant Valley Teardrop Trailers
57H,Sherpa
57H,nuCamp
57J,Fontaine Trailer Co.
57L,Chairiot Mobility
57M,Midsota Manufacturing
57N,OPM Specialties
57R,Oreion Motors
57S,Lightning Motors Corp
57T,Harrod Equipment LLC dba Bluegrass Trailer Mfg
57V,CIMC
57W,AM General
57X,Slingshot
580,Legacy Housing
582,WORTHINGTON TRAILER L.P.
584,Arnold Machine
585,Sun Country
586,LIFESTYLE LUXURY
587,Lit Motors
58A,Lexus
58C,Bwise Manufacturing
58D,GenZe
58E,Cross Trailers
58F,CLEVELAND CYCLEWERKS
58G,Dosko
58G,Brave
58G,Iron & Oak
58G,Maxim
58J,Lakota
58J,Iron Horse
58J,Big Horn
58J,Grande
58J,Charger
58J,Warrior
58J,Luxe
58J,Colt
58J,Infinity
58L,Metal Craft Manufacturing
58M,CONTEMPORARY CLASSIC CARS (CCC)
58N,SHOCKWAVE MOTORS
58S,East Texas Trailers
58T,HIGHLAND RIDGE
58T,OLYMPIA
58T,SILVERSTAR
58T,OPEN RANGE
58T,MESA RIDGE
58T,GO PLAY
58T,TravelStar
58W,Rainier Truck and Chassis
58X,Fabform Industries
590,SH Distributing
590,Yacht Club
590,Sport Haven
590,Shore Haven
590,HTC Trailers
590,Sport Club
591,Dragon ESP
595,M.D. PRODUCTS INC
597,Diamond City Trailer
598,Pool Trailer Design
59C,Riverside RV
59C,INTREPID
59C,RETRO
59C,XPL/xPlorer
59C,RIIT
59C,WHWT
59C,XPL
59G,Maxxum
59G,Duruxx
59H,Omega RV
59K,Summit Trailer
59L,Commodore Trailers
59P,Workhorse
59R,Workhorse
59T,Logan Coach
59U,Spira
59W,EZ Trac
59X,Malibu Boats
59Y,Lund
5A0,AA Screen Supply
5A1,I-85 TRAILER MANUFACTURERS
5A3,Car Mate Trailers
5A4,Load Rite
5A5,Midwest Trailers
5A6,Stratos Boats Inc
5A6,"OMC Fishing Boat Group, Inc."
5A7,Boatmate Trailers
5A8,Newman's Manufacturing Incorporated
5A8,Newmans Industries Inc.
5AC,Bug Motors
5AD,Tow-It-All
5AE,Allmand Brothers
5AE,"Allmand Bros, Inc."
5AG,V.E. Enterprises
5AJ,Magnum Products
5AK,"SPI MANUFACTURING, INC."
5AR,E-Z PULL TRAILERS LLC
5AS,GEM
5AT,Kirk's Trailer Mfg.
5AX,Armor Chassis
5B4,Navistar
5B4,Caterpillar
5B4,IC Bus
5B4,Workhorse
5B4,International
5B5,PREMIER TRAILERS INC
5B6,Cannondale Corporation
5BA,Nabors Trailers of America
5BB,Milwaukee Motorcycle Company
5BC,Cruise Air
5BC,Maverick
5BC,Suite
5BC,Landau
5BC,Cruise Master
5BC,Pursuit
5BE,"TRAIL MASTER, INC."
5BF,Leonard Aluminum Utility Buildings
5BJ,Ives Motors Corporation (IMC)
5BN,PRO-TRAK TRAILERS
5BP,Solectria
5BS,Horse Creek Manufacturing
5BT,Bering Truck Corporation
5BU,Vega Integrated Products
5BX,Hot Summer Industries
5BX,WOLVERINE TRAILERS
5BZ,Nissan
5C2,Clement Industries
5CD,Indian Motorcycle
5CJ,Western Star
5CK,Western Star
5CL,Adam Trailers
5CN,Central Trailer Corp
5CU,Bil-Jax
5CW,MICKEY TRUCK BODIES INC.
5CX,Shelby
5CZ,RBD
5D0,R & B Industries
5D1,Shivers Utility Trailer
5D3,Legend
5D6,CENTURION
5D7,CHARLESTON MARINE CONTAINERS
5D8,"GENIE MANUFACTURING, INC."
5DA,"LAFAYETTE COUNTY CAR COMPANY, LLC"
5DB,Extreme Engineering Inc.
5DD,Kalyn Siebert
5DE,Fox Trailers
5DG,Terex Advance Mixer
5DJ,Beckenridge
5DL,Tri State Industries
5DN,Western Trailer Company
5DS,Custom Pull Trailer
5DT,ROADMASTER LLC
5DY,JLG Industries
5DY,Triple-L
5E0,COTTRELL
5E2,Horton Vans
5E3,Wheeler Reeler
5E8,Independence Motorcycle Company
5EC,Steel Prep
5EF,CHEETAH CHASSIS
5EH,Excelsior-Henderson Motorcycles
5EN,Excalibur Automobile Corporation
5EP,"YOUNG'S WELDING, INC."
5ER,Teske Manufacturing
5ES,"Hunter Automotive Group, Inc"
5EU,"Astur N.C. Tooling, Inc"
5EV,EXPLORER VAN COMPANY
5EW,"Steco, Inc"
5EX,Avanti Marine USA Inc.
5EZ,"T & T Enterprises & Mfg., LLC"
5F0,CLASSIC MOTORCYCLES & SIDECARS
5F1,"Wanco, Inc"
5F5,Esarati Electric Technologies Corp
5F6,Ennis Trailer Mfg
5F7,Big Bubba's Trailer Sales
5F8,ZONE ELECTRIC CAR
5FA,Fleetwood Enterprises
5FB,Fleetwood Enterprises
5FC,Tomberlin
5FC,Columbia
5FG,"THULE Trailers, Inc/C & C Distributors, Inc."
5FK,Diamond C Farm Equipment
5FL,B & R Trailers
5FM,Carnai Trailers Inc.
5FN,Honda
5FP,Honda
5FR,Acura
5FS,Acura
5FT,Felling Trailers
5FV,Ironhorse Manufacturing Inc
5FW,Diamond T Trailers Mfg. Co.
5FY,New Flyer
5G0,Lippert Component
5G2,Cruise
5G3,GMC
5G5,BrightDrop
5G8,Holden
5GA,Buick
5GD,Daewoo
5GG,Crafton Equipment
5GL,Express Trailers Inc
5GN,Hummer
5GP,C & H Quality Trailer Sales
5GR,Hummer
5GS,SILVER STAR TRAILERS
5GT,Hummer
5GU,"TNT, A Division of Banks Trailer Group"
5GV,Streme Trailer Mfg
5GV,X-Treme Trailer Mfg
5GX,Maxey Welding
5GY,"Commercial Manufacturing & Industrial, Co."
5GZ,Saturn
5H0,Target Trailer
5H2,E Z Dumper Products LLC
5H3,Taylor Trailers
5H5,TOYHOYST Inc.
5H6,Wheels Unlimited
5HA,Homesteader
5HB,TRINITY TRAILERS
5HC,Atlas Specialty Products
5HD,Harley-Davidson
5HE,Back Track Trailers
5HF,Customized Utility Trailers
5HH,D Hart Designs Inc
5HJ,Display Solutions Inc
5HK,"Amphibian Boat Trailers, Inc."
5HL,Top Brand
5HM,Platinum Manufacturing LLC
5HN,A-1 Custom Trailer aka Tow Master
5HP,KMT Service Parts Inc
5HR,Weekend Warrior Trailers
5HT,Heil Trailer International
5HU,Tow Pro LLC
5HV,Predator Eagle
5HZ,Vac-Tron Equipment
5J1,Big Dog Motorcycles
5J2,"East Texas Longhorn Trailers, LLC"
5J3,Arizona Trailer Manufacturing
5J4,"OEM Fabricators, Inc."
5J5,Club Car
5J6,Honda
5J7,Honda
5J8,Acura
5JA,"Armstrong Trailer Products, Inc."
5JB,Southern Heritage Trailers LLC
5JE,"Fast Trac Manufacturing, Inc."
5JF,Texas Best Trailer Sales & Service
5JG,"Trailer Corporation of America, Inc."
5JH,R&B Fabrication
5JJ,Skyline Corporation
5JK,Skyline Corporation
5JL,J&L
5JN,Jet Company Inc.
5JP,Cam Superline
5JR,Apache Trailer
5JT,P&T
5JU,Marine Master Trailers
5JV,CENTREVILLE TAG-A-LONG TRAILERS
5JW,Cam Superline
5JW,Formula Trailers
5JW,H & H Trailers
5JW,Novae Trailers
5JW,Sure-Trac
5JW,TNT Trailers
5JW,Mirage Trailers
5JW,Tailgater Trailers
5JW,Trailerman Trailers
5JW,ITI Cargo Trailers
5JW,Midsota Trailers
5JW,Look Trailers
5JW,Commander Trailers
5JW,Pace Trailers
5JW,Cargo Express Trailers
5JW,Everlite Trailers
5JW,Compass Trailers
5JW,Impact Trailers
5JW,Punch Trailers
5JX,Aluminum Trailer Co.
5JY,Pitts Trailers
5K0,Electric Cycle Co
5K1,Miller Built Trailers
5K6,Ranger Boat
5K7,Creative Trailer Concepts
5K8,HERCULES ENTERPRISES LLC.
5KB,Honda
5KC,Acura
5KD,Frontier RV
5KE,DRV Suites
5KE,All Aluminum Structure
5KE,Mobile Suites
5KE,Full House
5KE,Tradition
5KE,Travel Suites
5KG,Long Neck Trailers
5KH,Skyline Corporation
5KJ,Western Star
5KK,Western Star
5KM,Vento
5KN,"TRANSHAUL, INC."
5KP,Big A Mfg.
5KR,Stiles Trailer Company
5KS,"A Team Trailers, Ltd."
5KT,Karavan Trailer
5KV,S & S Trailers
5KW,"Danzer Industries, Inc"
5KX,East Tennessee Trailers LLC
5KY,Genesis Trailers Inc.
5KZ,Road King Trailers
5L0,Giles RV
5L1,Lincoln
5L3,"TRAILERMAN TRAILERS, INC."
5L4,Pilgrim International
5L5,American IronHorse Motorcycles
5L6,Iron Eagle Trailers
5L7,Moffett Utility Trailers
5L8,"Load Max Trailers, LTD"
5LA,"ROYAL CARGO, LLC"
5LB,Cargo South
5LD,Ford
5LE,
5LF,Tidewater Trailers
5LG,MasterBuilt Manufacturing Inc.
5LK,Load King
5LL,Cargo America
5LM,Lincoln
5LP,Hawkline LLC
5LT,Lincoln
5LV,Holmes Enterprises
5LY,Johnny Pag Motorcycles
5LZ,"Eclipse Recreational vehicles, INC"
5M0,"BUCKBILT TRAILERS, INC."
5M3,Mirage Trailers
5M4,Liberty
5M7,Ringo
5MA,MAC TRAILER MANUFACTURING
5MB,Great Lakes Cargo
5MC,Manac Trailers USA
5MH,"MM Spirit, Inc. dba American Spirit"
5MK,Elite Trailer Manufacturing
5ML,"Elgin Enterprises, Inc."
5MN,"Gladiator Custom Trailers, Inc."
5MS,Tube Systems LLC
5MU,Road King Trailers of Florida
5MV,Pace American
5MY,Down to Earth
5MZ,BUELL (EBR)
5MZ,Buell
5N1,Nissan
5N1,Infiniti
5N3,Infiniti
5N6,American Hauler
5NC,Newmar Corporation
5NH,Forest River
5NM,Hyundai
5NM,Genesis
5NP,Hyundai
5NT,Hyundai
5NW,Towblazer
5NY,Stagecoach Trailers
5NZ,TRAILMANOR
5P0,Thomas Built
5P3,"BARON MOTORCYCLES, INC."
5P4,Power Sports Factory dba Yamati Motorcycles
5P5,Blackrock Trailers Corporation
5P7,Hiniker
5P8,RC MOTORSPORTS
5PA,"Cimarron Trailers, INC."
5PD,Innovative Trailer
5PG,Bulldog Trailers Inc.
5PM,"Rage'n, Inc."
5PR,"Welchel Enterprises, L.L.C. dba Cherokee"
5PS,Echo Trailer
5PT,SNAKE RIVER TRAILER
5PV,Hino
5PY,Tarnel USA
5R0,Proline Trailers
5R3,Homier Distributing Inc
5R4,Xkeleton Motorcycle
5R6,Azure Dynamic Inc.
5R8,MAXXD Trailers DROP-N-LOAD
5R8,Maxey Trailers MFG
5RC,Trail-Rite LLC
5RD,Hitong Motors
5RE,"Reliance, Alloy, Comet, Sturdyweld"
5RF,"CW Welding and Fabrication, LLC"
5RH,CenTex
5RJ,International
5RK,Down 2 Earth Cargo LLC
5RL,GREENFIELD TRAILERS
5RR,Knight Trailers
5RS,DownEaster
5RT,Lark United Manufacturing
5RV,LAMAR TRAILERS
5RX,Go Explore
5RX,Shadow Cruiser
5RX,Essence
5RX,Radiance
5RX,Stryker
5RX,MPG
5RX,Avenir
5RX,Southfork
5RX,Embrace
5RX,Twilight/Twilight Signature
5RX,Hitch
5RX,Fun Finder
5RX,Land Roamer
5RX,View Finder
5RX,Enterra
5RX,Boss
5RX,Cell Caravan
5RX,Milestone
5RY,Roketa
5RZ,Timberwolf Manufacturing Corporation
5S3,SAAB
5SA,Suzuki
5SB,Paiute Trailers
5SF,Heartland RV
5SF,Bighorn
5SF,Trail Runner
5SF,Sundance
5SF,North Trail
5SF,Elkridge
5SF,Gateway & Milestone
5SF,Prowler
5SF,Lakeview
5SF,Fine Life / Perfect Cottage
5SF,Sundance TT
5SF,"Bighorn, Bighorn Traveler, Big Country, & Landmark"
5SF,"Mallard, North Trail, & Wilderness"
5SF,"Elk Ridge, Elk Ridge Focus, & Pioneer FW"
5SF,"Pioneer, Prowler, & Prowler Lnyx"
5SF,"Cyclone, Fuel, Gravity, Road Warrior, Torque, & Torque TT, Lithium"
5SF,Eddie Bauer
5SF,Corterra
5SH,"Kaufman Trailers of NE, Inc."
5SJ,Avanti Motorcycles
5SL,MQ Power
5SL,Multiquip
5SM,NORTH AMERICAN CARGO
5SN,"Lifetime Products, Inc."
5SR,C.F.'s Welding Service & Custom Built Trailers
5SV,Fontaine Trailer Co.
5SW,Frontier Cargo
5SX,American LaFrance
5SX,Mobile Armoured Vehicle
5T0,All About Trailers
5T4,Navistar
5T4,Caterpillar
5T4,IC Bus
5T4,Workhorse
5T4,International
5TA,Oak Creek Homes
5TA,PARK COTTAGES
5TB,Toyota
5TC,"CRUISERS MFG, INC (CMI)"
5TD,Toyota
5TD,Lexus
5TE,Toyota
5TF,Toyota
5TG,SMART TRANSPORT SOLUTIONS
5TH,Elite Trailers
5TJ,American Surplus & MFG
5TL,TDM
5TM,TITAN
5TP,NORTH ALABAMA TRAILER CO. INC.
5TR,Fontaine Trailer Co.
5TS,Tomberlin
5TY,Thoroughbred Motorsports INC
5U0,Roseburg Trailer Works
5UC,TrailMax
5UE,EnduraMax
5UF,International
5UG,Prostar
5UH,Ruff & Tuff Electric Vehicles
5UJ,Direct Trailer
5UL,H & H TRAILER SW
5UM,BMW
5UP,"HaulRite of Four Corners, Inc."
5UR,T & D Enterprises
5UU,Horton Iron Works
5UV,Titan Imports
5UW,"Watec, Inc. dba H & H Trailers Southeast"
5UX,BMW
5UY,Pacific Coachworks
5UZ,Diamond Cargo
5V0,NST MotorCycles
5V4,Autocar
5V8,VANGUARD NATIONAL TRAILER CORPORATION (VNTC)
5VA,Majestic Corporation
5VB,"Tiffin Motorhomes, Inc"
5VC,Autocar
5VD,Micro-Lite Trailer
5VF,"American Electric Vehicle Company, LLC"
5VG,KAUFMAN TRAILERS OF NC
5VJ,ECHO Bear Cat
5VJ,ECHO
5VJ,Crary
5VJ,Lockwood
5VJ,Shindaiwa
5VK,GREAT NORTHERN TRAILER WORKS
5VL,Frontier RV
5VM,S&S Motorsports
5VN,C&M TRAILERS INC
5VP,Polaris
5VP,Victory
5VP,Indian Motorcycle
5VR,Kuryente Enterprises
5VS,General Rich Enterprises
5VT,Bye-Rite Trailer Sales
5VU,Wylie
5VV,TRAILON TRAILER CORP.
5VW,Phoenix Trailers LLC
5VX,VORTEX MOTORCYCLES CO
5VY,Lone Star Trailer
5VZ,Pace American
5WB,TNT Trailers
5WD,Altec
5WE,Chevrolet
5WE,Navistar
5WE,Caterpillar
5WE,IC Bus
5WE,Workhorse
5WE,International
5WE,GM
5WF,Alcom LLC
5WH,SylvanSport
5WK,"Freedom Trailers, LLC"
5WL,LEVEL TRAILERS
5WM,Legend Manufacturing Inc
5WN,MetroRider LLC
5WP,Baggett's Trailer Connection
5WR,Intrepid Engineering Group (IEG)
5WS,Wabash
5WS,WALKER STAINLESS EQUIPMENT CO
5WS,WALKER
5WS,Progress
5WS,WABASH TANKS
5WT,Aptera Motors
5WU,Lawrimore Manufacturing
5WV,Norman Power Systems
5WW,Delco Trailers
5WY,Verucci Motorcycles LLC
5X0,Rudes Riggs
5XA,Iron Panther Incorporated
5XB,"Electric City Motors, North America"
5XD,THULE TRAILERS A DIVISION OF THULE TOWING SYSTEMS LLC
5XE,Porteon Electric Vehicles
5XF,Wacker Neuson Corporation dba Wacker Neuson
5XG,"TRAILERMAKERS, LLC"
5XH,"SALTY'S MANUFACTURING, LTD"
5XJ,LaBarge Products
5XK,"China Off-Road Products, Inc."
5XM,Open Range RV Company
5XR,Luyuan
5XS,Street Steel Motorsports
5XV,Extreme Trailers
5XW,Alpha Products International
5XX,Kia
5XY,Hyundai
5XY,Kia
5Y2,Pontiac
5Y4,Yamaha
5YA,Indian Motorcycle
5YB,Light Engineering
5YC,"ARISING INDUSTRIES, INC"
5YE,"Chase Trailers, LLC"
5YF,Toyota
5YH,BestBilt Trailers
5YJ,Tesla
5YL,Apex Motor
5YM,BMW
5YN,Cruise Car
5YN,Moke
5YP,"TRIFUN, INC."
5YS,"St Certification Service (USA) Co., Ltd."
5YT,SMILEY RILEY'S TRAILER
5YU,Fuzion Motorcycles
5YW,Knievel Motorcycle Manufacturing
5YX,American SportWorks
5Z0,Road Boss Trailer MFG.
5Z5,Appalachian Trailers Inc.
5Z6,Suzuki
5Z7,Linamar Consumer Products
5Z8,KANDI
5ZA,KANDI
5ZC,Cam Superline
5ZK,American Performance Technologies
5ZL,DHM Trailers
5ZM,Durabuilt
5ZR,MotoAdvent
5ZT,Forest River
5ZU,GREENKRAFT
5ZW,EverGreen Recreational Vehicles
5ZW,Lifestyle
5ZW,Evergreen
5ZW,Skyline
5ZY,Taylor-Dunn
5ZZ,Xtreme Green Products
6B9AE6,SLOANEBUILT TRAILERS 
6G1,Chevrolet
6G2,Pontiac
6G3,Chevrolet
6J4,Kimberley Kampers PTY
6K9018,Trackabout Off Road Campers
6K9230,Patriot Campers
6K9299,Gidget
6K9314,Bruder Expedition
6K9337,Drifta Offroad Tourer
6K9345,Zone RV Pty Ltd
6K9502,Nevco Engineering
6K9605,FINELINE 
6K9677,OFFTRAX CAMPERS
6K9718,TX Trailer
6K9860,Specialty Trailers
6K9950,Track Trailer
6MD,BRAAAP MOTORCYCLES
6MM,Mitsubishi
6MP,Mercury
6P1,KIMBERLEY KAMPERS 
6P6,Dream Haven
6PM,Patriot Campers
6RH,ARB
6S4,Track Trailer
6V9055,OVERLAND NORTH AMERICA
6V9067,AUSTRALIAN OFF ROAD
6Y9052,Blue Mist Holdings
6Y9056,Sequor Trailer
6ZF,Futura Trailers Limited
710,Charmac
711,"BARRETT TRAILERS, LLC"
712,NIU
713,Horizon Trailers
714,INTI
715,Ikon
716,VISION CARGO LLC
718,ZM Trucks
71C,Standard Iron
71E,Pack Mule
71F,Black Iron Products
71H,SAWYER TRAILERS LLC
71K,Roam
71L,Solana
71N,TEKO Inc.
71P,C Trailers LLC
71T,Slate
71U,Double A
71V,Slate
71X,Stealth Trailers
721,Darkhorse
722,Chevrolet
722,Isuzu
727,Rawrr
728,AMIDA
728,Taylor and Ard Equipment
72D,Speed Tender
72D,Header Transport
72D,Farm Forged
72H,IBEX Trailers
7A5,Ford Motor Company of New Zealand
7A9005,Steelbro
7A9024,Hosking Trailers Ltd
7A9026,Uni-Go Nz Ltd
7B9CHG,"AGAMS, CO. LTD"
7DL,DesignLine International Holdings
7F2,XPO
7F3,Bye-Rite Trailer Sales
7F5,17 Creek Enterprises
7F6,STELLAR INDUSTIES INC.
7F7,Arcimoto
7F8,Empire Cargo Trailers
7FA,Honda
7FB,Aero Motors
7FC,RIVIAN
7FD,DEEP SOUTH CARGO TRAILERS LLC
7FE,Arch Cargo Trailers
7FH,The Toro Company
7FJ,PCI Manufacturing
7FK,"Impac Manufacturing, Inc"
7FM,SIERRA MOTOR CORPORATION
7FN,"American Manufacturing Operations, Inc."
7FR,Peach Cargo
7FS,"GENERAC MOBILE PRODUCTS, LLC"
7FU,Skeeter Products
7FW,"HIGH COUNTRY CARGO, LLC"
7FY,Anvil Trailer
7G0,FF
7G1,"Discovery Cargo Trailers, Inc."
7G2,Tesla
7G3,O'Neal Trailers
7G5,COLUMBIA NORTHWEST
7G5,Aliner
7G5,Somerset
7G6,US Specialty Vehicles LLC
7G7,"IPT, Inc"
7G8,SNIDERBUILT TRAILERS
7GA,Rivercraft
7GB,MANA
7GC,MCT
7GE,"Thuro-Bilt, Inc."
7GG,Salvation Trailers
7GJ,"HISUN MOTORS CORP.,USA"
7GR,ROGERS WELDING
7GT,All Star Solutions
7GU,BBK
7GY,"MVM7, LLC"
7GZ,GMC
7H0,inTech Trailers
7H2,Rock Solid Cargo
7H4,Hino
7H5,BNM Trailer Sales
7H6,"Alliance North America, Inc"
7H8,CENNTRO
7HA,Patriot
7HA,Texline
7HA,Stealth
7HB,American Hauler
7HC,Texas Pride Trailers
7HE,Georgia Wholesale Trailers
7HF,Braxton Creek
7HH,Vanleigh RV
7HJ,Visionary Metals
7HK,TK Trailers
7HL,"3&1 Enterprises, LLC dba Impact Trailers"
7HM,US Trailer Manufacturing
7HN,"GENESIS SUPREME RV, INC"
7HP,Green 4 U Inc.
7HR,Precision
7HT,SF Motors Inc.
7HV,Criterion Trailers LLC
7HV,Criterion
7HV,Tradco
7HW,McLaughlin
7HY,"NWT Holdings, LLC"
7HZ,PRIMO TRAILERS
7J0,AUSTIN ELECTRIC
7J1,AMPERE
7J2,SMC Trailers
7J3,Sunset Liberty
7J3,Go Lite
7J3,Sunray
7J3,Sun Lite
7J3,Rush
7J5,White River Marine Group
7J8,Manley Trailers
7JA,Quality Electric Systems
7JB,U.S. BUILT TRAILERS
7JD,Volvo
7JE,Lucon
7JF,Capstone
7JJ,East to West
7JJ,North to South
7JJ,Della Terra Trailer
7JK,DEEP SOUTH CARGO TRAILERS LLC
7JM,Tropos Motors
7JM,Tropos Technologies Inc
7JN,Jackson's Trailers
7JR,Volvo
7JS,HBT Smokers
7JU,Liberty Outdoors
7JV,Fitzgerald Industries Inc
7JW,ACI
7JY,RHM
7JZ,Proterra
7K1,Bridgewater Steel LLC
7K2,Nomad Trailers
7K4,Max Built
7K5,Haulmark
7K6,Wells Cargo
7K7,Moran Welding
7K8,Haulmark
7KA,Wells Cargo
7KB,Haulmark
7KC,Wells Cargo
7KD,Haulmark
7KE,Wells Cargo
7KF,Mertz Manufacturing
7KG,Vanderhall Motor Works
7KJ,Rocket
7KL,Precision Trailer
7KR,Spark Intermodal Equipment Inc.
7KS,Ultra
7KS,Daystar
7KS,Buck
7KU,"United Alloy, Inc."
7KV,Haulmark
7KX,Chinook
7KY,Dorsey
7KZ,KANDI
7L0,Sonbuilt
7L3,"Hill and Smith, Inc."
7L6,NorTex Trailers
7L7,LVT
7LA,Old School Trailers LLC
7LB,RacersRig
7LC,GSK
7LE,X-On Trailers LLC
7LF,GPS Trailers
7LH,Coal Mountain
7LK,HD Trailer
7LM,Mahindra Trailer
7LN,American Lifan
7LP,Tailgater Trailers
7LR,Friesen Trailers
7LS,Valley Manufacturing LLC
7LU,"APPLEQUIST MANUFACTURING, INC."
7LV,DeLucio USA
7LW,ADVANCED EV
7LX,Alfa Cargo LLC
7LZ,Darkhorse
7M2,Benchmark Trailers
7M3,"Davidson Trailers, LLC"
7M4,SJT Trailers
7M5,Alliance RV
7M6,DarPah LLC
7M7,Genesis Trailers Inc.
7MC,FRANKLIN ELECTRIC CO INC
7MD,Woodies
7ME,ONYX Motorcycles
7MF,EVA 406
7MH,Bison Towable Trailer
7MM,Toyota
7MM,Mazda
7MU,Toyota
7MV,ROTAIR
7MW,CENNTRO
7MX,"TEX FAB MFG, LLC"
7MZ,HDK Electric Vehicles
7MZ,Evolution
7MZ,TARA
7N0,Black Rhino Trailers
7N1,"K & S Manufacturing, LLC"
7N2,BERNIER TRAILER
7N3,Chuy's C&5 Trailers
7N4,Bulldog Trailers Inc.
7N5,LION
7N6,MOTO
7N7,J&C
7NA,International
7NA,ND
7NB,FAST CARGO LLC
7NC,Tork Trailers LLC
7ND,TuffDump
7NE,ZIGGY
7NF,LAND
7NG,Patriot
7NH,CYNERGY CARGO2 LLC
7NJ,ROYAL ELECTRIC VEHICLE
7NK,American Landmaster
7NN,J&J Trailer Star
7NP,"Rhino, Prime Cargo"
7NR,Trailers by Premier
7NR,Just Trailers LLC
7NS,Grandview
7NU,RMART
7NU,RRR (Triple R)
7NV,TEXAS PUSH OFF
7NW,Vermeer MV Solutions
7NX,JT Trailers
7NY,Lordstown
7NZ,KAAB
7P0,Mastiff Trailers
7P1,BACK PORCH HOMES
7P2,BREMACH
7P3,DragonFly
7P3,FireFly
7P5,"HIGH COUNTRY TRAILER MANUFACTURING, LLC"
7P6,Haul-About
7P7,THAMLEV
7PA,KL Manufacturing LLC
7PD,RIVIAN
7PE,iCon Trailers
7PF,Jansteel
7PH,Compaks
7PH,OBI
7PH,Conqueror
7PH,DST
7PJ,RIDE ON RIDE OFF 
7PK,Seed Cargo
7PL,Titanium Cargo Trailers
7PM,"VAR TRAILERS, LLC"
7PN,FROG
7PP,INNOVATIVE SPECIALTIES LLC
7PT,4L Trailers
7PU,Aero Trailers
7PV,NATIONCRAFT
7PW,"HAWKE TRAILERS SC, INC"
7PX,Satellite Industries dba Satellite Suites
7PY,BEST ALUMINUM STRIPING EQUIPMENT
7PZ,GPS Trailers
7R0,AUTUMNCREST ENTERPRISES LLC
7R2,PAVE
7R3,Bintelli
7R4,ICON EV
7R4,PURE
7R4,EPIC EV
7R4,FX
7R5,DM
7R6,DYNAMITE 
7R7,LOAD READY
7R8,4 W 
7RA,"QUALITY TRAILERS OHIO, INC."
7RB,Tuff Dawg
7RD,OrangeLine
7RF,RMS TRAILERS
7RG,American Made Chassis
7RL,DOLEGA TRAILERS
7RM,Vexus Boats
7RN,"Lakeland Trailers, Inc. of Hill City"
7RR,BELLWETHER / Premier
7RS,DIAMOND HAWG MFG
7RU,Little Guy Max
7RU,Little Guy Micro Max
7RV,"EMBER RECREATIONAL VEHICLES, INC"
7RW,ARC LINE MANUFACTURING LLC
7RX,United Trailers
7RY,Bama Built Trailers
7RZ,ELMS
7S0,GYPSI MAE TRAILERS
7S1,Payload Trailers
7S3,TIGERTX
7S4,VANDERBILT TRAILERS
7S5,BIG BOY
7S6,Abba Trailers LLC
7S8,"GOLDEN ARM TRAILERS, LLC"
7SA,Tesla
7SC,AKY
7SD,"STRONG ARM TRAILERS, LLC"
7SE,SEA
7SF,Pines Trailers
7SG,Appalachian Trailers Inc.
7SH,WABTEC CORPORATION
7SK,Argo Trailers GA
7SL,ELITE CARGO TRAILERS
7SM,FRUEHAUF INC.
7SN,Chilton Trailers
7SP,PRATT INTERMODAL CHASSIS LLC
7SR,"WALTON TRAILERS, LLC"
7SS,National Signal
7SU,Blue Arc
7SV,Toyota
7SW,Stallion Manufacturing LLC
7SX,GEM WAEV
7SX,Fusion
7SY,Polestar
7T0,Model Z
7T0,Model G
7T0,Model R
7T0,Model I
7T1,BOSS MOTOR
7T2,Silvercat Trailer Company LLC
7T3,C & A Trailers LLC
7T4,SJ
7T6,BARNTS SALES COMPANY LLC
7T7,COAL REGION TRAILERS
7T8,UPRISING ENGINEERING USA
7TB,GORILLA
7TC,ROAD DOG
7TD,True Blue Trailers
7TE,DuraBull Trailers
7TF,LION ELECTRIC MANUFACTURING USA INC.
7TG,LION ELECTRIC MANUFACTURING USA INC.
7TH,LION ELECTRIC MANUFACTURING USA INC.
7TJ,"Proform Trailers, Inc."
7TK,GIDDY UP
7TL,ELITE ELECTRIC VEHICLE
7TN,Canoo
7TP,Scag Power Equipment
7TP,Metalcraft of Mayville
7TT,GoodGuys Trailers LLC
7TU,Moke
7TV,Top Tier Trailers
7TX,Ozark Trailer Sales
7TX,RIDGELINE
7TY,FLY E-BIKE
7TY,FWMOTO
7TY,GOFLY
7TZ,MULLEN AUTOMOTIVE INC.
7U0,Douglas Trailers Inc
7U1,J & C SUPPLIERS
7U3,EBC
7U4,Nolan
7U5,ECO-CART
7U7,"VIA MOTORS, INC."
7U8,Iron Star
7UA,RANDON NORTH AMERICA LLC
7UB,BLAZER
7UC,KANDI
7UD,Oreion Motors
7UE,All World Trailers LLC
7UF,Fitzgerald
7UG,NATIONAL TRAILER MANUFACTURING
7UJ,Ryvid
7UK,Xos
7UL,
7UM,GRANITE INDUSTRIES
7UN,"BANDIT TRAILERS, LLC"
7US,FLY E-BIKE
7UT,CELLTECH
7UU,Lucid
7UV,Rawrr
7UW,HIPOWER SYSTEMS
7UX,"LACOSTA TRAILERS, LLC"
7UY,HTC GROUP LIMITED
7UY,Yacht Club
7UY,Sport Haven
7UY,Shore Haven
7UY,HTC Trailers
7UY,Sport Club
7UZ,"Kaufman Trailers Group, LLC"
7V0,
7V1,Coast 2 Coast
7V2,PHOENIX BUILDING SOLUTIONS
7V3,KODIAK EV
7V4,HT
7V5,"Trime US, Inc."
7V8,OUTLAW TRAILERS SALES
7VA,Air-Tow Trailers
7VA,Arctic Blast
7VB,"VIA MOTORS, INC."
7VC,Truxco
7VD,TowYo
7VE,PARTNER
7VG,EXTREME TRAILERS LLC
7VH,Club Car
7VH,Yamaha
7VH,EZ GO
7VH,Universal
7VH,Navitis
7VJ,LINX
7VL,M.B. BOWEN COMPANY LLC
7VM,MJM
7VN,HONOR LSV
7VS,Legion Electric Vehicles
7VU,MULLEN AUTOMOTIVE INC.
7VV,REE
7VW,"PRS Holdings, LLC. DBA Rhino Trailers"
7VY,UBCO
7VZ,Kers
7VZ,Kers Wee
7VZ,Veeco
7W0,Kers
7W0,Kers Wee
7W0,Veeco
7W1,OFFROAD CAMPERS LLC
7W2,ADVENTURE
7W4,Kwik Equipment Sales
7W7,TEEMAK
7W8,ACTIVEV LLC
7WA,Scout
7WB,Vanderhall North America LLC
7WC,BOXABL INC.
7WD,IRON BULL
7WE,"Bollinger Motors, Inc."
7WF,Scorpion Trailers
7WG,FUEL HOG TRAILERS LLC
7WH,PALADIN MOTORS
7WJ,SUNDAY CARTS LLC
7WK,Leaf Energy
7WL,Trail Maxx
7WR,MadJax
7WS,Atlas (VEXAS CORP.)
7WT,Canoo
7WW,SOLAR MOTORS INC.
7WX,NOVA LOGIX
7WZ,MOTA
7X0,All Out Custom Trailers & Fabrication
7X1,Walton Trailers
7X4,STANLEY TRAILERS
7X6,Valley Trailers
7X7,MERHOW OKLAHOMA LLC
7X8,Hillcrest Trailers
7XA,Platinumstar
7XB,DENAGO EV
7XC,TICO Manufacturing Division
7XD,Diablo
7XD,Scorpion Rides
7XD,MICO Carts
7XD,KK Carts
7XD,VALOR CARTS
7XE,Ver-Mac Inc.
7XF,Rog/Venu
7XF,Revue
7XF,Rog
7XF,Venu
7XG,SILVERBACK
7XH,BLACK HAWK TRAILER CORPORATION
7XJ,Builttrailers
7XK,BOOM
7XL,CELLTECH TRAILERS
7XM,Pratt Industries
7XP,SC AUTOSPORTS
7XU,GHOSTEV
7XV,STANLEY TRAILERS
7XW,SAUTTIS LLC
7XX,CELLTECH TRAILERS
7XY,C AND R
7XZ,Sierra LSV
7Y0,JMA TRAILERS
7Y1,F&F
7Y1,F&FHD
7Y2,IRON HITCH TRAILERS
7Y3,NuEnergy
7Y4,STARFIRE
7Y5,IRONWOLF TRAILERS
7Y6,PDG
7Y6,Greyson
7Y8,
7YA,Hyundai
7YD,"THE DUMP TRAILER COMPANY, LLC"
7YE,BREEZY
7YE,BREEZY EV LLC / Shelby
7YF,ULV
7YG,AW Custom Trailer’s LLC
7YK,A&M Trailer LLC
7YL,Hero Trailers
7YP,LIBERTY TRAILERS LLC
7YS,PRATT UTILITY TRAILERS
7YT,WINK MOTORS INC
7YU,TOMAHAWK TRAILERS
7YW,HOOK & LINE CARGO LLC
7YX,TRUELINE
7YY,TARA
7YZ,Pebble Flow
7Z0,Zoox
7Z1,Skinny Guy Campers
7Z1,Bontrager Outdoors
7Z1,Timbren X
7Z2,Sivo
7Z3,Sevic
7Z6,MERTZ INTEGRATION
7Z8,ZM Trucks
7ZA,"ZROX EV, INC."
7ZB,"KING TRAILERS, LLC"
7ZC,High Tide Trailers
7ZD,CENNTRO
7ZF,Hitch-Point Trailers
7ZJ,MEYERS MANX
7ZK,STE
7ZL,Terberg Taylor
7ZM,Native Trailers
7ZN,Harbinger
7ZP,Compass
7ZR,Standard Iron
7ZS,TTS Trailers
7ZT,Dach
7ZW,Coala
7ZX,Liftco(SERVICE SPECIALTIES OF ELKHART IN)
7ZY,"Cargo United, LLC"
7ZZ,Beall Trailers
849001,Vintage Cruiser
849001,Vintage Microbus
849001,Vintage Rover
869001,Fajumes SA de CV
8A6,Zanella
8A90ME,QMe
8A9MAC,MACTRAIL
8BN,Mercedes-Benz
8BR,Mercedes-Benz
8BT,Mercedes-Benz
8BU,Mercedes-Benz
8C9287,Heil Trailer Internacional S.A.
8X9001,Fernando Rivera
8X9002,REMOLQUES AGAMAR C.A.
932,Harley-Davidson
93M,Navistar
93M,Caterpillar
93M,IC Bus
93M,Workhorse
93M,International
93S,Navistar
93S,Caterpillar
93S,IC Bus
93S,Workhorse
93S,International
93V,Navistar
93V,Caterpillar
93V,IC Bus
93V,Workhorse
93V,International
94M,Busscar
95Z,BUELL (EBR)
95Z,Buell
9790Y6,MGK
97N,Triumph
99L,RIDE
9AD,Randon
9BF,Ford
9BV,Volvo
9BW,Volkswagen
9C2,Honda
9C6,Yamaha
9DB,Mercedes-Benz
9F5,ROMARCO
9F9046,TRACTEC
9F9090,Bison
9F9371,LCH Colombia S.A.S
9UA,Deceleste SA
9UH,RTM Group
9VB,Beway Brand
9VD,KITE
A2B,USA Motortoys
A4Z,Zero Motorcycles
A5L,Activmo Auto
A5T,Jinhua Regard Manufacturing Company USA
A6H,AXIS
A6H,VECTOR
A6H,BAD BOY
A6H,HISUN
A8M,Massimo Motor Sports
AA9001,Echo Accessories
AA9HN1,Desert Wolf
AA9KY1,Conqueror Trailer
AAH,HENRED FRUEHAUF
AAW,Challenger Trailer
ABT,Diamond City Trailer
ABV,Venter
ADC,Echo Accessories
ADM,Hummer
AE9MT1,Backdraft
AF9EJ1,Bushwakka
AF9FG1,Kevin Mc Ardle
AF9SZ2,Bush Lapa
AF9TA2,My Getaway Camper
AFV,Freightliner
AG2,"GLV, LLC"
AT5,TUT
BCA,Brewer Cote Southwest
CBC,Carolina Boats & Cars
H09ACC,Atlas Copco
H09ACC,Chicago Pneumatic
H09DLL,Allbetter
H09DLL,Belyoo
H09DLL,Urdream
H09DLL,Cogsun
H09DLL,Oulead
H09DLL,HonShine
H09DLL,Maike
H09FMX,EVFMX
H09PLE,"PowerLink Energy Tech (Shanghai) Co.,Ltd."
H09PLE,"Powerlink Energy, Inc"
H09RLC,Reliance Trailer
H09SHT,Hightop Group
H09SKJ,KangJie
H09SLJ,Jinlijing
H09YZM,Yanzhimei
H0D,LIEFAN
H0D,ANLIE
H0D,FENGYUAN
H0J,AODES
H0L,YU AN
H0N,OPTRAFFIC
H0R,UNIV
H0U,VALIANT
H1M,Eli
H1N,Allroad
H2D,Rawatron
H2D,Xiangyu
H2D,Aventura-X
H2D,ZeraEnergy
H2D,Luying
H2E,BOSHENG
H2H,Nicot
H2N,ETOFOODCARTS
H2U,"TOOL TRAILER USA (Jinhua Better Trailer Manufacturing Co., LTD)"
H2W,E Ride Pro
H3A,Tianzong
H3B,Hummingbird
H3B,Dream Fly
H3Y,Dahe
H3Y,79Bike
H3Y,Titaone
H7L,Davinci
H7Y,Guang Chuan
H84,Benda
H9X,Xinben
HA0,PALLA
HA0,PARRAY
HA0,PAIDM
HA0,PAITS
HA6,NIU
HA9MAH,LEIDIAN
HB3,"HSU DRAGON TECHNOLOGY CO., LTD."
HD1,ECOOTER
HD1,"WUXI DAYANG ELECTRIC TECHNOLOGY CO., LTD. / DAYANG"
HDR,Harley-Davidson
HG6,NAXEON
HJ5,YiYing
HL3,JIANBU
HL4,Moto Morini
HL5,CHITE
HSL,Velocifero
HT5,JINGYINGJIANSHE
HT5,ZHUBEN
HT5,FENGLING
HU3,SURRON
HZ2,ZHILONG
J81,Chevrolet
J81,Geo
J87,Isuzu
J87,Asuna
J8B,Chevrolet
J8C,Isuzu
J8D,GMC
J8T,Isuzu
J8Z,Chevrolet
JA3,Mitsubishi
JA4,Nissan
JA4,Mitsubishi
JA7,Mitsubishi
JAA,Isuzu
JAB,Isuzu
JAC,Isuzu
JAE,Acura
JAL,Chevrolet
JAL,Hino
JAL,Isuzu
JAM,Isuzu
JB3,Dodge
JB4,Dodge
JB4,Mitsubishi
JB7,Dodge
JC1,Mazda
JC1,Fiat
JC2,Ford
JCB,Jimmy's Custom Built Trailers & Fabrication
JD1,Daihatsu
JD2,Daihatsu
JE3,Eagle
JE4,Eagle
JF1,Toyota
JF1,Subaru
JF2,Subaru
JF3,Subaru
JF4,SAAB
JFE,MEIDUO
JG1,Chevrolet
JG1,Geo
JG2,Pontiac
JG7,Suzuki
JGC,Suzuki
JGT,GMC
JGT,Suzuki
JH1,Honda
JH2,Honda
JH3,Honda
JH4,Acura
JH6,Hino
JH7,Hino
JH8,Hino
JHA,Hino
JHB,Hino
JHC,Hino
JHH,Hino
JHL,Honda
JHM,Honda
JJ3,Mitsubishi
JK1,Kawasaki
JK8,Kawasaki
JKA,Kawasaki
JKB,Kawasaki
JKS,Suzuki
JL6,Mitsubishi Fuso
JL6,RIZON
JL7,Mitsubishi Fuso
JLS,Mitsubishi Fuso
JM1,Mazda
JM2,Mazda
JM3,Mazda
JN1,Nissan
JN1,Infiniti
JN1,Datsun
JN3,Nissan
JN3,Infiniti
JN6,Chevrolet
JN6,Nissan
JN8,Nissan
JN8,Infiniti
JNA,UD
JNE,UD
JNK,Infiniti
JNM,JNM Equipment
JNR,Infiniti
JNT,Infiniti
JNX,Infiniti
JP3,Plymouth
JP4,Mitsubishi
JP4,Plymouth
JP7,Plymouth
JP9003,Mitsubishi
JP9003,Suzuki
JP9003,Daihatsu
JP9008,"Light Boy Co., Ltd."
JPA,International
JPB,International
JPE,International
JR2,Isuzu
JS1,Suzuki
JS2,Suzuki
JS3,Suzuki
JS4,Suzuki
JSA,Suzuki
JSA,Kawasaki
JSK,Kawasaki
JSL,Kawasaki
JT2,Toyota
JT3,Toyota
JT4,Toyota
JT5,Toyota
JT6,Lexus
JT8,Lexus
JTD,Toyota
JTE,Toyota
JTE,Lexus
JTE,Subaru
JTH,Lexus
JTJ,Lexus
JTK,Toyota
JTL,Toyota
JTM,Toyota
JTM,Subaru
JTN,Toyota
JW6,Mitsubishi Fuso
JW7,Mitsubishi Fuso
JY4,Yamaha
JYA,Yamaha
JYE,Yamaha
KF9003,Elco Industries
KF9005,BLITZ MOTORS
KF9005,BLITZ Electricride
KFB,Freightliner
KL1,Chevrolet
KL2,Pontiac
KL4,Buick
KL5,Suzuki
KL7,Chevrolet
KL8,Chevrolet
KL9B9E,DY Innovate Corporation
KL9CGA,DAECHANG MOTORS COMPANY LIMITED
KL9CGA,Route17
KL9EF7,Tago
KLA,Daewoo
KLM,ATT R&D
KLP,CT&T America
KM1,United Motors of America
KM4,Suzuki
KM4,"KR Motors Co., Ltd."
KM4,Hyosung Motors & Machinery
KM8,Hyundai
KME,Hyundai
KMF,HMC
KMH,Hyundai
KMH,Genesis
KMT,Genesis
KMU,Hyundai
KMU,Genesis
KMU,HMC
KMY,"DAELIM MOTOR CO., LTD"
KN9CAU,BOGO
KN9CGS,VESTA
KNA,Kia
KND,Hyundai
KND,Kia
KNJ,Ford
KNM,Nissan
KPH,Mitsubishi
KPS,Korando
KUS,ULB Corporation
KUT,ULB Corporation
L06,"Taizhou Nebula Power Co., Ltd"
L08,Apollo
L0E,Nanchang Freedom Technology Limited Company
L0H,Zhongmao
L0X,Ecocruise
L13,SHANDONG BAOYA NEW ENERGY VEHICLE
L1E,Diamo
L1E,Taizhou Oming Motorcycle
L1P,CHONGQUING DAJIANG MOTORCYCLES
L1T,DOOHAN
L1T,SUNTERA
L2B,BAODIAO
L2B,BOOM
L37,Huzhou Daixi Scooters
L37,Malon
L37,DAIX
L3J,SACIN
L3J,SKYTEAM
L3Y,Ningbo Motorcycle Factory
L43,ZHEJIANG LONGWISE TECHNOLOGY CO
L4B,Nikota USA
L4F,Suzhou Eagle Electric Vehicle
L4G,Qunsheng Group
L4H,Genuine Scooters
L4H,Longjia
L4H,Chicago Scooter Company
L4H,SSR Motorsports
L4H,Longjia or Buccaneer (SSR Motorsports)
L4M,Marshell
L4S,ZHEJIANG XINGYUE VEHICLE CO
L4T,Tank Sports
L4V,KTMMEX
L4V,Dazon ( Arizona) Inc DBA DZ Motorcyle Rentals
L4W,Jinhua Yongqiang Vehicles Factory
L4Y,Qingqi Group Ningbo Rhon Motorcycle
L4Y,"Ningbo Dalong Smooth Locomotive Industry Co., Ltd."
L5C,ZHEJIANG KANGDI VEHICLES
L5D,Dafu
L5M,"NINGBO KANGDA BICYCLE CO., LTD."
L5N,Jinyun County Xiangyuan Industry Co.
L5N,TAOTAO
L5R,Royal Alloy
L5T,"Yongkang MTL Metal Products Co., Ltd."
L5X,UBCO
L5X,YADEA
L5Y,ZNEN
L5Z,Wuzheng North America
L69FYK,Shandong Zhongtong Feiyan Automobile
L6F,Shandong Liangzi Power Co. Ltd.
L6J,KAYO
L6K,Shanghai Howhit Machinery Manufacture
L6M,TMEC
L6T,Zeekr
L7K,TROXUS
L7K,FM
L7Y,Jekeen
L7Z,"SHANGHAI FU QUAN AUTOMOBILE MANUFACTORY CO., LTD."
L81,Qingdao Singamas
L82,"JIANGMEN SINO-HONGKONG BAOTIAN MOTORCYCLE INDUSTRIAL CO., LTD."
L83,EVANGEL
L83,EMBUGGY
L8X,HUAWIN
L8Y,ZHEJIANG JMSTAR SHENKE MOTORCYCLE CO
L8Y,JONWAY
L9N,TAOTAO
L9N,DENAGO
L9N,GOTRAX
LA2,Her Chee
LA8,Anhui Ankai
LA910E,Wuling Dash
LA9AKK,KUNKE
LA9ATC,Centech Specialty Vehicles
LA9BFC,Beijing North Huade Neoplan Bus
LA9CFR,Nanzong
LA9CJC,LITA
LA9CLW,CLW9021XLG
LA9DC1,DACHI GOLF CART
LA9FCC,Fujian Changchun (Special Vehicle Mfg)
LA9GFC,Rhyno
LA9HBC,"Hebei Changhua Special Vehicle Co., Ltd."
LA9HTK,Windrose Technology
LA9HZG,Chanje
LA9JRR,Yantai Jereh Oilfield Service Group Co.
LA9JXK,Jiangxi Kama Business Bus Co.
LA9KTF,ECOCAMPOR
LA9LC0,BYD
LA9LYB,GreenPower
LA9LYB,YAXING
LA9NJX,NJSTAR
LA9PWS,Golden Guard Card
LA9PWS,Mingtai
LA9SAN,"SANY HEAVY INDUSTRY CO., LTD"
LA9SYL,"Henan MOBO Electric Technology Co., Ltd"
LA9SZJ,"Shenzhen Cimc Heavy Industries Co., LTD"
LA9TJV,"Zhumadian Dali Tianjun Special Vehicle Manufacturing Co.,Ltd"
LA9XWS,Xiamen Xiagong Yuwei Heavy Industry Co.
LA9YHD,Yantai Haide Special Auto Works
LA9ZBK,Erie Industries
LA9ZBK,EINGP
LA9ZGC,KEYU
LA9ZGC,JINMAYI
LA9ZKD,KANDI
LAA,Jialing
LAE,Qingqi
LAE,SSR
LAE,Pioneer
LAE,Hardknock
LAL,Honda
LAL,Sundiro  Honda Motorcycle Co. Ltd
LAN,Yamasaki
LAT,Luoyang Northern
LAT,Dayang
LAW,Qianjiang Motorcycles
LAW,UM Motorcycles
LAY,Nanfang Space Navigation Science & Technology
LB2,Geely
LB2,"ZHEJIANG GEELY MING INDUSTRIAL CO., LTD / SONDORS"
LB2,JIMING
LB2,Geely Group Zhejiang Motorcycle Co Ltd
LB2,"ZHEJIANG GEELY MING INDUSTRIAL CO., LTD / COLEMAN"
LB2,"GEELY GROUP ZHEJIANG MOTORCYCLE CO., LTD / COLEMAN"
LB4,YINXIANG
LB4,BMS
LB4,JLM
LB4,CHEETA
LB4,XIANFENG
LB4,FEKON
LB4,XIANGJIANG
LB4,HYOSUNG
LB5,Foshan Fosti Motorcycle Manufacturing Co.
LB5,Fosti
LB7,KOVE
LBB,Zhejiang Qianjiang Motorcycle
LBB,Harley-Davidson
LBB,Benelli
LBB,QJMOTOR
LBB,QJTEC
LBB,B Motobi
LBP,Yamaha
LBU,Jinpeng
LBX,Kinroad Xintian Motorcycle Manufacture Co.
LC0,BYD
LC2,KYMCO
LC3,Wuxi Jinhong Motorcycle Co.
LC3,Jinhua Shiwei
LC4,Li Yang
LC6,Suzuki
LCA,Long Chih Industrial
LCE,KTM
LCE,Chunfeng
LCE,CFMOTO
LCE,ZEEHO
LCS,SunHou
LCS,Zoondy
LD5,Benzhou Vehicle Industry Group Co.
LD6,ZHEJIANG LEIKE MACHINE INDUSTRY CO
LDF,Fulu
LDF,Landscape
LDF,Wildfire
LDU,Mishozuki
LDU,Nazaxx
LDU,CAOFEN
LDU,HUANGHE
LDU,CHONGQING HUANGHE / MASSIMO
LDW,Dongguan Yongqiang Vehicles
LDY,Taizhou Jiaojiang Zhiwei Motorcycle
LE6,Hongdou Group Chituma Motorcycle Company
LE8,"GUANGZHOU PANYU HUANAN MOTORS GROUP CO., LTD."
LE8,Amigo Motors
LE8,LANCE
LEC,Tianjin Qingyuan Electric Vehicle Co
LEC,Miles
LEH,ZHEJIANG RIYA MOTORCYCLE CO
LEH,Chicago Scooter Company
LES,Isuzu
LEX,"Exigis, Inc."
LF3,LIFAN INDUSTRY
LFE,MEIDUO
LFE,SenLing
LFE,SUPERMACH
LFF,ZHEJIANG TAIZHOU WANGYE POWER CO
LFF,Spira
LFF,Wangye
LFF,Sanden
LFF,United Motors
LFF,Motofino
LFF,Laoye
LFF,Huazai
LFF,Yongxin
LFF,Hanhu
LFF,Yueben
LFF,Pulada
LFF,Xinlvjiayuan
LFG,Taizhou Chuanl Motorcycle Manufacturing
LFG,TARO
LFP,Faw Jiaxing Happy Messenger
LFU,REGAL RAPTOR
LFX,VOLTZ
LFX,SANY
LFY,CHANGSHU LIGHT MOTORCYCLE FACTORY
LFY,ZHEJIANG LUYUAN ELECTRIC VEHICLE / LUYUAN
LFY,LYVA
LFY,gio
LFY,hmp
LG0,"YONGKANG EAGLE MOTOR CO., LTD"
LG0,EGLMOTOR
LG9BYD,BYD
LGA,SAW
LGM,DONGGUAN TAILING ELECTRIC VEHICLE
LGX,BYD
LHA,SHENZHEN GREENWHEEL ELECTRIC VEHICLE
LHJ,BASHAN
LHJ,SSR Motorsports
LHJ,BASHAN/BMS
LHJ,BASHAN/RAVEN
LJ4,SHANGHAI JMSTAR MOTORCYCLE
LJ5,CIXI KINGRING MOTORCYCLE CO
LJ7,ZHONGXING
LJC,Jincheng Corporation
LJL,ZHEJIANG LINGYU VEHICLE INDUSTRY CO
LJR,CIMC VEHICLES GROUP CO
LJU,Lotus
LK8,ZAP
LK8,YULE
LK8,JONWAY
LKK,Jiangsu Jinjie Motor Manufacture Co.
LKX,WOLF
LKX,FREEDOM SCOOTERS
LL0,Yongfu
LL8,Linhai
LLA,SHANGHAI HONLING MOTORCYCLE MANUFACTURE
LLC,Kinlon
LLC,Loncin
LLE,Chin Yuan Chi Casting Corp
LLF,SHINN FU
LLJ,HORWIN
LLJ,XINLING
LLJ,MODERNFOX
LLJ,HEROWAY
LLJ,LEDOW
LLJ,HISUNYES
LLJ,BASHI
LLM,ZheJiang Lingtian Motorcycle Co Ltd
LLP,JIAJUE
LM0,TEYIN
LM1,Suzuki
LM4,Suzuki
LM4,Kawasaki
LM5,Isuzu
LMF,"JIANGMEN ZHONGYU MOTOR (GROUP) CO., LTD."
LN1,Suzuki
LN2,"GLOBAL FACTORY PRODUCTS, INC"
LN4,"Zhejiang Kinye Motor Vehicle Co., Ltd."
LP4,DACHI GOLF CART
LP5,"TIANMA MOTORCYCLE CO., LTD."
LP6,"GUANGZHOU PANYU HAOJIAN MOTORCYCLE INDUSTRY CO., LTD"
LPE,BYD
LPG,JiLu
LPK,Pheonix
LPP,NANCHANG AIRCRAFT MFG. CO
LPR,Yamaha
LPS,Polestar
LPY,China Baotian Motorcycle
LR4,UBCO
LR4,YADEA
LRB,Buick
LRB,Cadillac
LRE,Cadillac
LRP,Chongqing Rato
LRR,Longjia
LRR,Keeway
LRR,MBP
LRR,Morbidelli
LRR,Victoria
LRR,Victoria Motorrad
LRY,Kainuo
LRY,Haonuo
LRY,Haoying
LRY,JN
LS8,SHAOLIN BUS
LSB,SHANGHAI HUIZHONG AUTOMOTIVE MANUFACTURING
LSE,"Foshan Shunde F1 Transport Engineering Co., Ltd"
LSG,Cadillac
LSR,Chongqing Hi-Bird Motorcycle
LT1,Yangzhou Tonghua Semi-Trialer
LT4,Taizhou Jiaojiang Zhiwei Motorcycle
LT4,CHEETA
LT4,XIANFENG
LT4,ZHWEKI
LT4,SHENQI
LT4,WANQIANG
LT8,China Taishan Group
LTB,GUANGDONG QINGXIN LIANTONG INDUSTRY CO. LTD.
LTD,Taixing Sandi Motorcycle
LTE,Champ
LTS,International Transit System
LTU,SEGWAY
LUA,Hensim
LUJ,TEYIN
LUV,LIANYUNGANG UNIVERSAL SPECIAL PURPOSE
LV2,"Jiangsu Lvneng Electrical Bicycle Technology Co, Ltd."
LV7,Qingqi
LVC,Beiqi Foton Motor / Beijing Bus Branch
LVE,Beiqi Foton Motor / Beijing Bus Branch
LVN,NoGas Electric Scooter Co
LVP,Dongfeng
LVW,First United Industrial Foshan
LVY,Volvo
LW0,Wenzhou Light Motorcycle Co.
LWB,Honda
LWE,Yangtse River
LWG,Chongqing Huansong Industries
LX6,Jiangmen City Huari Group Co. LTD
LXA,Qipai
LXD,DONGFANG
LXE,Jiangsu Sinski Vehicle Science & Technology Co.
LXE,SINSKI
LXE,MADEFOR
LXK,Shanghai Meitian Motorcycle Company
LXM,Xiamen Xiashing Motorcycle Co.
LXR,Sunra
LXR,Xinri
LXR,Moonra
LXR,Numi
LXR,CRUZER
LXR,New Wave
LXS,Guangzhou Dayang Motorcycle Co Ltd
LXY,Shineray
LXY,Genuine
LY4,SSR Motorsports
LY4,Yingang
LY4,Freedom Motor Company
LYD,"Taizhou City Kaitong Motorcycle Manufacture Co.,Ltd"
LYD,MEIDUO
LYD,YIBEN
LYE,Chongqing Kaier Motorcycle
LYH,"NINGBO SANJIANG DYKON MOTORCYCLE CO., LTD."
LYS,Vmoto
LYV,Volvo
LYX,Jiangsu Sinski Sonik Motor Technology Co.
LYZ,ARIIC
LZ9373,ZTPOWERSTATION
LZ9EJH,"HUBEI JINGHENG SPECIAL PURPOSE VEHICLE CO.,LTD"
LZ9HZG,Chanje
LZ9JLF,Orange RV
LZ9SSY,BOZEMAN TRAILERS
LZB,SANYOU
LZE,Diamonback
LZL,ZENGCHENG HAILI MOTORCYCLE CO
LZP,China Baotian Motorcycle
LZR,JNEN
LZR,JINGLONG
LZR,GANGTIEXIA
LZR,"Zhejiang Jiajia Juneng Motorcycle Technology Co., Ltd."
LZR,Keeway
LZR,MBP
LZS,Chongqing Zongshen Automobile Industry
LZS,Electra Meccanica Vehicles Corp.
LZS,"Zongshen Industrial Group Co., LTD."
LZS,"Chongqing Zongshen Automotive Industry Co., Ltd."
LZX,E Z Ryder Motor
MAJ,Ford
MBF,Royal Enfield
MCU,Mahindra
MCV,Mahindra
MD2,KTM
MD2,Husqvarna
MD2,Bajaj Auto
MD9101,Inder Tool Industries
MD9142,INOX INDIA LIMITED
MD9357,BULLSTON
MDE,KINETIC ENGINEERING LTD.
ME3,Royal Enfield
ME3,Royal Enfield Highway Motorcycle
ME3,Royal Enfield Highway Motorcycle and J Product family
MH3,Yamaha
MH4,Kawasaki
ML0,Ducati
ML3,Mitsubishi
ML5,Kawasaki
MLC,Suzuki
MLH,Honda
MLP,"Tiger Motor Co., Ltd."
MLW,Royal Alloy
MLY,Harley-Davidson
MN3,Eagle
MP3,Plymouth
MP7,PANUS
MRC,Upbeat Co. Ltd
MXV,"URAL (IMZ-KAZAKHSTAN, LLC)"
MZD,Classic Legends
N51,NEA
NLF,Koluman
NLN,KARSAN
NLT,Temsa
NM0,Ford
NMT,Toyota
NP9168,Basoglu Karavan Sanayi ve Ticaret A.S.
NP9176,CAZGIRCAZGIR-TOCCAZGIR CRYOGENICS
NP9299,TECAM MAKINA OTOMOTIV TEKSTIL CADIR INSAAT ENERJI DIS TICARET
NR9442,VERTISA TRAILER
NR9493,Putzmeister
NR9810,DA'TINY Homes
NRY,Pilotcar
PA9005,Smittybilt
PAG,Zero Motorcycles
PF9001,Dowell Schlumberger Int'l
PF9002,Sin Trans
PFD,Hyundai
PL9056,GEMILANG
R12,"Xinri E-Veh Hongkong Co., Limited dba Jiangsu Xinn International Trading"
R19018,Tune
R1A,JHC
R1J,MEV
R1N,NIU
R1R,Dongma
R1S,Greenman Machinery Group(HK)Limited
R1V,Compaks
R2A,Scootercar
R2F,DENZEL
R2F,LOJO
R2F,KY
R2F,ML
R2F,LUJO
R2F,SUNPULSE
R2F,WINMAX/SOLAR
R2H,LOJO
R2H,KY
R2H,YW
R2H,LU
R2L,Hongdu
R2T,SoverSky
R2T,move eco
R2T,Fatbear Scooters
R2T,3pluscoco
R2T,High-tech
R2T,ALIEN ATV
R2T,CITY COCO
R2V,DOGEBOS
R2W,SMARDA
R2W,GAEA
R2W,SUNCYCLE
R2W,YIDE
R2W,Smarda Scooter
R2W,Smarda Soversky
R2X,PUVITER
R33,WECARE
R33,WEBETTER
R35,PICKMAN
R36,SHANSU
R38,KING HK INTERNATIONAL TRADING LIMITED
R3B,Munro
R3B,Jianshe
R3C,bnecozone
R3C,veleco
R3C,RDB
R3C,ERIDE
R3C,EKOMOTO
R3C,EMOTO
R3C,THOR
R3C,Trotty
R3F,HANYI
R3F,MINGLI
R3F,HANSHENG
R3G,Fiberglass Bread
R3G,Rectangle
R3G,HANSHENG / Airstream
R3G,HANSHENG / Retro
R3G,Summer Ice Cream
R3G,Department Store
R3J,DENZEL
R3J,TRIDENT
R3M,MANGOSTEEN
R3M,eAhora
R3M,SoverSky
R3R,DIMEN
R3W,RUNHORSE
R3W,JINMA
R3W,eTrikeCo
R3W,Envirotech Vehicles
R41,ENGTIAN
R41,TRANSPRO
R45,HORWIN
R46,Flux
R46,Cheerdmoto
R46,Rain
R46,Vtron
R46,Vtron Moto
R46,EVenture Powersports
R46,Icon (Xiyao)
R46,EVenture (Xiyao)
R4C,DOFERN
R4F,HOIRO
R4N,Elyx Smart
R4N,Zebra
R4X,MiLG
R4X,Emove
R56,LI QIAN 
R5B,GAIA
R5C,SUMEC
R5H,HANBIRD
R61,YIESON
R62,ATLANT
R62,SINOTECH
R62,FLASH
R62,WUXI SINOTECH
R6C,Honlu
R6C,Wehope
R6J,NEWBOT
R6P,SILANG
R6P,MAICHE
R6U,AMO
R6U,Vseiko
R74,MKING
R75,ANCHI
R75,FLY WING
R76,Oriental Shimao
R77,SEAHISUN
R78,WANWEI
R78,FLISTAR
R7D,ZZKNOWN
R7E,ZZKNOWN
R7M,ZZKNOWN
R7N,DAYI MOTOR
R7S,WINK MOTORS INC
R8B,RUNHORSE
R8B,JINMA
R8B,eTrikeCo
R8B,Envirotech Vehicles
R8C,RINNAI
R8C,"WUXI TENGHUI INTERNATIONAL CO., LIMITED / ENGTIAN"
R8F,SKYBLUE
R8F,SODO
R8G,ORA
R8G,MEGA
R8G,WUSUN
R8G,ORA GROUP / PEERLESS
R8H,Veli
R8M,Allbetter
R8M,Belyoo
R8M,NO
R8M,HK ULEAD / UD
R8M,Urdream
R8M,Goeasy
R8M,Cogsun
R8M,High Quality
R8N,HELI
R8N,PINGANDAYUN
R8R,GREENFIST
R8S,YUHANZHEN
R8S,DINGYITOP
R8S,KUNIU
R8S,QIJUE
R8S,YASHIXIN
R8S,B.E.S.T
R8V,Rev
R8V,E-Wagon
R8V,Today Sunshine
R8V,Neo
RA9007,NAFFCO
RA9015,Al-Assri
RF3,Yamaha
RF3,Polaris
RF3,CAN-AM
RF3,Aero
RF4,WHIZZER
RF8,EVT
RFB,KYMCO
RFC,Taiwan Golden Bee
RFD,Suzuki
RFG,SYM
RFG,BRP
RFG,LANCE
RFL,ADLY
RFL,Lambretta
RFR,Standard Motor Corporation
RFT,CPI
RFV,Genuine Scooters
RFZ,E-TON
RG1,Apex Motor
RGS,KYMCO
RK1,Yamaha
RK1,E-Ton I
RK1,E-Ton II
RK1,E-TON
RK6,Kawasaki
RK7,Kawasaki
RKC,RHINO
RKP,Aero MotorSports
RKR,Yamaha
RKZ,Taiwan Helio Technology Co.
RL7,Gelimex JSC
RL8,LIFAN-VIETNAM MOTOR
RL9001,SAI GON CHAN PHAT JOINT STOCK COMPANY
RL9002,HUNG DAO CONTAINER CO
RLH,Honda
RLL,VinFast
RLP,KYMCO
RLV,BRP
RLV,Widescape
RMF,THACO TRAILERS
RMT,Tan Thanh
RMT,Tan Thanh / Superior
RN0,THACO
RNV,Rhino Chassis
RPG,GCK Industrial
RSA,Freightliner
RSB,Freightliner
RTJ,ARABIAN METAL INDUSTRIES LTD.
S21,Polaris
SA1,RAP
SA1,SCOOBIC
SA9004,
SA9005,Panther
SA9020,M & G
SA9022,Triking
SA9112,Honnor Marine Ltd
SA9123,Vipex Ltd.
SA9141,Wrightbus
SA9149,Snorkel
SA9159,Martin Conquest
SA9173,Rondar Raceboats
SA9202,
SA9204,TRAILER-LIFT LTD.
SA9231,Peel
SA9350,P.50
SA9457,The Little Car Company
SA9472,ARC
SA9534,Hedley Studios
SA9A11,
SA9J00,
SAD,Jaguar
SAJ,Jaguar
SAL,Land Rover
SAT,Triumph
SAX,Sterling Motor Car
SAY,Norton MotorCycles
SB1,Toyota
SBD,EQUI-TREK
SBM,McLaren
SBS,Scammell
SBV,Peterbilt
SBV,Kenworth
SC0,ABI Caravans Ltd
SC6,INEOS
SCA,Rolls-Royce
SCB,Bentley
SCC,Lotus
SCE,DeLorean
SCF,Aston Martin
SCR,Carbodies
SD7,Aston Martin
SD8,Moke
SDR,Richardson Rice Trailers Ltd
SE3,FORST
SE4,Maeving
SEG,Dennis
SEG,Penske
SF3,GY DEVICE
SF6,Throne Cycles
SF6,Bocebike
SF6,SRPNT
SFB,Electrostorm
SFE,Alexander Dennis Limited
SFN,Kenworth
SFZ,Tesla
SH3,SVN-CART
SH7,INEOS
SHH,Honda
SHS,Honda
SJ1,REE
SJA,Bentley
SJB,Brian James Trailers
SJJ,Fulu
SJJ,Lichi
SJK,Nissan
SJK,Infiniti
SJZ,Autocar Ltd
SKP,Rayttle
SLA,Rolls-Royce
SLJ,LUQI
SLJ,ESOMOTO
SLN,Niftylift
SMT,Triumph
SN1,Polaris
SNZ,Muz of North America
SU9ME1,Metbox
SU9SL2,Screen-Led
SVE,GOVECS
SVS,A Smith GT Bentley
SZC,Vectrix SP. Z.O.O.
TA9144,1955 Custom Belair
TAP,Polaris
TCP,PERAVES AG
TDM,Quantya SA
TK9SD7,RHC Specialni Privesy
TLF,KUBERG
TLJ,JAWA
TMC,Costin sports car
TRU,Audi
TYB,Mitsubishi Fuso
U1V,Van Hool
U5Y,Hyundai
U5Y,Kia
U89WL9,WILDERWISE 
UBM,"Torrot Electric Eupoa, S.L."
UC5,LACF
UCV,Volta Motor Company SL
UDU,Stark Future
UH2,THULE Trailers
UH2,BRENDERUP TRAILERS
UH5,City-el
UH6,Mustang Trailer A/S
UHL,Camp-Let
UJG,Garia
UKR,KRONINGS
UN9092,REWARD CATERING LTD
UU3,ARO SA
V39AB8,RIMAC
V61,Respo
V69011,Trucks & Trailer OU
V6E,ARCAS TRAILER
V6E,MDSC Systems
V6T,Verge
VA9RB1,Rosenbauer
VBK,KTM
VBK,Husqvarna
VBK,Husaberg
VBK,GasGas
VCF,Fisker
VF1,Eagle
VF1,Renault
VF3,Peugeot
VF9045,ADOC
VF9391,Cryolor
VF9795,Bugatti
VF9964,MAC3
VFM,Esterel
VG5,Yamaha
VG6,Mack
VG8,Mack
VG9021,OZI CONCEPT
VG9036,BEAUER
VGA,Peugeot Motorcycles
VGY,LOHR
VKD,Cheval Liberte
VL4,Bluecar
VME,JLFD Production (Fautras Horse Trailers)
VNB,Sherco
VNE,Irisbus France
VNK,Toyota
VRC,Verucci Motorcycles LLC
VS9016,Irizar
VS9031,Carrocerias Ayats
VTD,Honda
VTH,Derbi
VTM,Honda
VTT,Suzuki
VV1,Lecitrailer S.A
VX1,YUGO
W04,Buick
W06,Cadillac
W06,Opel
W08,Opel
W08,Saturn
W09A24,AUWAERTER-ANHAENGER UND AUFBAUTEN GMBH & CO. KG
W09F57,Twike Fine Motor GmbH
W09P06,Paus
W09R06,RUF
W09R09,AMPHI-RANGER
W09R38,Rewaco Spezialfahrzeuge GMBH dba Rewaco
W09T06,JAKOB THALER
W09T45,ROADSTERTEC
W09Z16,ZECK GMBH
W0L,Opel
W0V,Opel
W1H,Freightliner
W1K,Mercedes-Benz
W1N,Mercedes-Benz
W1W,Mercedes-Benz
W1X,Mercedes-Benz
W1Y,Mercedes-Benz
W1Z,Mercedes-Benz
W2W,Freightliner
W2X,Freightliner
W2Y,Freightliner
W2Z,Freightliner
WA1,Audi
WAP,BMW
WAU,Audi
WB0,Bockmann Fahrzeugwerke GmbH
WB1,BMW
WB3,BMW
WB4,BMW
WB5,BMW
WB7,BLACK TEA MOTORBIKES
WBA,BMW
WBC,Boom Trikes
WBK,Albert Böcker GmbH & Co. KG
WBS,BMW
WBX,BMW
WBY,BMW
WCD,Freightliner
WD0,Dodge
WD1,Sprinter (Dodge or Freightliner)
WD2,Freightliner
WD2,Sprinter (Dodge or Freightliner)
WD3,Mercedes-Benz
WD4,Mercedes-Benz
WD4,Freightliner
WD5,Sprinter (Dodge or Freightliner)
WD6,Freightliner
WD7,American LaFrance
WD8,Dodge
WDA,Mercedes-Benz
WDB,Mercedes-Benz
WDB,Maybach
WDC,Mercedes-Benz
WDD,Mercedes-Benz
WDP,Freightliner
WDR,Freightliner
WDW,Dodge
WDX,Dodge
WDY,Freightliner
WDZ,Mercedes-Benz
WEB,EVOBUS
WEW,Kumpan Electric
WF0,Ford
WF1,MERKUR
WGG,Global Generation Cult
WHR,Harbeck 
WKK,Setra
WLA,LANGENDORF
WME,smart
WMW,MINI
WMZ,MINI
WP0,Porsche
WP1,Porsche
WPU,Putzmeister
WT9136,Twisted Hawaiian
WTK,TINBOT
WTK,KOLLTER
WU1,Audi
WUA,Audi
WV1,Volkswagen
WV2,Volkswagen
WV3,Volkswagen
WVG,Volkswagen
WVW,Volkswagen
WYB,Freightliner
WZ1,Toyota
X89AC5,Autokad
X8H,OKA
X8J,Irbitski Mototsicletny Zavod
X8J,URAL
XL9003,Kondor Coach Builders
XL9009,RIONED
XL9081,E.B.O. VAN WEEL 
XL9310,Trigger Technics BV
XL9363,Spyker
XL9486,Spyker
XL9530,EBUSCO
XL9551,MCD
XL9650,EXPANDABLE B.V.
XLW,TERBERG BENSCHOP B.V.
XMK,Atec Aanhangwagens
XPM,Vanclaes
XTB,Ural Sidecars & Solos
XZ1,mycar
Y69001,CENTRAL PURCHASING
Y69002,LORGANO
Y69003,LORGANO
Y79E81,ATL 20-40S
YA3,Atlas Copco
YA3,Chicago Pneumatic
YA3,American Pneumatic Tools
YA9284,Lefort
YAF,Faymonville
YB1,Volvo
YB3,Volvo
YC1,Honda
YE2,Van Hool
YH4,Fisker
YK1,SAAB
YS3,SAAB
YSM,Polestar
YSR,Polestar
YST,Retriever Motorcycles
YST,Retriever Trailers
YT1,BRIAB
YT9007,Koenigsegg
YV1,Volvo
YV2,Volvo
YV3,Volvo
YV4,Volvo
YV5,Volvo
YV6,Volvo
YW2,CAKE
YXF,Foldtrailer Ltd.
YYC,Th!nk
ZA9A12,Lamborghini
ZA9D39,Bugatti
ZA9F76,Pagani
ZA9K49,CRP Racing
ZA9M91,AUTOMOBILI PININFARINA
ZAC,Dodge
ZAC,Jeep
ZAC,Fiat
ZAC,Ram
ZAM,Maserati
ZAP,Piaggio and Vespa
ZAP,PIAGGIO
ZAP,VESPA
ZAR,Alfa Romeo
ZAS,Alfa Romeo
ZB0,MBI
ZB2,Motomarina
ZBB,Bertone
ZBG,Balbi Rimorchi Srl
ZBN,BENELLI Q.J. SRL
ZC2,Chrysler
ZCF,Iveco
ZCG,MV Agusta Motor
ZCG,Cagiva Motor S.P.A
ZCH,Di Blasi
ZD3,Beta
ZD4,APRILIA
ZDC,Honda
ZDM,Ducati
ZFA,Fiat
ZFB,Jeep
ZFB,Fiat
ZFB,Ram
ZFD,Ferrari
ZFF,Ferrari
ZFJ,PEZZAIOLI
ZFM,Fantic
ZFR,Pininfarina
ZGR,T.L.R. S.p.A
ZGU,Moto Guzzi
ZGZ,Oxygen SPA
ZHK,Movitron S.R.L.
ZHW,Lamborghini
ZJM,MALAGUTI S.P.A.
ZJP,Piccoli Motori
ZJT,ITALJET
ZKH,Husqvarna
ZLF,Tazzari GL SPA
ZLV,Laverda
ZN0,Europe - Italy
ZN6,Maserati
ZNA,OMC AXLES & TRAILERS s.r.l.
ZNN,ENERGICA
ZPB,Lamborghini
ZPR,Nito Bikes
ZRG,TAZZARI
ZRP,Bimota
ZSG,Ferrari
ZZ1,Tomos
ZZ3,MC MOTO
